activity_id,event_id,timestamp,host_id,src_ip,src_port,src_user,dst_user
net_ECqO1YwBBvI38zPExHV4,ECqO1YwBBvI38zPExHV4,2024-01-04 17:39:04.183000+00:00,004, ,, , 
net_ESqO1YwBBvI38zPExHV4,ESqO1YwBBvI38zPExHV4,2024-01-04 17:39:04.196000+00:00,004, ,, , 
net_FCqO1YwBBvI38zPExHV4,FCqO1YwBBvI38zPExHV4,2024-01-04 17:39:04.203000+00:00,004, ,, , 
net_GCqO1YwBBvI38zPExHV4,GCqO1YwBBvI38zPExHV4,2024-01-04 17:39:04.208000+00:00,004, ,, , 
net_GSqO1YwBBvI38zPExHV4,GSqO1YwBBvI38zPExHV4,2024-01-04 17:39:06.196000+00:00,004, ,, , 
net_GiqO1YwBBvI38zPExHV4,GiqO1YwBBvI38zPExHV4,2024-01-04 17:39:06.201000+00:00,004, ,, , 
net_HCqO1YwBBvI38zPExHV4,HCqO1YwBBvI38zPExHV4,2024-01-04 17:39:06.202000+00:00,004, ,, , 
net_HSqO1YwBBvI38zPExHV4,HSqO1YwBBvI38zPExHV4,2024-01-04 17:39:06.206000+00:00,004, ,, , 
net_ISqO1YwBBvI38zPExHV5,ISqO1YwBBvI38zPExHV5,2024-01-04 17:39:06.220000+00:00,004, ,, , 
net_IyqO1YwBBvI38zPExHV5,IyqO1YwBBvI38zPExHV5,2024-01-04 17:39:06.223000+00:00,004, ,, , 
net_KCqO1YwBBvI38zPExHV5,KCqO1YwBBvI38zPExHV5,2024-01-04 17:39:06.236000+00:00,004, ,, , 
net_KSqO1YwBBvI38zPExHV5,KSqO1YwBBvI38zPExHV5,2024-01-04 17:39:06.239000+00:00,004, ,, , 
net_CCqL1YwBBvI38zPEo3U0,CCqL1YwBBvI38zPEo3U0,2024-01-04 17:35:43.906000+00:00,004, ,, , 
net_CSqL1YwBBvI38zPEo3U0,CSqL1YwBBvI38zPEo3U0,2024-01-04 17:35:44.064000+00:00,004, ,, , 
net_CiqL1YwBBvI38zPEo3U0,CiqL1YwBBvI38zPEo3U0,2024-01-04 17:35:44.066000+00:00,004, ,, , 
net_DCqL1YwBBvI38zPEo3U0,DCqL1YwBBvI38zPEo3U0,2024-01-04 17:35:44.074000+00:00,004, ,, , 
net_DSqL1YwBBvI38zPEo3U0,DSqL1YwBBvI38zPEo3U0,2024-01-04 17:35:44.079000+00:00,004, ,, , 
net_DiqL1YwBBvI38zPEo3U0,DiqL1YwBBvI38zPEo3U0,2024-01-04 17:35:44.086000+00:00,004, ,, , 
net_'-yqK1YwBBvI38zPEM3SC,'-yqK1YwBBvI38zPEM3SC,2024-01-04 17:34:11.713000+00:00,004, ,, , 
net__yqK1YwBBvI38zPEQ3Q1,_yqK1YwBBvI38zPEQ3Q1,2024-01-04 17:34:15.673000+00:00,004, ,, , 
net_ASqK1YwBBvI38zPEQ3U1,ASqK1YwBBvI38zPEQ3U1,2024-01-04 17:34:15.688000+00:00,004, ,, , 
net_LCqR1YwBBvI38zPEIXXy,LCqR1YwBBvI38zPEIXXy,2024-01-04 17:41:44.615000+00:00,004, ,, , 
net_MyqR1YwBBvI38zPEIXXz,MyqR1YwBBvI38zPEIXXz,2024-01-04 17:41:44.655000+00:00,004, ,, , 
net_6CqJ1YwBBvI38zPEsnR7,6CqJ1YwBBvI38zPEsnR7,2024-01-04 17:33:37.680000+00:00,004, ,, , 
net_OyqW1YwBBvI38zPEr3Wv,OyqW1YwBBvI38zPEr3Wv,2024-01-04 17:47:45.231000+00:00,004, ,, , 
net_7CqJ1YwBBvI38zPEwnQt,7CqJ1YwBBvI38zPEwnQt,2024-01-04 17:33:41.620000+00:00,004, ,, , 
net_7iqJ1YwBBvI38zPEwnQt,7iqJ1YwBBvI38zPEwnQt,2024-01-04 17:33:41.621000+00:00,004, ,, , 
net_8yqK1YwBBvI38zPEL3Sx,8yqK1YwBBvI38zPEL3Sx,2024-01-04 17:34:09.658000+00:00,004, ,,sohaib,root(uid=0)
net_SiqZ1YwBBvI38zPEBXVR,SiqZ1YwBBvI38zPEBXVR,2024-01-04 17:50:22.577000+00:00,000, ,, , 
net_tiqJ1YwBBvI38zPEf3TC,tiqJ1YwBBvI38zPEf3TC,2024-01-04 17:33:25.537000+00:00,004, ,, , 
net_uCqJ1YwBBvI38zPEf3TC,uCqJ1YwBBvI38zPEf3TC,2024-01-04 17:33:25.545000+00:00,004, ,, , 
net_uSqJ1YwBBvI38zPEf3TC,uSqJ1YwBBvI38zPEf3TC,2024-01-04 17:33:25.548000+00:00,004, ,, , 
net_vCqJ1YwBBvI38zPEf3TC,vCqJ1YwBBvI38zPEf3TC,2024-01-04 17:33:25.692000+00:00,004, ,, , 
net_vSqJ1YwBBvI38zPEf3TC,vSqJ1YwBBvI38zPEf3TC,2024-01-04 17:33:25.759000+00:00,004, ,, , 
net_viqJ1YwBBvI38zPEf3TC,viqJ1YwBBvI38zPEf3TC,2024-01-04 17:33:25.806000+00:00,004, ,, , 
net_yiqJ1YwBBvI38zPEh3R4,yiqJ1YwBBvI38zPEh3R4,2024-01-04 17:33:27.689000+00:00,004, ,, , 
net_zCqJ1YwBBvI38zPEh3R4,zCqJ1YwBBvI38zPEh3R4,2024-01-04 17:33:27.706000+00:00,004, ,, , 
net_zyqJ1YwBBvI38zPEk3RT,zyqJ1YwBBvI38zPEk3RT,2024-01-04 17:33:29.771000+00:00,004, ,, , 
net_0SqJ1YwBBvI38zPEk3RT,0SqJ1YwBBvI38zPEk3RT,2024-01-04 17:33:29.818000+00:00,004, ,, , 
net_0yqJ1YwBBvI38zPEk3RT,0yqJ1YwBBvI38zPEk3RT,2024-01-04 17:33:29.893000+00:00,004, ,, , 
net_1CqJ1YwBBvI38zPEk3RT,1CqJ1YwBBvI38zPEk3RT,2024-01-04 17:33:29.919000+00:00,004, ,, , 
net_1SqJ1YwBBvI38zPEk3RT,1SqJ1YwBBvI38zPEk3RT,2024-01-04 17:33:29.919000+00:00,004, ,, , 
net_2SqJ1YwBBvI38zPEl3RC,2SqJ1YwBBvI38zPEl3RC,2024-01-04 17:33:31.555000+00:00,004, ,, , 
net_3CqJ1YwBBvI38zPEl3RC,3CqJ1YwBBvI38zPEl3RC,2024-01-04 17:33:31.583000+00:00,004, ,, , 
net_3iqJ1YwBBvI38zPEl3RC,3iqJ1YwBBvI38zPEl3RC,2024-01-04 17:33:31.639000+00:00,004, ,, , 
net_3yqJ1YwBBvI38zPEl3RC,3yqJ1YwBBvI38zPEl3RC,2024-01-04 17:33:31.643000+00:00,004, ,, , 
net_pSqJ1YwBBvI38zPEcHQH,pSqJ1YwBBvI38zPEcHQH,2024-01-04 17:33:19.493000+00:00,004, ,, , 
net_pyqJ1YwBBvI38zPEe3TJ,pyqJ1YwBBvI38zPEe3TJ,2024-01-04 17:33:23.517000+00:00,004, ,, , 
net_rCqJ1YwBBvI38zPEe3TJ,rCqJ1YwBBvI38zPEe3TJ,2024-01-04 17:33:23.566000+00:00,004, ,, , 
net_sCqJ1YwBBvI38zPEe3TJ,sCqJ1YwBBvI38zPEe3TJ,2024-01-04 17:33:23.645000+00:00,004, ,, , 
net_oCqG1YwBBvI38zPEbnQb,oCqG1YwBBvI38zPEbnQb,2024-01-04 17:30:03.224000+00:00,004, ,, , 
net_TSqb1YwBBvI38zPEinVC,TSqb1YwBBvI38zPEinVC,2024-01-04 17:53:05.602000+00:00,000, ,, , 
net_UCqb1YwBBvI38zPEinVC,UCqb1YwBBvI38zPEinVC,2024-01-04 17:53:05.739000+00:00,004, ,, , 
net_Uiqc1YwBBvI38zPELnU1,Uiqc1YwBBvI38zPELnU1,2024-01-04 17:53:45.888000+00:00,004, ,, , 
net_VCqc1YwBBvI38zPELnU1,VCqc1YwBBvI38zPELnU1,2024-01-04 17:53:45.971000+00:00,004, ,, , 
net_VSqc1YwBBvI38zPELnU1,VSqc1YwBBvI38zPELnU1,2024-01-04 17:53:45.995000+00:00,004, ,, , 
net_Viqc1YwBBvI38zPELnU1,Viqc1YwBBvI38zPELnU1,2024-01-04 17:53:45.999000+00:00,004, ,, , 
net_WCqc1YwBBvI38zPELnU1,WCqc1YwBBvI38zPELnU1,2024-01-04 17:53:46.138000+00:00,004, ,, , 
net_aCqh1YwBBvI38zPEpXUd,aCqh1YwBBvI38zPEpXUd,2024-01-04 17:59:46.636000+00:00,004, ,, , 
net_bSqh1YwBBvI38zPEpXUe,bSqh1YwBBvI38zPEpXUe,2024-01-04 17:59:46.666000+00:00,004, ,, , 
net_Zyqg1YwBBvI38zPEznUh,Zyqg1YwBBvI38zPEznUh,2024-01-04 17:58:48.557000+00:00,004, ,, , 
net_USqb1YwBBvI38zPEpXVh,USqb1YwBBvI38zPEpXVh,2024-01-04 17:53:14.611000+00:00,000, ,, , 
net_YCqd1YwBBvI38zPEXnXp,YCqd1YwBBvI38zPEXnXp,2024-01-04 17:55:06.244000+00:00,000, ,, , 
net_giqm1YwBBvI38zPEb3Xw,giqm1YwBBvI38zPEb3Xw,2024-01-04 18:04:59.595000+00:00,000, ,, , 
net_Yiqg1YwBBvI38zPEWXUR,Yiqg1YwBBvI38zPEWXUR,2024-01-04 17:58:21.638000+00:00,000, ,, , 
net_kCqq1YwBBvI38zPELXXR,kCqq1YwBBvI38zPELXXR,2024-01-04 18:09:05.417000+00:00,004, ,, , 
net_kyqq1YwBBvI38zPELXXR,kyqq1YwBBvI38zPELXXR,2024-01-04 18:09:05.428000+00:00,004, ,, , 
net_lCqq1YwBBvI38zPELXXR,lCqq1YwBBvI38zPELXXR,2024-01-04 18:09:05.454000+00:00,004, ,, , 
net_mSqq1YwBBvI38zPELXXR,mSqq1YwBBvI38zPELXXR,2024-01-04 18:09:07.433000+00:00,004, ,, , 
net_nSqq1YwBBvI38zPELXXS,nSqq1YwBBvI38zPELXXS,2024-01-04 18:09:07.439000+00:00,004, ,, , 
net_oCqq1YwBBvI38zPELXXS,oCqq1YwBBvI38zPELXXS,2024-01-04 18:09:07.449000+00:00,004, ,, , 
net_oSqq1YwBBvI38zPELXXS,oSqq1YwBBvI38zPELXXS,2024-01-04 18:09:07.457000+00:00,004, ,, , 
net_oyqq1YwBBvI38zPELXXS,oyqq1YwBBvI38zPELXXS,2024-01-04 18:09:07.456000+00:00,004, ,, , 
net_pCqq1YwBBvI38zPELXXS,pCqq1YwBBvI38zPELXXS,2024-01-04 18:09:07.463000+00:00,004, ,, , 
net_pSqq1YwBBvI38zPELXXS,pSqq1YwBBvI38zPELXXS,2024-01-04 18:09:07.464000+00:00,004, ,, , 
net_qCqq1YwBBvI38zPELXXT,qCqq1YwBBvI38zPELXXT,2024-01-04 18:09:07.515000+00:00,004, ,, , 
net_xiqx1YwBBvI38zPEZnUB,xiqx1YwBBvI38zPEZnUB,2024-01-04 18:16:57.891000+00:00,000, ,, , 
net_xyqx1YwBBvI38zPEZnUB,xyqx1YwBBvI38zPEZnUB,2024-01-04 18:16:57.896000+00:00,000, ,, , 
net_yiqx1YwBBvI38zPEZnUB,yiqx1YwBBvI38zPEZnUB,2024-01-04 18:17:00.282000+00:00,004, ,, , 
net_yyqx1YwBBvI38zPEZnUB,yyqx1YwBBvI38zPEZnUB,2024-01-04 18:17:00.327000+00:00,004, ,, , 
net_sCqs1YwBBvI38zPEsnU2,sCqs1YwBBvI38zPEsnU2,2024-01-04 18:11:47.823000+00:00,004, ,, , 
net_sSqs1YwBBvI38zPEsnU3,sSqs1YwBBvI38zPEsnU3,2024-01-04 18:11:47.823000+00:00,004, ,, , 
net_tCqs1YwBBvI38zPEsnU3,tCqs1YwBBvI38zPEsnU3,2024-01-04 18:11:47.831000+00:00,004, ,, , 
net_tSqs1YwBBvI38zPEsnU3,tSqs1YwBBvI38zPEsnU3,2024-01-04 18:11:47.831000+00:00,004, ,, , 
net_hyqn1YwBBvI38zPEH3Xf,hyqn1YwBBvI38zPEH3Xf,2024-01-04 18:05:47.316000+00:00,004, ,, , 
net_iCqn1YwBBvI38zPEH3Xf,iCqn1YwBBvI38zPEH3Xf,2024-01-04 18:05:47.405000+00:00,004, ,, , 
net_iSqn1YwBBvI38zPEH3Xf,iSqn1YwBBvI38zPEH3Xf,2024-01-04 18:05:47.407000+00:00,004, ,, , 
net_iyqn1YwBBvI38zPEH3Xf,iyqn1YwBBvI38zPEH3Xf,2024-01-04 18:05:47.412000+00:00,004, ,, , 
net_wiqv1YwBBvI38zPEy3Vl,wiqv1YwBBvI38zPEy3Vl,2024-01-04 18:15:14.127000+00:00,004, ,, , 
net_wyqv1YwBBvI38zPEy3Vl,wyqv1YwBBvI38zPEy3Vl,2024-01-04 18:15:14.174000+00:00,004, ,, , 
net_0Sqy1YwBBvI38zPEMHX2,0Sqy1YwBBvI38zPEMHX2,2024-01-04 18:17:48.452000+00:00,004, ,, , 
net_1Sqy1YwBBvI38zPEMHX2,1Sqy1YwBBvI38zPEMHX2,2024-01-04 18:17:48.601000+00:00,004, ,, , 
net_3Sqz1YwBBvI38zPErHXD,3Sqz1YwBBvI38zPErHXD,2024-01-04 18:19:20.790000+00:00,004, ,, , 
net_uCqv1YwBBvI38zPEYHVg,uCqv1YwBBvI38zPEYHVg,2024-01-04 18:14:39.601000+00:00,000, ,, , 
net_uSqv1YwBBvI38zPEYHVh,uSqv1YwBBvI38zPEYHVh,2024-01-04 18:14:39.602000+00:00,000, ,, , 
net_uyqv1YwBBvI38zPEcXXG,uyqv1YwBBvI38zPEcXXG,2024-01-04 18:14:49.294000+00:00,000, ,, , 
net_2iqy1YwBBvI38zPEuXXT,2iqy1YwBBvI38zPEuXXT,2024-01-04 18:18:23.368000+00:00,000, ,, , 
net_dyqi1YwBBvI38zPE8XVY,dyqi1YwBBvI38zPE8XVY,2024-01-04 18:01:07.571000+00:00,000, ,, , 
net_ACq91YwBBvI38zPELnad,ACq91YwBBvI38zPELnad,2024-01-04 18:29:49.966000+00:00,004, ,, , 
net_Ayq91YwBBvI38zPELnad,Ayq91YwBBvI38zPELnad,2024-01-04 18:29:50.011000+00:00,004, ,, , 
net_BCq91YwBBvI38zPELnad,BCq91YwBBvI38zPELnad,2024-01-04 18:29:50.030000+00:00,004, ,, , 
net_Biq91YwBBvI38zPELnad,Biq91YwBBvI38zPELnad,2024-01-04 18:29:50.031000+00:00,004, ,, , 
net_5Cq31YwBBvI38zPEqHUa,5Cq31YwBBvI38zPEqHUa,2024-01-04 18:23:49.216000+00:00,004, ,, , 
net_5yq31YwBBvI38zPEqHUa,5yq31YwBBvI38zPEqHUa,2024-01-04 18:23:49.378000+00:00,004, ,, , 
net_6iq31YwBBvI38zPEqHUb,6iq31YwBBvI38zPEqHUb,2024-01-04 18:23:49.386000+00:00,004, ,, , 
net_7Cq31YwBBvI38zPEqHUb,7Cq31YwBBvI38zPEqHUb,2024-01-04 18:23:49.396000+00:00,004, ,, , 
net__Sq81YwBBvI38zPEpnUE,_Sq81YwBBvI38zPEpnUE,2024-01-04 18:29:17.703000+00:00,004, ,, , 
net__iq81YwBBvI38zPEpnUE,_iq81YwBBvI38zPEpnUE,2024-01-04 18:29:17.702000+00:00,004, ,, , 
net_4iq01YwBBvI38zPE1XUH,4iq01YwBBvI38zPE1XUH,2024-01-04 18:20:44.775000+00:00,004, ,, , 
net_'-Cq51YwBBvI38zPED3V9,'-Cq51YwBBvI38zPED3V9,2024-01-04 18:25:13.349000+00:00,004, ,, , 
net_4Sq01YwBBvI38zPE0XVI,4Sq01YwBBvI38zPE0XVI,2024-01-04 18:20:44.775000+00:00,004, ,, , 
net_7iq41YwBBvI38zPEMHWt,7iq41YwBBvI38zPEMHWt,2024-01-04 18:24:19.262000+00:00,004, ,, , 
net_8Sq41YwBBvI38zPEknVr,8Sq41YwBBvI38zPEknVr,2024-01-04 18:24:48.008000+00:00,000, ,, , 
net_8yq41YwBBvI38zPEknVr,8yq41YwBBvI38zPEknVr,2024-01-04 18:24:48.862000+00:00,000, ,, , 
net_9Cq41YwBBvI38zPErXW2,9Cq41YwBBvI38zPErXW2,2024-01-04 18:24:57.922000+00:00,000, ,, , 
net_KSrF1YwBBvI38zPEq3a6,KSrF1YwBBvI38zPEq3a6,2024-01-04 18:39:02.953000+00:00,004, ,, , 
net_KyrF1YwBBvI38zPEq3a7,KyrF1YwBBvI38zPEq3a7,2024-01-04 18:39:04.921000+00:00,004, ,, , 
net_LSrF1YwBBvI38zPEq3a7,LSrF1YwBBvI38zPEq3a7,2024-01-04 18:39:04.935000+00:00,004, ,, , 
net_MCrF1YwBBvI38zPEq3a7,MCrF1YwBBvI38zPEq3a7,2024-01-04 18:39:04.942000+00:00,004, ,, , 
net_MyrF1YwBBvI38zPEq3a7,MyrF1YwBBvI38zPEq3a7,2024-01-04 18:39:06.947000+00:00,004, ,, , 
net_NCrF1YwBBvI38zPEq3a7,NCrF1YwBBvI38zPEq3a7,2024-01-04 18:39:06.951000+00:00,004, ,, , 
net_NirF1YwBBvI38zPEq3a7,NirF1YwBBvI38zPEq3a7,2024-01-04 18:39:06.960000+00:00,004, ,, , 
net_NyrF1YwBBvI38zPEq3a7,NyrF1YwBBvI38zPEq3a7,2024-01-04 18:39:06.962000+00:00,004, ,, , 
net_OCrF1YwBBvI38zPEq3a7,OCrF1YwBBvI38zPEq3a7,2024-01-04 18:39:06.964000+00:00,004, ,, , 
net_OirF1YwBBvI38zPEq3a7,OirF1YwBBvI38zPEq3a7,2024-01-04 18:39:06.971000+00:00,004, ,, , 
net_OyrF1YwBBvI38zPEq3a7,OyrF1YwBBvI38zPEq3a7,2024-01-04 18:39:06.972000+00:00,004, ,, , 
net_PCrF1YwBBvI38zPEq3a7,PCrF1YwBBvI38zPEq3a7,2024-01-04 18:39:06.976000+00:00,004, ,, , 
net_PSrF1YwBBvI38zPEq3a7,PSrF1YwBBvI38zPEq3a7,2024-01-04 18:39:06.979000+00:00,004, ,, , 
net_QyrF1YwBBvI38zPEq3a7,QyrF1YwBBvI38zPEq3a7,2024-01-04 18:39:08.969000+00:00,004, ,, , 
net_RSrF1YwBBvI38zPEr3YR,RSrF1YwBBvI38zPEr3YR,2024-01-04 18:39:08.974000+00:00,004, ,, , 
net_HyrC1YwBBvI38zPExXYJ,HyrC1YwBBvI38zPExXYJ,2024-01-04 18:35:50.629000+00:00,004, ,, , 
net_ISrC1YwBBvI38zPExXYK,ISrC1YwBBvI38zPExXYK,2024-01-04 18:35:50.753000+00:00,004, ,, , 
net_IirC1YwBBvI38zPExXYK,IirC1YwBBvI38zPExXYK,2024-01-04 18:35:50.760000+00:00,004, ,, , 
net_TirI1YwBBvI38zPER3af,TirI1YwBBvI38zPER3af,2024-01-04 18:41:51.337000+00:00,004, ,, , 
net_TyrI1YwBBvI38zPER3af,TyrI1YwBBvI38zPER3af,2024-01-04 18:41:51.339000+00:00,004, ,, , 
net_UCrI1YwBBvI38zPER3af,UCrI1YwBBvI38zPER3af,2024-01-04 18:41:51.345000+00:00,004, ,, , 
net_UirI1YwBBvI38zPER3ag,UirI1YwBBvI38zPER3ag,2024-01-04 18:41:51.355000+00:00,004, ,, , 
net_YyrN1YwBBvI38zPEUXYp,YyrN1YwBBvI38zPEUXYp,2024-01-04 18:47:29.885000+00:00,004, ,, ,root
net_ZirN1YwBBvI38zPEUXYp,ZirN1YwBBvI38zPEUXYp,2024-01-04 18:47:29.894000+00:00,004, ,, , 
net_SCrH1YwBBvI38zPE5Xbn,SCrH1YwBBvI38zPE5Xbn,2024-01-04 18:41:27.159000+00:00,004, ,, , 
net_TSrH1YwBBvI38zPE5Xbn,TSrH1YwBBvI38zPE5Xbn,2024-01-04 18:41:29.207000+00:00,004, ,, , 
net_GirB1YwBBvI38zPExnbA,GirB1YwBBvI38zPExnbA,2024-01-04 18:34:54.467000+00:00,004, ,, , 
net_GyrB1YwBBvI38zPExnbA,GyrB1YwBBvI38zPExnbA,2024-01-04 18:34:54.467000+00:00,004, ,, , 
net_VyrI1YwBBvI38zPEqXYK,VyrI1YwBBvI38zPEqXYK,2024-01-04 18:42:21.403000+00:00,004, ,, , 
net_YCrM1YwBBvI38zPEBHby,YCrM1YwBBvI38zPEBHby,2024-01-04 18:46:01.760000+00:00,004, ,, , 
net_FirB1YwBBvI38zPEr3Zb,FirB1YwBBvI38zPEr3Zb,2024-01-04 18:34:40.456000+00:00,004, ,, , 
net_rCrY1YwBBvI38zPE43Zz,rCrY1YwBBvI38zPE43Zz,2024-01-04 19:00:07.461000+00:00,004, ,, , 
net_rirY1YwBBvI38zPE43Zz,rirY1YwBBvI38zPE43Zz,2024-01-04 19:00:07.474000+00:00,004, ,, , 
net_vSrY1YwBBvI38zPE53aB,vSrY1YwBBvI38zPE53aB,2024-01-04 19:00:09.513000+00:00,004, ,, , 
net_vyrY1YwBBvI38zPE53aB,vyrY1YwBBvI38zPE53aB,2024-01-04 19:00:09.526000+00:00,004, ,, , 
net_wSrY1YwBBvI38zPE53aB,wSrY1YwBBvI38zPE53aB,2024-01-04 19:00:09.550000+00:00,004, ,, , 
net_wyrY1YwBBvI38zPE53aB,wyrY1YwBBvI38zPE53aB,2024-01-04 19:00:09.564000+00:00,004, ,, , 
net_airN1YwBBvI38zPEsnbd,airN1YwBBvI38zPEsnbd,2024-01-04 18:47:52.021000+00:00,004, ,, , 
net_birN1YwBBvI38zPEsnbd,birN1YwBBvI38zPEsnbd,2024-01-04 18:47:52.135000+00:00,004, ,, , 
net_cCrN1YwBBvI38zPEsnbd,cCrN1YwBBvI38zPEsnbd,2024-01-04 18:47:52.141000+00:00,004, ,, , 
net_gCrT1YwBBvI38zPENHZn,gCrT1YwBBvI38zPENHZn,2024-01-04 18:53:52.836000+00:00,004, ,, , 
net_gyrT1YwBBvI38zPENHZn,gyrT1YwBBvI38zPENHZn,2024-01-04 18:53:52.852000+00:00,004, ,, , 
net_hSrT1YwBBvI38zPENHZn,hSrT1YwBBvI38zPENHZn,2024-01-04 18:53:52.859000+00:00,004, ,, , 
net_jCrX1YwBBvI38zPEj3ZN,jCrX1YwBBvI38zPEj3ZN,2024-01-04 18:58:35.114000+00:00,004, ,, , 
net_kirX1YwBBvI38zPEj3ZN,kirX1YwBBvI38zPEj3ZN,2024-01-04 18:58:35.127000+00:00,004, ,, , 
net_nSrY1YwBBvI38zPEqHbN,nSrY1YwBBvI38zPEqHbN,2024-01-04 18:59:53.419000+00:00,004, ,, , 
net_oCrY1YwBBvI38zPEqHbN,oCrY1YwBBvI38zPEqHbN,2024-01-04 18:59:53.490000+00:00,004, ,, , 
net_cyrP1YwBBvI38zPETXYb,cyrP1YwBBvI38zPETXYb,2024-01-04 18:49:36.170000+00:00,004, ,, , 
net_mSrY1YwBBvI38zPEnHbc,mSrY1YwBBvI38zPEnHbc,2024-01-04 18:59:49.271000+00:00,004, ,, , 
net_yyrZ1YwBBvI38zPEDnZ3,yyrZ1YwBBvI38zPEDnZ3,2024-01-04 19:00:19.470000+00:00,004, ,, , 
net_zira1YwBBvI38zPEwHZf,zira1YwBBvI38zPEwHZf,2024-01-04 19:02:05.636000+00:00,004, ,, , 
net_3Cre1YwBBvI38zPEK3bl,3Cre1YwBBvI38zPEK3bl,2024-01-04 19:05:54.188000+00:00,004, ,, , 
net_3ire1YwBBvI38zPEK3bl,3ire1YwBBvI38zPEK3bl,2024-01-04 19:05:54.199000+00:00,004, ,, , 
net_4Sre1YwBBvI38zPEL3aS,4Sre1YwBBvI38zPEL3aS,2024-01-04 19:05:56.109000+00:00,004, ,,root,root
net_4yre1YwBBvI38zPEL3aS,4yre1YwBBvI38zPEL3aS,2024-01-04 19:05:56.115000+00:00,004, ,, ,root
net_5Cre1YwBBvI38zPEL3aS,5Cre1YwBBvI38zPEL3aS,2024-01-04 19:05:56.133000+00:00,004, ,, , 
net_5Sre1YwBBvI38zPEL3aS,5Sre1YwBBvI38zPEL3aS,2024-01-04 19:05:56.157000+00:00,004, ,, , 
net_Dirg1YwBBvI38zPEvHfY,Dirg1YwBBvI38zPEvHfY,2024-01-04 19:08:38.507000+00:00,004, ,, , 
net_ECrg1YwBBvI38zPEvHfY,ECrg1YwBBvI38zPEvHfY,2024-01-04 19:08:40.524000+00:00,004, ,, , 
net_ESrg1YwBBvI38zPEvHfY,ESrg1YwBBvI38zPEvHfY,2024-01-04 19:08:40.526000+00:00,004, ,, , 
net_Gyrg1YwBBvI38zPEvHfZ,Gyrg1YwBBvI38zPEvHfZ,2024-01-04 19:08:40.571000+00:00,004, ,, , 
net_HCrg1YwBBvI38zPEvHfZ,HCrg1YwBBvI38zPEvHfZ,2024-01-04 19:08:40.573000+00:00,004, ,, , 
net_Hirg1YwBBvI38zPEvHfZ,Hirg1YwBBvI38zPEvHfZ,2024-01-04 19:08:40.581000+00:00,004, ,, , 
net_ICrg1YwBBvI38zPEvHfZ,ICrg1YwBBvI38zPEvHfZ,2024-01-04 19:08:40.594000+00:00,004, ,, , 
net_Iirg1YwBBvI38zPEvHfZ,Iirg1YwBBvI38zPEvHfZ,2024-01-04 19:08:40.596000+00:00,004, ,, , 
net_8Cre1YwBBvI38zPEbnY_,8Cre1YwBBvI38zPEbnY_,2024-01-04 19:06:10.150000+00:00,004, ,, ,root
net_8Sre1YwBBvI38zPEbnY_,8Sre1YwBBvI38zPEbnY_,2024-01-04 19:06:10.150000+00:00,004, ,,sohaib,root(uid=0)
net_9Cre1YwBBvI38zPEbnY_,9Cre1YwBBvI38zPEbnY_,2024-01-04 19:06:10.215000+00:00,004, ,, , 
net_9Sre1YwBBvI38zPEbnY_,9Sre1YwBBvI38zPEbnY_,2024-01-04 19:06:10.218000+00:00,004, ,, , 
net_JSrh1YwBBvI38zPEHnec,JSrh1YwBBvI38zPEHnec,2024-01-04 19:09:02.483000+00:00,004, ,, , 
net_Jirh1YwBBvI38zPEHnec,Jirh1YwBBvI38zPEHnec,2024-01-04 19:09:02.483000+00:00,004, ,, , 
net_Jyrh1YwBBvI38zPEHnec,Jyrh1YwBBvI38zPEHnec,2024-01-04 19:09:02.490000+00:00,004, ,, , 
net_KCrh1YwBBvI38zPEHnec,KCrh1YwBBvI38zPEHnec,2024-01-04 19:09:02.491000+00:00,004, ,, , 
net_Kirh1YwBBvI38zPEHnec,Kirh1YwBBvI38zPEHnec,2024-01-04 19:09:02.504000+00:00,004, ,, , 
net_Nirh1YwBBvI38zPEHned,Nirh1YwBBvI38zPEHned,2024-01-04 19:09:04.498000+00:00,004, ,, , 
net_6Sre1YwBBvI38zPETnbh,6Sre1YwBBvI38zPETnbh,2024-01-04 19:06:04.136000+00:00,004, ,,sohaib,root(uid=0)
net_7ire1YwBBvI38zPEUna6,7ire1YwBBvI38zPEUna6,2024-01-04 19:06:04.170000+00:00,004, ,, , 
net_Birg1YwBBvI38zPEWnfd,Birg1YwBBvI38zPEWnfd,2024-01-04 19:08:10.362000+00:00,004, ,, , 
net_Cyrg1YwBBvI38zPEWnfd,Cyrg1YwBBvI38zPEWnfd,2024-01-04 19:08:12.389000+00:00,004, ,, , 
net_'-Cre1YwBBvI38zPE0HZA,'-Cre1YwBBvI38zPE0HZA,2024-01-04 19:06:30.194000+00:00,004, ,, , 
net__Cre1YwBBvI38zPE0HZA,_Cre1YwBBvI38zPE0HZA,2024-01-04 19:06:30.222000+00:00,004, ,, , 
net_RSrj1YwBBvI38zPEyndB,RSrj1YwBBvI38zPEyndB,2024-01-04 19:11:54.784000+00:00,004, ,, , 
net_Rirj1YwBBvI38zPEyndB,Rirj1YwBBvI38zPEyndB,2024-01-04 19:11:54.784000+00:00,004, ,, , 
net_SCrj1YwBBvI38zPEyndB,SCrj1YwBBvI38zPEyndB,2024-01-04 19:11:54.847000+00:00,004, ,, , 
net_zyra1YwBBvI38zPE23ag,zyra1YwBBvI38zPE23ag,2024-01-04 19:02:15.709000+00:00,004, ,, , 
net_hCr81YwBBvI38zPEkXcz,hCr81YwBBvI38zPEkXcz,2024-01-04 19:39:03.107000+00:00,004, ,, , 
net_iCr81YwBBvI38zPEkXcz,iCr81YwBBvI38zPEkXcz,2024-01-04 19:39:03.117000+00:00,004, ,, , 
net_iyr81YwBBvI38zPEkXcz,iyr81YwBBvI38zPEkXcz,2024-01-04 19:39:03.122000+00:00,004, ,, , 
net_kSr81YwBBvI38zPEkXcz,kSr81YwBBvI38zPEkXcz,2024-01-04 19:39:03.138000+00:00,004, ,, , 
net_kir81YwBBvI38zPEkXc0,kir81YwBBvI38zPEkXc0,2024-01-04 19:39:03.143000+00:00,004, ,, , 
net_kyr81YwBBvI38zPEkXc0,kyr81YwBBvI38zPEkXc0,2024-01-04 19:39:03.144000+00:00,004, ,, , 
net_lSr81YwBBvI38zPEkXc0,lSr81YwBBvI38zPEkXc0,2024-01-04 19:39:03.153000+00:00,004, ,, , 
net_lyr81YwBBvI38zPEkXc0,lyr81YwBBvI38zPEkXc0,2024-01-04 19:39:03.153000+00:00,004, ,, , 
net_mir81YwBBvI38zPEkXc0,mir81YwBBvI38zPEkXc0,2024-01-04 19:39:03.163000+00:00,004, ,, , 
net_myr81YwBBvI38zPEkXc0,myr81YwBBvI38zPEkXc0,2024-01-04 19:39:03.164000+00:00,004, ,, , 
net_byr01YwBBvI38zPEP3dr,byr01YwBBvI38zPEP3dr,2024-01-04 19:29:56.343000+00:00,004, ,, , 
net_cCr01YwBBvI38zPEP3dr,cCr01YwBBvI38zPEP3dr,2024-01-04 19:29:56.351000+00:00,004, ,, , 
net_cSr01YwBBvI38zPEP3dr,cSr01YwBBvI38zPEP3dr,2024-01-04 19:29:56.352000+00:00,004, ,, , 
net_cyr01YwBBvI38zPEP3dr,cyr01YwBBvI38zPEP3dr,2024-01-04 19:29:56.390000+00:00,004, ,, , 
net_dSr01YwBBvI38zPEP3dr,dSr01YwBBvI38zPEP3dr,2024-01-04 19:29:56.397000+00:00,004, ,, , 
net_dyr01YwBBvI38zPEP3dr,dyr01YwBBvI38zPEP3dr,2024-01-04 19:29:56.457000+00:00,004, ,, , 
net_YCru1YwBBvI38zPEwHfB,YCru1YwBBvI38zPEwHfB,2024-01-04 19:23:55.826000+00:00,004, ,, , 
net_YSru1YwBBvI38zPEwHfB,YSru1YwBBvI38zPEwHfB,2024-01-04 19:23:55.827000+00:00,004, ,, , 
net_ZCru1YwBBvI38zPEwHfB,ZCru1YwBBvI38zPEwHfB,2024-01-04 19:23:55.863000+00:00,004, ,, , 
net_Ziru1YwBBvI38zPEwHfB,Ziru1YwBBvI38zPEwHfB,2024-01-04 19:23:55.871000+00:00,004, ,, , 
net_nyr_1YwBBvI38zPEPHfk,nyr_1YwBBvI38zPEPHfk,2024-01-04 19:41:57.413000+00:00,004, ,, , 
net_oSr_1YwBBvI38zPEPHfk,oSr_1YwBBvI38zPEPHfk,2024-01-04 19:41:57.414000+00:00,004, ,, , 
net_pSr_1YwBBvI38zPEPHfl,pSr_1YwBBvI38zPEPHfl,2024-01-04 19:41:57.441000+00:00,004, ,, , 
net_pyr_1YwBBvI38zPEPHfl,pyr_1YwBBvI38zPEPHfl,2024-01-04 19:41:57.453000+00:00,004, ,, , 
net_VCrp1YwBBvI38zPESHfE,VCrp1YwBBvI38zPESHfE,2024-01-04 19:17:55.310000+00:00,004, ,, , 
net_VSrp1YwBBvI38zPESHfE,VSrp1YwBBvI38zPESHfE,2024-01-04 19:17:55.320000+00:00,004, ,, , 
net_Wyrp1YwBBvI38zPESHfE,Wyrp1YwBBvI38zPESHfE,2024-01-04 19:17:55.332000+00:00,004, ,, , 
net_uyoK1owBBvI38zPEPHd7,uyoK1owBBvI38zPEPHd7,2024-01-04 19:53:58.494000+00:00,004, ,, , 
net_wCoK1owBBvI38zPEPHd7,wCoK1owBBvI38zPEPHd7,2024-01-04 19:53:58.520000+00:00,004, ,, , 
net_sCoE1owBBvI38zPEu3cb,sCoE1owBBvI38zPEu3cb,2024-01-04 19:47:57.888000+00:00,004, ,, , 
net_syoE1owBBvI38zPEu3cb,syoE1owBBvI38zPEu3cb,2024-01-04 19:47:57.890000+00:00,004, ,, , 
net_zioP1owBBvI38zPEuHeu,zioP1owBBvI38zPEuHeu,2024-01-04 19:59:58.944000+00:00,004, ,, , 
net_zyoP1owBBvI38zPEuHeu,zyoP1owBBvI38zPEuHeu,2024-01-04 19:59:58.945000+00:00,004, ,, , 
net_fSr51YwBBvI38zPEvncP,fSr51YwBBvI38zPEvncP,2024-01-04 19:35:56.917000+00:00,004, ,, , 
net_Pioz1owBBvI38zPEg3hN,Pioz1owBBvI38zPEg3hN,2024-01-04 20:39:04.418000+00:00,004, ,, , 
net_Qioz1owBBvI38zPEg3hN,Qioz1owBBvI38zPEg3hN,2024-01-04 20:39:04.446000+00:00,004, ,, , 
net_RCoz1owBBvI38zPEg3hN,RCoz1owBBvI38zPEg3hN,2024-01-04 20:39:04.454000+00:00,004, ,, , 
net_Rioz1owBBvI38zPEg3hN,Rioz1owBBvI38zPEg3hN,2024-01-04 20:39:04.454000+00:00,004, ,, , 
net_Ryoz1owBBvI38zPEg3hN,Ryoz1owBBvI38zPEg3hN,2024-01-04 20:39:04.463000+00:00,004, ,, , 
net_SCoz1owBBvI38zPEg3hN,SCoz1owBBvI38zPEg3hN,2024-01-04 20:39:04.464000+00:00,004, ,, , 
net_SSoz1owBBvI38zPEg3hN,SSoz1owBBvI38zPEg3hN,2024-01-04 20:39:04.465000+00:00,004, ,, , 
net_USoz1owBBvI38zPEg3hO,USoz1owBBvI38zPEg3hO,2024-01-04 20:39:04.486000+00:00,004, ,, , 
net_Uyoz1owBBvI38zPEg3hO,Uyoz1owBBvI38zPEg3hO,2024-01-04 20:39:04.493000+00:00,004, ,, , 
net_4CoY1owBBvI38zPECnco,4CoY1owBBvI38zPECnco,2024-01-04 20:09:03.751000+00:00,004, ,, , 
net_4yoY1owBBvI38zPECncp,4yoY1owBBvI38zPECncp,2024-01-04 20:09:03.776000+00:00,004, ,, , 
net_5ioY1owBBvI38zPECncp,5ioY1owBBvI38zPECncp,2024-01-04 20:09:03.780000+00:00,004, ,, , 
net_7SoY1owBBvI38zPECncp,7SoY1owBBvI38zPECncp,2024-01-04 20:09:03.793000+00:00,004, ,, , 
net_8ioY1owBBvI38zPECncp,8ioY1owBBvI38zPECncp,2024-01-04 20:09:03.806000+00:00,004, ,, , 
net_8yoY1owBBvI38zPECncp,8yoY1owBBvI38zPECncp,2024-01-04 20:09:03.809000+00:00,004, ,, , 
net_9CoY1owBBvI38zPECncp,9CoY1owBBvI38zPECncp,2024-01-04 20:09:03.812000+00:00,004, ,, , 
net_WSo21owBBvI38zPELnjk,WSo21owBBvI38zPELnjk,2024-01-04 20:42:02.698000+00:00,004, ,, , 
net_Wio21owBBvI38zPELnjl,Wio21owBBvI38zPELnjl,2024-01-04 20:42:02.710000+00:00,004, ,, , 
net_XCo21owBBvI38zPELnjl,XCo21owBBvI38zPELnjl,2024-01-04 20:42:02.715000+00:00,004, ,, , 
net_Xio21owBBvI38zPELnjl,Xio21owBBvI38zPELnjl,2024-01-04 20:42:02.752000+00:00,004, ,, , 
net_1SoV1owBBvI38zPEN3dD,1SoV1owBBvI38zPEN3dD,2024-01-04 20:05:59.483000+00:00,004, ,, , 
net_1ioV1owBBvI38zPEN3dD,1ioV1owBBvI38zPEN3dD,2024-01-04 20:05:59.492000+00:00,004, ,, , 
net_1yoV1owBBvI38zPEN3dD,1yoV1owBBvI38zPEN3dD,2024-01-04 20:05:59.492000+00:00,004, ,, , 
net_HSol1owBBvI38zPEsnjo,HSol1owBBvI38zPEsnjo,2024-01-04 20:24:01.140000+00:00,004, ,, , 
net_Hiol1owBBvI38zPEsnjo,Hiol1owBBvI38zPEsnjo,2024-01-04 20:24:01.186000+00:00,004, ,, , 
net_Diog1owBBvI38zPENHg1,Diog1owBBvI38zPENHg1,2024-01-04 20:18:00.584000+00:00,004, ,, , 
net_ESog1owBBvI38zPENHg1,ESog1owBBvI38zPENHg1,2024-01-04 20:18:00.586000+00:00,004, ,, , 
net_PCoz1owBBvI38zPEg3hN,PCoz1owBBvI38zPEg3hN,2024-01-04 20:39:04.416000+00:00,004, ,, , 
net_PSoz1owBBvI38zPEg3hN,PSoz1owBBvI38zPEg3hN,2024-01-04 20:39:04.416000+00:00,004, ,, , 
net_KSor1owBBvI38zPEMXij,KSor1owBBvI38zPEMXij,2024-01-04 20:30:01.641000+00:00,004, ,, , 
net_Kyor1owBBvI38zPEMXij,Kyor1owBBvI38zPEMXij,2024-01-04 20:30:01.640000+00:00,004, ,, , 
net_Lior1owBBvI38zPEMXij,Lior1owBBvI38zPEMXij,2024-01-04 20:30:01.654000+00:00,004, ,, , 
net_'-yoa1owBBvI38zPEtXe8,'-yoa1owBBvI38zPEtXe8,2024-01-04 20:12:00.021000+00:00,004, ,, , 
net_ASoa1owBBvI38zPEtXi8,ASoa1owBBvI38zPEtXi8,2024-01-04 20:12:00.080000+00:00,004, ,, , 
net_mSpO1owBBvI38zPE_Hgz,mSpO1owBBvI38zPE_Hgz,2024-01-04 21:09:03.046000+00:00,004, ,, , 
net_mipO1owBBvI38zPE_Hgz,mipO1owBBvI38zPE_Hgz,2024-01-04 21:09:03.054000+00:00,004, ,, , 
net_nCpO1owBBvI38zPE_Hg0,nCpO1owBBvI38zPE_Hg0,2024-01-04 21:09:03.056000+00:00,004, ,, , 
net_nipO1owBBvI38zPE_Hg0,nipO1owBBvI38zPE_Hg0,2024-01-04 21:09:03.061000+00:00,004, ,, , 
net_oCpO1owBBvI38zPE_Hg0,oCpO1owBBvI38zPE_Hg0,2024-01-04 21:09:03.061000+00:00,004, ,, , 
net_oipO1owBBvI38zPE_Hg0,oipO1owBBvI38zPE_Hg0,2024-01-04 21:09:03.069000+00:00,004, ,, , 
net_ripO1owBBvI38zPE_Hg0,ripO1owBBvI38zPE_Hg0,2024-01-04 21:09:05.060000+00:00,004, ,, , 
net_aCo71owBBvI38zPErXh5,aCo71owBBvI38zPErXh5,2024-01-04 20:48:03.241000+00:00,004, ,, , 
net_aSo71owBBvI38zPErXh5,aSo71owBBvI38zPErXh5,2024-01-04 20:48:03.241000+00:00,004, ,, , 
net_aio71owBBvI38zPErXh5,aio71owBBvI38zPErXh5,2024-01-04 20:48:03.253000+00:00,004, ,, , 
net_gypG1owBBvI38zPE0XjF,gypG1owBBvI38zPE0XjF,2024-01-04 21:00:04.278000+00:00,004, ,, , 
net_hipG1owBBvI38zPE0XjF,hipG1owBBvI38zPE0XjF,2024-01-04 21:00:04.279000+00:00,004, ,, , 
net_iCpG1owBBvI38zPE0XjG,iCpG1owBBvI38zPE0XjG,2024-01-04 21:00:04.325000+00:00,004, ,, , 
net_dSpB1owBBvI38zPEVnga,dSpB1owBBvI38zPEVnga,2024-01-04 20:54:03.816000+00:00,004, ,, , 
net_eSpB1owBBvI38zPEVnga,eSpB1owBBvI38zPEVnga,2024-01-04 20:54:03.824000+00:00,004, ,, , 
net_kSpM1owBBvI38zPEUHhP,kSpM1owBBvI38zPEUHhP,2024-01-04 21:06:04.803000+00:00,004, ,, , 
net_kypM1owBBvI38zPEUHhP,kypM1owBBvI38zPEUHhP,2024-01-04 21:06:04.848000+00:00,004, ,, , 
net_lCpM1owBBvI38zPEUHhP,lCpM1owBBvI38zPEUHhP,2024-01-04 21:06:04.850000+00:00,004, ,, , 
net_lSpM1owBBvI38zPEUHhP,lSpM1owBBvI38zPEUHhP,2024-01-04 21:06:04.859000+00:00,004, ,, , 
net_typR1owBBvI38zPEznjn,typR1owBBvI38zPEznjn,2024-01-04 21:12:05.331000+00:00,004, ,, , 
net_uipR1owBBvI38zPEznjn,uipR1owBBvI38zPEznjn,2024-01-04 21:12:05.346000+00:00,004, ,, , 
net_uypR1owBBvI38zPEznjn,uypR1owBBvI38zPEznjn,2024-01-04 21:12:05.346000+00:00,004, ,, , 
net_xypX1owBBvI38zPETXh2,xypX1owBBvI38zPETXh2,2024-01-04 21:18:05.899000+00:00,004, ,, , 
net_yipX1owBBvI38zPETXh2,yipX1owBBvI38zPETXh2,2024-01-04 21:18:05.918000+00:00,004, ,, , 
net_wypW1owBBvI38zPET3ho,wypW1owBBvI38zPET3ho,2024-01-04 21:17:03.749000+00:00,004, ,, , 
net_bio71owBBvI38zPEsXhh,bio71owBBvI38zPEsXhh,2024-01-04 20:48:03.289000+00:00,004, ,, , 
net_9Cpq1owBBvI38zPEdHiC,9Cpq1owBBvI38zPEdHiC,2024-01-04 21:39:03.738000+00:00,004, ,, , 
net_9ipq1owBBvI38zPEdHiC,9ipq1owBBvI38zPEdHiC,2024-01-04 21:39:03.745000+00:00,004, ,, , 
net_9ypq1owBBvI38zPEdHiC,9ypq1owBBvI38zPEdHiC,2024-01-04 21:39:03.751000+00:00,004, ,, , 
net_'-Spq1owBBvI38zPEdHiC,'-Spq1owBBvI38zPEdHiC,2024-01-04 21:39:03.752000+00:00,004, ,, , 
net_'-ipq1owBBvI38zPEdHiC,'-ipq1owBBvI38zPEdHiC,2024-01-04 21:39:03.761000+00:00,004, ,, , 
net__ipq1owBBvI38zPEdHiC,_ipq1owBBvI38zPEdHiC,2024-01-04 21:39:03.768000+00:00,004, ,, , 
net_ASpq1owBBvI38zPEdHmC,ASpq1owBBvI38zPEdHmC,2024-01-04 21:39:03.776000+00:00,004, ,, , 
net_Aipq1owBBvI38zPEdHmD,Aipq1owBBvI38zPEdHmD,2024-01-04 21:39:03.776000+00:00,004, ,, , 
net_Bipq1owBBvI38zPEdHmD,Bipq1owBBvI38zPEdHmD,2024-01-04 21:39:03.790000+00:00,004, ,, , 
net_CSpq1owBBvI38zPEdHmD,CSpq1owBBvI38zPEdHmD,2024-01-04 21:39:03.797000+00:00,004, ,, , 
net_Cipq1owBBvI38zPEdHmD,Cipq1owBBvI38zPEdHmD,2024-01-04 21:39:03.801000+00:00,004, ,, , 
net_DCpq1owBBvI38zPEdHmD,DCpq1owBBvI38zPEdHmD,2024-01-04 21:39:03.805000+00:00,004, ,, , 
net_ECpt1owBBvI38zPER3lD,ECpt1owBBvI38zPER3lD,2024-01-04 21:42:08.057000+00:00,004, ,, , 
net_ESpt1owBBvI38zPER3lD,ESpt1owBBvI38zPER3lD,2024-01-04 21:42:08.095000+00:00,004, ,, , 
net_Eipt1owBBvI38zPER3lD,Eipt1owBBvI38zPER3lD,2024-01-04 21:42:08.096000+00:00,004, ,, , 
net_Eypt1owBBvI38zPER3lD,Eypt1owBBvI38zPER3lD,2024-01-04 21:42:08.098000+00:00,004, ,, , 
net_FCpt1owBBvI38zPER3lD,FCpt1owBBvI38zPER3lD,2024-01-04 21:42:08.102000+00:00,004, ,, , 
net_Fipt1owBBvI38zPER3lD,Fipt1owBBvI38zPER3lD,2024-01-04 21:42:08.105000+00:00,004, ,, , 
net_Fypt1owBBvI38zPER3lD,Fypt1owBBvI38zPER3lD,2024-01-04 21:42:08.147000+00:00,004, ,, , 
net_GCpt1owBBvI38zPER3lD,GCpt1owBBvI38zPER3lD,2024-01-04 21:42:08.155000+00:00,004, ,, , 
net_Pip91owBBvI38zPExXmP,Pip91owBBvI38zPExXmP,2024-01-04 22:00:09.600000+00:00,004, ,, , 
net_Pyp91owBBvI38zPExXmP,Pyp91owBBvI38zPExXmP,2024-01-04 22:00:09.608000+00:00,004, ,, , 
net_QCp91owBBvI38zPExXmP,QCp91owBBvI38zPExXmP,2024-01-04 22:00:09.608000+00:00,004, ,, , 
net_QSp91owBBvI38zPExXmP,QSp91owBBvI38zPExXmP,2024-01-04 22:00:09.610000+00:00,004, ,, , 
net_Qip91owBBvI38zPExXmP,Qip91owBBvI38zPExXmP,2024-01-04 22:00:09.610000+00:00,004, ,, , 
net_zypc1owBBvI38zPEy3jK,zypc1owBBvI38zPEy3jK,2024-01-04 21:24:06.439000+00:00,004, ,, , 
net_0Spc1owBBvI38zPEy3jK,0Spc1owBBvI38zPEy3jK,2024-01-04 21:24:06.439000+00:00,004, ,, , 
net_0ipc1owBBvI38zPEy3jK,0ipc1owBBvI38zPEy3jK,2024-01-04 21:24:06.440000+00:00,004, ,, , 
net_1ypc1owBBvI38zPEy3jL,1ypc1owBBvI38zPEy3jL,2024-01-04 21:24:06.498000+00:00,004, ,, , 
net_4ipi1owBBvI38zPESnhI,4ipi1owBBvI38zPESnhI,2024-01-04 21:30:06.996000+00:00,004, ,, , 
net_4ypi1owBBvI38zPESnhI,4ypi1owBBvI38zPESnhI,2024-01-04 21:30:06.997000+00:00,004, ,, , 
net_5ypi1owBBvI38zPESnhI,5ypi1owBBvI38zPESnhI,2024-01-04 21:30:07.004000+00:00,004, ,, , 
net_8Cpn1owBBvI38zPEyHiw,8Cpn1owBBvI38zPEyHiw,2024-01-04 21:36:07.522000+00:00,004, ,, , 
net_8Spn1owBBvI38zPEyHiw,8Spn1owBBvI38zPEyHiw,2024-01-04 21:36:07.528000+00:00,004, ,, , 
net_8ypn1owBBvI38zPEyHiw,8ypn1owBBvI38zPEyHiw,2024-01-04 21:36:07.569000+00:00,004, ,, , 
net_SCqD1owBBvI38zPEQXke,SCqD1owBBvI38zPEQXke,2024-01-04 22:06:10.117000+00:00,004, ,, , 
net_TCqD1owBBvI38zPEQXke,TCqD1owBBvI38zPEQXke,2024-01-04 22:06:10.166000+00:00,004, ,, , 
net_TiqD1owBBvI38zPEQXke,TiqD1owBBvI38zPEQXke,2024-01-04 22:06:10.173000+00:00,004, ,, , 
net_Hypy1owBBvI38zPExXmp,Hypy1owBBvI38zPExXmp,2024-01-04 21:48:08.592000+00:00,004, ,, , 
net_Jypy1owBBvI38zPExXmp,Jypy1owBBvI38zPExXmp,2024-01-04 21:48:08.627000+00:00,004, ,, , 
net_Lyp41owBBvI38zPERHkq,Lyp41owBBvI38zPERHkq,2024-01-04 21:54:09.116000+00:00,004, ,, , 
net_Mip41owBBvI38zPERHkq,Mip41owBBvI38zPERHkq,2024-01-04 21:54:09.143000+00:00,004, ,, , 
net_TyqF1owBBvI38zPE7Hnm,TyqF1owBBvI38zPE7Hnm,2024-01-04 22:09:04.363000+00:00,004, ,, , 
net_UCqF1owBBvI38zPE7Hnm,UCqF1owBBvI38zPE7Hnm,2024-01-04 22:09:04.368000+00:00,004, ,, , 
net_USqF1owBBvI38zPE7Hnm,USqF1owBBvI38zPE7Hnm,2024-01-04 22:09:04.377000+00:00,004, ,, , 
net_UiqF1owBBvI38zPE7Hnm,UiqF1owBBvI38zPE7Hnm,2024-01-04 22:09:04.377000+00:00,004, ,, , 
net_VCqF1owBBvI38zPE7Hnm,VCqF1owBBvI38zPE7Hnm,2024-01-04 22:09:04.383000+00:00,004, ,, , 
net_VSqF1owBBvI38zPE7Hnm,VSqF1owBBvI38zPE7Hnm,2024-01-04 22:09:04.383000+00:00,004, ,, , 
net_VyqF1owBBvI38zPE7Hnm,VyqF1owBBvI38zPE7Hnm,2024-01-04 22:09:04.391000+00:00,004, ,, , 
net_XiqF1owBBvI38zPE7Hnm,XiqF1owBBvI38zPE7Hnm,2024-01-04 22:09:04.406000+00:00,004, ,, , 
net_YCqF1owBBvI38zPE7Hnm,YCqF1owBBvI38zPE7Hnm,2024-01-04 22:09:04.413000+00:00,004, ,, , 
net_YiqF1owBBvI38zPE7Hnm,YiqF1owBBvI38zPE7Hnm,2024-01-04 22:09:04.414000+00:00,004, ,, , 
net_YyqF1owBBvI38zPE7Hnn,YyqF1owBBvI38zPE7Hnn,2024-01-04 22:09:04.420000+00:00,004, ,, , 
net_ZCqF1owBBvI38zPE7Hnn,ZCqF1owBBvI38zPE7Hnn,2024-01-04 22:09:04.422000+00:00,004, ,, , 
net_ZiqF1owBBvI38zPE7Hnn,ZiqF1owBBvI38zPE7Hnn,2024-01-04 22:09:04.426000+00:00,004, ,, , 
net_ZyqF1owBBvI38zPE7Hnn,ZyqF1owBBvI38zPE7Hnn,2024-01-04 22:09:04.430000+00:00,004, ,, , 
net_aCqF1owBBvI38zPE7Hnn,aCqF1owBBvI38zPE7Hnn,2024-01-04 22:09:04.431000+00:00,004, ,, , 
net_riqh1owBBvI38zPEZXmF,riqh1owBBvI38zPEZXmF,2024-01-04 22:39:04.983000+00:00,004, ,, , 
net_ryqh1owBBvI38zPEZXmF,ryqh1owBBvI38zPEZXmF,2024-01-04 22:39:04.983000+00:00,004, ,, , 
net_syqh1owBBvI38zPEZXmF,syqh1owBBvI38zPEZXmF,2024-01-04 22:39:05.004000+00:00,004, ,, , 
net_tCqh1owBBvI38zPEZXmF,tCqh1owBBvI38zPEZXmF,2024-01-04 22:39:05.003000+00:00,004, ,, , 
net_tiqh1owBBvI38zPEZXmG,tiqh1owBBvI38zPEZXmG,2024-01-04 22:39:05.020000+00:00,004, ,, , 
net_uyqh1owBBvI38zPEZXmG,uyqh1owBBvI38zPEZXmG,2024-01-04 22:39:05.031000+00:00,004, ,, , 
net_vSqh1owBBvI38zPEZXmG,vSqh1owBBvI38zPEZXmG,2024-01-04 22:39:05.036000+00:00,004, ,, , 
net_viqh1owBBvI38zPEZXmG,viqh1owBBvI38zPEZXmG,2024-01-04 22:39:05.037000+00:00,004, ,, , 
net_wCqh1owBBvI38zPEZXmG,wCqh1owBBvI38zPEZXmG,2024-01-04 22:39:05.045000+00:00,004, ,, , 
net_wSqh1owBBvI38zPEZXmG,wSqh1owBBvI38zPEZXmG,2024-01-04 22:39:05.045000+00:00,004, ,, , 
net_xSqh1owBBvI38zPEZXmG,xSqh1owBBvI38zPEZXmG,2024-01-04 22:39:05.056000+00:00,004, ,, , 
net_bCqI1owBBvI38zPE03ke,bCqI1owBBvI38zPE03ke,2024-01-04 22:12:10.687000+00:00,004, ,, , 
net_biqI1owBBvI38zPE03ke,biqI1owBBvI38zPE03ke,2024-01-04 22:12:10.713000+00:00,004, ,, , 
net_cCqI1owBBvI38zPE03ke,cCqI1owBBvI38zPE03ke,2024-01-04 22:12:10.730000+00:00,004, ,, , 
net_ciqI1owBBvI38zPE03ke,ciqI1owBBvI38zPE03ke,2024-01-04 22:12:10.737000+00:00,004, ,, , 
net_dCqI1owBBvI38zPE03ke,dCqI1owBBvI38zPE03ke,2024-01-04 22:12:10.792000+00:00,004, ,, , 
net_eyqN1owBBvI38zPEU3mp,eyqN1owBBvI38zPEU3mp,2024-01-04 22:17:04.993000+00:00,004, ,, , 
net_fCqN1owBBvI38zPEU3mp,fCqN1owBBvI38zPEU3mp,2024-01-04 22:17:04.997000+00:00,004, ,, , 
net_fSqO1owBBvI38zPEUXm2,fSqO1owBBvI38zPEUXm2,2024-01-04 22:18:11.177000+00:00,004, ,, , 
net_gSqO1owBBvI38zPEUXm2,gSqO1owBBvI38zPEUXm2,2024-01-04 22:18:11.190000+00:00,004, ,, , 
net_giqO1owBBvI38zPEUXm2,giqO1owBBvI38zPEUXm2,2024-01-04 22:18:11.190000+00:00,004, ,, , 
net_iyqT1owBBvI38zPEvHmQ,iyqT1owBBvI38zPEvHmQ,2024-01-04 22:24:11.712000+00:00,004, ,, , 
net_jSqT1owBBvI38zPEvHmQ,jSqT1owBBvI38zPEvHmQ,2024-01-04 22:24:11.754000+00:00,004, ,, , 
net_jiqT1owBBvI38zPEvHmQ,jiqT1owBBvI38zPEvHmQ,2024-01-04 22:24:11.758000+00:00,004, ,, , 
net_ayqG1owBBvI38zPE6nnR,ayqG1owBBvI38zPE6nnR,2024-01-04 22:10:04.439000+00:00,004, ,, , 
net_qCqe1owBBvI38zPEuXmj,qCqe1owBBvI38zPEuXmj,2024-01-04 22:36:12.753000+00:00,004, ,, , 
net_niqZ1owBBvI38zPEO3kJ,niqZ1owBBvI38zPEO3kJ,2024-01-04 22:30:12.227000+00:00,004, ,, , 
net_nyqZ1owBBvI38zPEO3kJ,nyqZ1owBBvI38zPEO3kJ,2024-01-04 22:30:12.248000+00:00,004, ,, , 
net_ECq81owBBvI38zPE3no_,ECq81owBBvI38zPE3no_,2024-01-04 23:09:03.623000+00:00,004, ,, , 
net_Eyq81owBBvI38zPE3no_,Eyq81owBBvI38zPE3no_,2024-01-04 23:09:03.632000+00:00,004, ,, , 
net_FCq81owBBvI38zPE3no_,FCq81owBBvI38zPE3no_,2024-01-04 23:09:03.642000+00:00,004, ,, , 
net_FSq81owBBvI38zPE3no_,FSq81owBBvI38zPE3no_,2024-01-04 23:09:03.642000+00:00,004, ,, , 
net_Fyq81owBBvI38zPE3no_,Fyq81owBBvI38zPE3no_,2024-01-04 23:09:03.648000+00:00,004, ,, , 
net_GSq81owBBvI38zPE3no_,GSq81owBBvI38zPE3no_,2024-01-04 23:09:03.648000+00:00,004, ,, , 
net_Gyq81owBBvI38zPE3no_,Gyq81owBBvI38zPE3no_,2024-01-04 23:09:03.656000+00:00,004, ,, , 
net_HSq81owBBvI38zPE3no_,HSq81owBBvI38zPE3no_,2024-01-04 23:09:03.665000+00:00,004, ,, , 
net_ISq81owBBvI38zPE3npA,ISq81owBBvI38zPE3npA,2024-01-04 23:09:03.715000+00:00,004, ,, , 
net_QyrK1owBBvI38zPE1Hrl,QyrK1owBBvI38zPE1Hrl,2024-01-04 23:24:17.002000+00:00,004, ,, , 
net_RCrK1owBBvI38zPE1Hrl,RCrK1owBBvI38zPE1Hrl,2024-01-04 23:24:17.002000+00:00,004, ,, , 
net_RSrK1owBBvI38zPE1Hrl,RSrK1owBBvI38zPE1Hrl,2024-01-04 23:24:17.003000+00:00,004, ,, , 
net_RyrK1owBBvI38zPE1Hrl,RyrK1owBBvI38zPE1Hrl,2024-01-04 23:24:17.017000+00:00,004, ,, , 
net_SCrK1owBBvI38zPE1Hrl,SCrK1owBBvI38zPE1Hrl,2024-01-04 23:24:17.017000+00:00,004, ,, , 
net_5Sqv1owBBvI38zPENXki,5Sqv1owBBvI38zPENXki,2024-01-04 22:54:14.302000+00:00,004, ,, , 
net_5yqv1owBBvI38zPENXki,5yqv1owBBvI38zPENXki,2024-01-04 22:54:14.351000+00:00,004, ,, , 
net_6Cqv1owBBvI38zPENXki,6Cqv1owBBvI38zPENXki,2024-01-04 22:54:14.353000+00:00,004, ,, , 
net_6Sqv1owBBvI38zPENXki,6Sqv1owBBvI38zPENXki,2024-01-04 22:54:14.358000+00:00,004, ,, , 
net_6yqv1owBBvI38zPEOHnj,6yqv1owBBvI38zPEOHnj,2024-01-04 22:54:14.372000+00:00,004, ,, , 
net_'-Cq01owBBvI38zPEunlS,'-Cq01owBBvI38zPEunlS,2024-01-04 23:00:14.841000+00:00,004, ,, , 
net_'-Sq01owBBvI38zPEunlS,'-Sq01owBBvI38zPEunlS,2024-01-04 23:00:14.851000+00:00,004, ,, , 
net_'-iq01owBBvI38zPEunlS,'-iq01owBBvI38zPEunlS,2024-01-04 23:00:14.852000+00:00,004, ,, , 
net_'-yq01owBBvI38zPEunlS,'-yq01owBBvI38zPEunlS,2024-01-04 23:00:14.865000+00:00,004, ,, , 
net_NyrF1owBBvI38zPEVnqW,NyrF1owBBvI38zPEVnqW,2024-01-04 23:18:16.451000+00:00,004, ,, , 
net_OCrF1owBBvI38zPEVnqW,OCrF1owBBvI38zPEVnqW,2024-01-04 23:18:16.477000+00:00,004, ,, , 
net_PSrF1owBBvI38zPEVnqW,PSrF1owBBvI38zPEVnqW,2024-01-04 23:18:16.553000+00:00,004, ,, , 
net_yyqk1owBBvI38zPEOHlB,yyqk1owBBvI38zPEOHlB,2024-01-04 22:42:13.302000+00:00,004, ,, , 
net_zCqk1owBBvI38zPEOHlB,zCqk1owBBvI38zPEOHlB,2024-01-04 22:42:13.308000+00:00,004, ,, , 
net_zyqk1owBBvI38zPEOHlC,zyqk1owBBvI38zPEOHlC,2024-01-04 22:42:13.318000+00:00,004, ,, , 
net__yq61owBBvI38zPEWXly,_yq61owBBvI38zPEWXly,2024-01-04 23:06:15.355000+00:00,004, ,, , 
net_ACq61owBBvI38zPEWXpy,ACq61owBBvI38zPEWXpy,2024-01-04 23:06:15.356000+00:00,004, ,, , 
net_KCq_1owBBvI38zPE13rs,KCq_1owBBvI38zPE13rs,2024-01-04 23:12:15.916000+00:00,004, ,, , 
net_3yqp1owBBvI38zPEtnmR,3yqp1owBBvI38zPEtnmR,2024-01-04 22:48:13.821000+00:00,004, ,, , 
net_UirQ1owBBvI38zPEU3p6,UirQ1owBBvI38zPEU3p6,2024-01-04 23:30:17.498000+00:00,004, ,, , 
net_VirQ1owBBvI38zPEU3p7,VirQ1owBBvI38zPEU3p7,2024-01-04 23:30:17.511000+00:00,004, ,, , 
net_WCrQ1owBBvI38zPEU3p7,WCrQ1owBBvI38zPEU3p7,2024-01-04 23:30:17.518000+00:00,004, ,, , 
net_XirV1owBBvI38zPE0noC,XirV1owBBvI38zPE0noC,2024-01-04 23:36:18.035000+00:00,004, ,, , 
net_XyrV1owBBvI38zPE0noC,XyrV1owBBvI38zPE0noC,2024-01-04 23:36:18.036000+00:00,004, ,, , 
net_YSrV1owBBvI38zPE0noC,YSrV1owBBvI38zPE0noC,2024-01-04 23:36:18.036000+00:00,004, ,, , 
net_YirV1owBBvI38zPE0noC,YirV1owBBvI38zPE0noC,2024-01-04 23:36:18.047000+00:00,004, ,, , 
net_YyrV1owBBvI38zPE0noC,YyrV1owBBvI38zPE0noC,2024-01-04 23:36:18.047000+00:00,004, ,, , 
net_ZyrY1owBBvI38zPEVnrg,ZyrY1owBBvI38zPEVnrg,2024-01-04 23:39:04.189000+00:00,004, ,, , 
net_bSrY1owBBvI38zPEVnrg,bSrY1owBBvI38zPEVnrg,2024-01-04 23:39:04.207000+00:00,004, ,, , 
net_birY1owBBvI38zPEVnrg,birY1owBBvI38zPEVnrg,2024-01-04 23:39:04.217000+00:00,004, ,, , 
net_byrY1owBBvI38zPEVnrg,byrY1owBBvI38zPEVnrg,2024-01-04 23:39:04.217000+00:00,004, ,, , 
net_cirY1owBBvI38zPEVnrg,cirY1owBBvI38zPEVnrg,2024-01-04 23:39:04.227000+00:00,004, ,, , 
net_dyrY1owBBvI38zPEVnrg,dyrY1owBBvI38zPEVnrg,2024-01-04 23:39:04.242000+00:00,004, ,, , 
net_eCrY1owBBvI38zPEVnrg,eCrY1owBBvI38zPEVnrg,2024-01-04 23:39:04.242000+00:00,004, ,, , 
net_eirY1owBBvI38zPEVnrg,eirY1owBBvI38zPEVnrg,2024-01-04 23:39:04.246000+00:00,004, ,, , 
net_gSrb1owBBvI38zPEUHqk,gSrb1owBBvI38zPEUHqk,2024-01-04 23:42:18.499000+00:00,004, ,, , 
net_hirb1owBBvI38zPEUHqk,hirb1owBBvI38zPEUHqk,2024-01-04 23:42:18.512000+00:00,004, ,, , 
net_kCrg1owBBvI38zPEz3o6,kCrg1owBBvI38zPEz3o6,2024-01-04 23:48:19.005000+00:00,004, ,, , 
net_kSrg1owBBvI38zPEz3o6,kSrg1owBBvI38zPEz3o6,2024-01-04 23:48:19.044000+00:00,004, ,, , 
net_kirg1owBBvI38zPEz3o6,kirg1owBBvI38zPEz3o6,2024-01-04 23:48:19.044000+00:00,004, ,, , 
net_kyrg1owBBvI38zPEz3o6,kyrg1owBBvI38zPEz3o6,2024-01-04 23:48:19.069000+00:00,004, ,, , 
net_oirm1owBBvI38zPEOnoq,oirm1owBBvI38zPEOnoq,2024-01-04 23:54:19.571000+00:00,004, ,, , 
net_oyrm1owBBvI38zPEOnoq,oyrm1owBBvI38zPEOnoq,2024-01-04 23:54:19.574000+00:00,004, ,, , 
net_pCrm1owBBvI38zPEOnoq,pCrm1owBBvI38zPEOnoq,2024-01-04 23:54:19.569000+00:00,004, ,, , 
net_qRM82owBbVMQAOLaJJNN,qRM82owBbVMQAOLaJJNN,2024-01-05 00:17:03.717000+00:00,004, ,, , 
net_qhM82owBbVMQAOLaJJNN,qhM82owBbVMQAOLaJJNN,2024-01-05 00:17:03.717000+00:00,004, ,, , 
net_shM82owBbVMQAOLaJJNO,shM82owBbVMQAOLaJJNO,2024-01-05 00:17:43.776000+00:00,004, ,, , 
net_sxM82owBbVMQAOLaJJNO,sxM82owBbVMQAOLaJJNO,2024-01-05 00:17:43.776000+00:00,004, ,, , 
net_tRM82owBbVMQAOLaJJNO,tRM82owBbVMQAOLaJJNO,2024-01-05 00:17:43.764000+00:00,004, ,, , 
net_uRM82owBbVMQAOLaJJNO,uRM82owBbVMQAOLaJJNO,2024-01-05 00:17:43.780000+00:00,004, ,, , 
net_uhM82owBbVMQAOLaJJNO,uhM82owBbVMQAOLaJJNO,2024-01-05 00:17:43.780000+00:00,004, ,, , 
net_uxM82owBbVMQAOLaJJNO,uxM82owBbVMQAOLaJJNO,2024-01-05 00:17:43.783000+00:00,004, ,, , 
net_vRM82owBbVMQAOLaJJNO,vRM82owBbVMQAOLaJJNO,2024-01-05 00:17:43.785000+00:00,004, ,, , 
net_wRM82owBbVMQAOLaJJNO,wRM82owBbVMQAOLaJJNO,2024-01-05 00:17:43.802000+00:00,004, ,, , 
net_wxM82owBbVMQAOLaJJNO,wxM82owBbVMQAOLaJJNO,2024-01-05 00:17:43.804000+00:00,004, ,, , 
net_xhM82owBbVMQAOLaJJNO,xhM82owBbVMQAOLaJJNO,2024-01-05 00:17:43.810000+00:00,004, ,, , 
net_yRM82owBbVMQAOLaJJNO,yRM82owBbVMQAOLaJJNO,2024-01-05 00:17:43.812000+00:00,004, ,, , 
net_zhM82owBbVMQAOLaJJNO,zhM82owBbVMQAOLaJJNO,2024-01-05 00:17:43.813000+00:00,004, ,, , 
net_0BM82owBbVMQAOLaJJNO,0BM82owBbVMQAOLaJJNO,2024-01-05 00:17:43.817000+00:00,004, ,, , 
net_0RM82owBbVMQAOLaJJNO,0RM82owBbVMQAOLaJJNO,2024-01-05 00:17:43.819000+00:00,004, ,, , 
net_1RM82owBbVMQAOLaJJNO,1RM82owBbVMQAOLaJJNO,2024-01-05 00:17:43.825000+00:00,004, ,, , 
net_1hM82owBbVMQAOLaJJNO,1hM82owBbVMQAOLaJJNO,2024-01-05 00:17:43.825000+00:00,004, ,, , 
net_2RM82owBbVMQAOLaLJPI,2RM82owBbVMQAOLaLJPI,2024-01-05 00:17:43.838000+00:00,004, ,, , 
net_2hM82owBbVMQAOLaLJPI,2hM82owBbVMQAOLaLJPI,2024-01-05 00:17:43.836000+00:00,004, ,, , 
net_3hM82owBbVMQAOLaLJPI,3hM82owBbVMQAOLaLJPI,2024-01-05 00:17:43.829000+00:00,004, ,, , 
net_4BM82owBbVMQAOLaLJPI,4BM82owBbVMQAOLaLJPI,2024-01-05 00:17:43.838000+00:00,004, ,, , 
net_4RM82owBbVMQAOLaLJPI,4RM82owBbVMQAOLaLJPI,2024-01-05 00:17:43.860000+00:00,004, ,, , 
net_5hM82owBbVMQAOLaLJPI,5hM82owBbVMQAOLaLJPI,2024-01-05 00:17:43.864000+00:00,004, ,, , 
net_6hM82owBbVMQAOLaLJPI,6hM82owBbVMQAOLaLJPI,2024-01-05 00:17:43.875000+00:00,004, ,, , 
net_7RM82owBbVMQAOLaLJPI,7RM82owBbVMQAOLaLJPI,2024-01-05 00:17:43.881000+00:00,004, ,, , 
net_8RM82owBbVMQAOLaLJPI,8RM82owBbVMQAOLaLJPI,2024-01-05 00:17:43.886000+00:00,004, ,, , 
net_8xM82owBbVMQAOLaLJPI,8xM82owBbVMQAOLaLJPI,2024-01-05 00:17:43.886000+00:00,004, ,, , 
net_9hM82owBbVMQAOLaLJPI,9hM82owBbVMQAOLaLJPI,2024-01-05 00:17:43.888000+00:00,004, ,, , 
net_'-RM82owBbVMQAOLaLJPI,'-RM82owBbVMQAOLaLJPI,2024-01-05 00:17:43.900000+00:00,004, ,, , 
net__RM82owBbVMQAOLaLJPI,_RM82owBbVMQAOLaLJPI,2024-01-05 00:17:43.907000+00:00,004, ,, , 
net__xM82owBbVMQAOLaLJPI,_xM82owBbVMQAOLaLJPI,2024-01-05 00:17:43.912000+00:00,004, ,, , 
net_ABM82owBbVMQAOLaLJTI,ABM82owBbVMQAOLaLJTI,2024-01-05 00:17:43.921000+00:00,004, ,, , 
net_CBM82owBbVMQAOLaLJTI,CBM82owBbVMQAOLaLJTI,2024-01-05 00:17:43.933000+00:00,004, ,, , 
net_DhM82owBbVMQAOLaMZSB,DhM82owBbVMQAOLaMZSB,2024-01-05 00:00:20.141000+00:00,004, ,, , 
net_FBM82owBbVMQAOLaMZSC,FBM82owBbVMQAOLaMZSC,2024-01-05 00:06:20.688000+00:00,004, ,, , 
net_FRM82owBbVMQAOLaMZSC,FRM82owBbVMQAOLaMZSC,2024-01-05 00:06:20.692000+00:00,004, ,, , 
net_FhM82owBbVMQAOLaMZSC,FhM82owBbVMQAOLaMZSC,2024-01-05 00:06:20.700000+00:00,004, ,, , 
net_GBM82owBbVMQAOLaMZSC,GBM82owBbVMQAOLaMZSC,2024-01-05 00:06:20.722000+00:00,004, ,, , 
net_GhM82owBbVMQAOLaMZSC,GhM82owBbVMQAOLaMZSC,2024-01-05 00:06:20.757000+00:00,004, ,, , 
net_HBM82owBbVMQAOLaMZSC,HBM82owBbVMQAOLaMZSC,2024-01-05 00:09:02.943000+00:00,004, ,, , 
net_HhM82owBbVMQAOLaMZSC,HhM82owBbVMQAOLaMZSC,2024-01-05 00:09:02.953000+00:00,004, ,, , 
net_IBM82owBbVMQAOLaMZSC,IBM82owBbVMQAOLaMZSC,2024-01-05 00:09:02.991000+00:00,004, ,, , 
net_IxM82owBbVMQAOLaMZSC,IxM82owBbVMQAOLaMZSC,2024-01-05 00:09:02.998000+00:00,004, ,, , 
net_LBM82owBbVMQAOLaMZSC,LBM82owBbVMQAOLaMZSC,2024-01-05 00:09:04.957000+00:00,004, ,, , 
net_LxM82owBbVMQAOLaMZSC,LxM82owBbVMQAOLaMZSC,2024-01-05 00:09:04.957000+00:00,004, ,, , 
net_MRM82owBbVMQAOLaMZSC,MRM82owBbVMQAOLaMZSC,2024-01-05 00:09:04.957000+00:00,004, ,, , 
net_NxM82owBbVMQAOLaMZSC,NxM82owBbVMQAOLaMZSC,2024-01-05 00:12:21.330000+00:00,004, ,, , 
net_OhM82owBbVMQAOLaMZSC,OhM82owBbVMQAOLaMZSC,2024-01-05 00:12:21.335000+00:00,004, ,, , 
net_OxM82owBbVMQAOLaMZSC,OxM82owBbVMQAOLaMZSC,2024-01-05 00:12:21.335000+00:00,004, ,, , 
net_PBM82owBbVMQAOLaNZRR,PBM82owBbVMQAOLaNZRR,2024-01-05 00:17:43.934000+00:00,004, ,, , 
net_PxM82owBbVMQAOLaNZRR,PxM82owBbVMQAOLaNZRR,2024-01-05 00:17:43.928000+00:00,004, ,, , 
net_QRM82owBbVMQAOLaNZRR,QRM82owBbVMQAOLaNZRR,2024-01-05 00:17:43.937000+00:00,004, ,, , 
net_RBM82owBbVMQAOLaNZRR,RBM82owBbVMQAOLaNZRR,2024-01-05 00:17:43.948000+00:00,004, ,, , 
net_RRM82owBbVMQAOLaNZRR,RRM82owBbVMQAOLaNZRR,2024-01-05 00:17:43.927000+00:00,004, ,, , 
net_SxM82owBbVMQAOLaNZRR,SxM82owBbVMQAOLaNZRR,2024-01-05 00:17:43.962000+00:00,004, ,, , 
net_TBM82owBbVMQAOLaNZRR,TBM82owBbVMQAOLaNZRR,2024-01-05 00:17:43.963000+00:00,004, ,, , 
net_TRM82owBbVMQAOLaNZRR,TRM82owBbVMQAOLaNZRR,2024-01-05 00:17:43.964000+00:00,004, ,, , 
net_UBM82owBbVMQAOLaNZRR,UBM82owBbVMQAOLaNZRR,2024-01-05 00:17:43.969000+00:00,004, ,, , 
net_UxM82owBbVMQAOLaNZRR,UxM82owBbVMQAOLaNZRR,2024-01-05 00:17:43.975000+00:00,004, ,, , 
net_VBM82owBbVMQAOLaNZRR,VBM82owBbVMQAOLaNZRR,2024-01-05 00:17:43.981000+00:00,004, ,, , 
net_VxM82owBbVMQAOLaNZRS,VxM82owBbVMQAOLaNZRS,2024-01-05 00:17:43.989000+00:00,004, ,, , 
net_WRM82owBbVMQAOLaNZRS,WRM82owBbVMQAOLaNZRS,2024-01-05 00:17:44.021000+00:00,004, ,, , 
net_WxM82owBbVMQAOLaNZRS,WxM82owBbVMQAOLaNZRS,2024-01-05 00:17:43.946000+00:00,004, ,, , 
net_XRM82owBbVMQAOLaNZRS,XRM82owBbVMQAOLaNZRS,2024-01-05 00:17:44.041000+00:00,004, ,, , 
net_XhM82owBbVMQAOLaNZRS,XhM82owBbVMQAOLaNZRS,2024-01-05 00:17:44.042000+00:00,004, ,, , 
net_YhM82owBbVMQAOLaNZRS,YhM82owBbVMQAOLaNZRS,2024-01-05 00:17:44.096000+00:00,004, ,, , 
net_YxM82owBbVMQAOLaNZRS,YxM82owBbVMQAOLaNZRS,2024-01-05 00:17:44.097000+00:00,004, ,, , 
net_ZxM82owBbVMQAOLaNZRS,ZxM82owBbVMQAOLaNZRS,2024-01-05 00:17:44.108000+00:00,004, ,, , 
net_bRM82owBbVMQAOLaNZRS,bRM82owBbVMQAOLaNZRS,2024-01-05 00:17:44.130000+00:00,004, ,, , 
net_cBM82owBbVMQAOLaOJTm,cBM82owBbVMQAOLaOJTm,2024-01-05 00:17:44.024000+00:00,004, ,, , 
net_chM82owBbVMQAOLaOJTm,chM82owBbVMQAOLaOJTm,2024-01-05 00:17:44.212000+00:00,004, ,, , 
net_fBM82owBbVMQAOLaOJTm,fBM82owBbVMQAOLaOJTm,2024-01-05 00:17:44.100000+00:00,004, ,, , 
net_fhM82owBbVMQAOLaOJTm,fhM82owBbVMQAOLaOJTm,2024-01-05 00:17:43.992000+00:00,004, ,, , 
net_gBM82owBbVMQAOLaOJTm,gBM82owBbVMQAOLaOJTm,2024-01-05 00:17:47.609000+00:00,004, ,, , 
net_hBM82owBbVMQAOLaOJTm,hBM82owBbVMQAOLaOJTm,2024-01-05 00:17:48.172000+00:00,004, ,, , 
net_hRM82owBbVMQAOLaOJTm,hRM82owBbVMQAOLaOJTm,2024-01-05 00:17:48.184000+00:00,004, ,, , 
net_hhM82owBbVMQAOLaOJTm,hhM82owBbVMQAOLaOJTm,2024-01-05 00:17:48.217000+00:00,004, ,, , 
net_hxM82owBbVMQAOLaOJTm,hxM82owBbVMQAOLaOJTm,2024-01-05 00:17:48.240000+00:00,004, ,, , 
net_jxM82owBbVMQAOLaOJTm,jxM82owBbVMQAOLaOJTm,2024-01-05 00:17:49.796000+00:00,004, ,, , 
net_kBM82owBbVMQAOLaOJTn,kBM82owBbVMQAOLaOJTn,2024-01-05 15:18:39.023000+00:00,000, ,, , 
net_HxM92owBbVMQAOLaCJUK,HxM92owBbVMQAOLaCJUK,2024-01-05 15:27:59.643000+00:00,004, ,, , 
net_IBM92owBbVMQAOLaCJUK,IBM92owBbVMQAOLaCJUK,2024-01-05 15:27:59.643000+00:00,004, ,, , 
net_JRM92owBbVMQAOLaFJWD,JRM92owBbVMQAOLaFJWD,2024-01-05 15:28:02.187000+00:00,004, ,, , 
net_KhM92owBbVMQAOLaFJWD,KhM92owBbVMQAOLaFJWD,2024-01-05 15:28:03.038000+00:00,004, ,, , 
net_MBM92owBbVMQAOLaFJWE,MBM92owBbVMQAOLaFJWE,2024-01-05 15:28:03.061000+00:00,004, ,, , 
net_NRM92owBbVMQAOLaFJWE,NRM92owBbVMQAOLaFJWE,2024-01-05 15:28:03.295000+00:00,004, ,, , 
net_NhM92owBbVMQAOLaFJWE,NhM92owBbVMQAOLaFJWE,2024-01-05 15:28:03.518000+00:00,004, ,, , 
net_NxM92owBbVMQAOLaFJWE,NxM92owBbVMQAOLaFJWE,2024-01-05 15:28:03.518000+00:00,004, ,, , 
net_OBM92owBbVMQAOLaFJWE,OBM92owBbVMQAOLaFJWE,2024-01-05 15:28:03.518000+00:00,004, ,, , 
net_ORM92owBbVMQAOLaFJWE,ORM92owBbVMQAOLaFJWE,2024-01-05 15:28:03.633000+00:00,004, ,, , 
net_OxM92owBbVMQAOLaIJUo,OxM92owBbVMQAOLaIJUo,2024-01-05 15:28:05.167000+00:00,004, ,, , 
net_PBM92owBbVMQAOLaIJUo,PBM92owBbVMQAOLaIJUo,2024-01-05 15:28:05.170000+00:00,004, ,, , 
net_QBM92owBbVMQAOLaIJUp,QBM92owBbVMQAOLaIJUp,2024-01-05 15:28:05.167000+00:00,004, ,, , 
net_RRM92owBbVMQAOLaJZVq,RRM92owBbVMQAOLaJZVq,2024-01-05 15:28:07.680000+00:00,004, ,, , 
net_SBM92owBbVMQAOLaJZVq,SBM92owBbVMQAOLaJZVq,2024-01-05 15:28:07.690000+00:00,004, ,, , 
net_ShM92owBbVMQAOLaJZVq,ShM92owBbVMQAOLaJZVq,2024-01-05 15:28:07.803000+00:00,004, ,, , 
net_ThM92owBbVMQAOLaMJXH,ThM92owBbVMQAOLaMJXH,2024-01-05 15:28:09.487000+00:00,004, ,, , 
net_VxM92owBbVMQAOLaMJXH,VxM92owBbVMQAOLaMJXH,2024-01-05 15:28:09.737000+00:00,004, ,, , 
net_WhM92owBbVMQAOLaMJXH,WhM92owBbVMQAOLaMJXH,2024-01-05 15:28:09.840000+00:00,004, ,, , 
net_XhM92owBbVMQAOLaMJXH,XhM92owBbVMQAOLaMJXH,2024-01-05 15:28:11.209000+00:00,004, ,, , 
net_YRM92owBbVMQAOLaMJXH,YRM92owBbVMQAOLaMJXH,2024-01-05 15:28:11.211000+00:00,004, ,, , 
net_ZBM92owBbVMQAOLaNZX4,ZBM92owBbVMQAOLaNZX4,2024-01-05 15:28:11.211000+00:00,004, ,, , 
net_ZRM92owBbVMQAOLaNZX4,ZRM92owBbVMQAOLaNZX4,2024-01-05 15:28:11.225000+00:00,004, ,, , 
net_aRM92owBbVMQAOLaNZX4,aRM92owBbVMQAOLaNZX4,2024-01-05 15:28:11.768000+00:00,004, ,, , 
net_khM92owBbVMQAOLaVJWW,khM92owBbVMQAOLaVJWW,2024-01-05 15:28:19.715000+00:00,004, ,, , 
net_lxM92owBbVMQAOLaV5XU,lxM92owBbVMQAOLaV5XU,2024-01-05 15:28:19.940000+00:00,004, ,, , 
net_mxM92owBbVMQAOLaV5XU,mxM92owBbVMQAOLaV5XU,2024-01-05 15:28:20.563000+00:00,004, ,, , 
net_nhM92owBbVMQAOLaW5UU,nhM92owBbVMQAOLaW5UU,2024-01-05 15:28:21.630000+00:00,004, ,, , 
net_oBM92owBbVMQAOLaW5UU,oBM92owBbVMQAOLaW5UU,2024-01-05 15:28:21.883000+00:00,004, ,, , 
net_phM92owBbVMQAOLaX5WX,phM92owBbVMQAOLaX5WX,2024-01-05 15:28:22.231000+00:00,004, ,, , 
net_qhM92owBbVMQAOLaZJVa,qhM92owBbVMQAOLaZJVa,2024-01-05 15:28:23.909000+00:00,004, ,, , 
net_rhM92owBbVMQAOLaZ5W_,rhM92owBbVMQAOLaZ5W_,2024-01-05 15:28:25.493000+00:00,004, ,, , 
net_rxM92owBbVMQAOLaZ5W_,rxM92owBbVMQAOLaZ5W_,2024-01-05 15:28:25.573000+00:00,004, ,, , 
net_sBM92owBbVMQAOLaa5V1,sBM92owBbVMQAOLaa5V1,2024-01-05 15:28:25.577000+00:00,004, ,, , 
net_sRM92owBbVMQAOLaa5V1,sRM92owBbVMQAOLaa5V1,2024-01-05 15:28:25.493000+00:00,004, ,, , 
net_shM92owBbVMQAOLaa5V1,shM92owBbVMQAOLaa5V1,2024-01-05 15:28:25.496000+00:00,004, ,, , 
net_tBM92owBbVMQAOLaa5V1,tBM92owBbVMQAOLaa5V1,2024-01-05 15:28:25.498000+00:00,004, ,, , 
net_tRM92owBbVMQAOLaa5V1,tRM92owBbVMQAOLaa5V1,2024-01-05 15:28:25.600000+00:00,004, ,, , 
net_thM92owBbVMQAOLaa5V1,thM92owBbVMQAOLaa5V1,2024-01-05 15:28:25.600000+00:00,004, ,, , 
net_vBM92owBbVMQAOLaa5V1,vBM92owBbVMQAOLaa5V1,2024-01-05 15:28:25.496000+00:00,004, ,, , 
net_bRM92owBbVMQAOLaQZUb,bRM92owBbVMQAOLaQZUb,2024-01-05 15:28:13.348000+00:00,004, ,, , 
net_cRM92owBbVMQAOLaQZUb,cRM92owBbVMQAOLaQZUb,2024-01-05 15:28:13.451000+00:00,004, ,, , 
net_cxM92owBbVMQAOLaQZUb,cxM92owBbVMQAOLaQZUb,2024-01-05 15:28:13.689000+00:00,004, ,, , 
net_dRM92owBbVMQAOLaQZUb,dRM92owBbVMQAOLaQZUb,2024-01-05 15:28:13.806000+00:00,004, ,, , 
net_dxM92owBbVMQAOLaQZUb,dxM92owBbVMQAOLaQZUb,2024-01-05 15:28:13.922000+00:00,004, ,, , 
net_fBM92owBbVMQAOLaQZUb,fBM92owBbVMQAOLaQZUb,2024-01-05 15:28:15.135000+00:00,004, ,, , 
net_fhM92owBbVMQAOLaQZUb,fhM92owBbVMQAOLaQZUb,2024-01-05 15:28:15.136000+00:00,004, ,, , 
net_gxM92owBbVMQAOLaQZUb,gxM92owBbVMQAOLaQZUb,2024-01-05 15:28:15.361000+00:00,004, ,, , 
net_hhM92owBbVMQAOLaSpUn,hhM92owBbVMQAOLaSpUn,2024-01-05 15:28:17.404000+00:00,004, ,, , 
net_iBM92owBbVMQAOLaSpUo,iBM92owBbVMQAOLaSpUo,2024-01-05 15:28:17.404000+00:00,004, ,, , 
net_ihM92owBbVMQAOLaSpUo,ihM92owBbVMQAOLaSpUo,2024-01-05 15:28:17.406000+00:00,004, ,, , 
net_ixM92owBbVMQAOLaTpUW,ixM92owBbVMQAOLaTpUW,2024-01-05 15:28:17.406000+00:00,004, ,, , 
net_jBM92owBbVMQAOLaTpUW,jBM92owBbVMQAOLaTpUW,2024-01-05 15:28:17.641000+00:00,004, ,, , 
net_6hM82owBbVMQAOLa75Qq,6hM82owBbVMQAOLa75Qq,2024-01-05 15:27:53.172000+00:00,004, ,, , 
net_7RM82owBbVMQAOLa75Qq,7RM82owBbVMQAOLa75Qq,2024-01-05 15:27:53.283000+00:00,004, ,, , 
net_8xM82owBbVMQAOLa75Qq,8xM82owBbVMQAOLa75Qq,2024-01-05 15:27:53.291000+00:00,004, ,, , 
net_9RM82owBbVMQAOLa75Qq,9RM82owBbVMQAOLa75Qq,2024-01-05 15:27:53.299000+00:00,004, ,, , 
net_9xM82owBbVMQAOLa75Qq,9xM82owBbVMQAOLa75Qq,2024-01-05 15:27:53.309000+00:00,004, ,, , 
net_'-RM82owBbVMQAOLa75Qq,'-RM82owBbVMQAOLa75Qq,2024-01-05 15:27:53.400000+00:00,004, ,, , 
net_'-hM82owBbVMQAOLa75Qq,'-hM82owBbVMQAOLa75Qq,2024-01-05 15:27:53.418000+00:00,004, ,, , 
net__RM82owBbVMQAOLa75Qq,_RM82owBbVMQAOLa75Qq,2024-01-05 15:27:53.418000+00:00,004, ,, , 
net_ARM82owBbVMQAOLa-JUX,ARM82owBbVMQAOLa-JUX,2024-01-05 15:27:54.119000+00:00,004, ,, , 
net_BRM82owBbVMQAOLa-JUX,BRM82owBbVMQAOLa-JUX,2024-01-05 15:27:55.471000+00:00,004, ,, , 
net_BhM82owBbVMQAOLa-JUX,BhM82owBbVMQAOLa-JUX,2024-01-05 15:27:55.471000+00:00,004, ,, , 
net_CBM82owBbVMQAOLa-JUX,CBM82owBbVMQAOLa-JUX,2024-01-05 15:27:55.706000+00:00,004, ,, , 
net_DRM82owBbVMQAOLa-JUX,DRM82owBbVMQAOLa-JUX,2024-01-05 15:27:55.706000+00:00,004, ,, , 
net_DhM82owBbVMQAOLa-JUX,DhM82owBbVMQAOLa-JUX,2024-01-05 15:27:55.706000+00:00,004, ,, , 
net_EBM82owBbVMQAOLa-JUX,EBM82owBbVMQAOLa-JUX,2024-01-05 15:27:55.706000+00:00,004, ,, , 
net_ERM82owBbVMQAOLa-JUX,ERM82owBbVMQAOLa-JUX,2024-01-05 15:27:55.707000+00:00,004, ,, , 
net_EhM82owBbVMQAOLa-JUX,EhM82owBbVMQAOLa-JUX,2024-01-05 15:27:55.797000+00:00,004, ,, , 
net_lxM82owBbVMQAOLay5Sm,lxM82owBbVMQAOLay5Sm,2024-01-05 15:27:44.603000+00:00,004, ,, , 
net_mBM82owBbVMQAOLay5Sm,mBM82owBbVMQAOLay5Sm,2024-01-05 15:27:44.751000+00:00,004, ,, , 
net_mRM82owBbVMQAOLay5Sm,mRM82owBbVMQAOLay5Sm,2024-01-05 15:27:44.751000+00:00,004, ,, , 
net_mxM82owBbVMQAOLay5Sm,mxM82owBbVMQAOLay5Sm,2024-01-05 15:27:44.755000+00:00,004, ,, , 
net_pRM82owBbVMQAOLa0JRn,pRM82owBbVMQAOLa0JRn,2024-01-05 15:27:45.679000+00:00,004, ,, , 
net_qBM82owBbVMQAOLa1JQw,qBM82owBbVMQAOLa1JQw,2024-01-05 15:27:46.651000+00:00,004, ,, , 
net_qxM82owBbVMQAOLa1JQw,qxM82owBbVMQAOLa1JQw,2024-01-05 15:27:46.653000+00:00,004, ,, , 
net_sxM82owBbVMQAOLa1JQw,sxM82owBbVMQAOLa1JQw,2024-01-05 15:27:47.377000+00:00,004, ,, , 
net_tBM82owBbVMQAOLa1JQw,tBM82owBbVMQAOLa1JQw,2024-01-05 15:27:47.378000+00:00,004, ,, , 
net_uxM82owBbVMQAOLa3ZSk,uxM82owBbVMQAOLa3ZSk,2024-01-05 15:27:48.696000+00:00,004, ,, , 
net_vxM82owBbVMQAOLa3ZSk,vxM82owBbVMQAOLa3ZSk,2024-01-05 15:27:48.821000+00:00,004, ,, , 
net_wBM82owBbVMQAOLa3ZSk,wBM82owBbVMQAOLa3ZSk,2024-01-05 15:27:48.821000+00:00,004, ,, , 
net_yxM82owBbVMQAOLa4ZRu,yxM82owBbVMQAOLa4ZRu,2024-01-05 15:27:50.730000+00:00,004, ,, , 
net_zhM82owBbVMQAOLa4ZRu,zhM82owBbVMQAOLa4ZRu,2024-01-05 15:27:50.731000+00:00,004, ,, , 
net_zxM82owBbVMQAOLa4ZRu,zxM82owBbVMQAOLa4ZRu,2024-01-05 15:27:50.857000+00:00,004, ,, , 
net_0BM82owBbVMQAOLa4ZRu,0BM82owBbVMQAOLa4ZRu,2024-01-05 15:27:50.858000+00:00,004, ,, , 
net_0hM82owBbVMQAOLa4ZRu,0hM82owBbVMQAOLa4ZRu,2024-01-05 15:27:51.187000+00:00,004, ,, , 
net_1BM82owBbVMQAOLa4ZRu,1BM82owBbVMQAOLa4ZRu,2024-01-05 15:27:51.367000+00:00,004, ,, , 
net_2BM82owBbVMQAOLa6pSH,2BM82owBbVMQAOLa6pSH,2024-01-05 15:27:52.705000+00:00,004, ,, , 
net_2hM82owBbVMQAOLa6pSH,2hM82owBbVMQAOLa6pSH,2024-01-05 15:27:52.693000+00:00,004, ,, , 
net_3hM82owBbVMQAOLa6pSH,3hM82owBbVMQAOLa6pSH,2024-01-05 15:27:52.827000+00:00,004, ,, , 
net_4BM82owBbVMQAOLa6pSH,4BM82owBbVMQAOLa6pSH,2024-01-05 15:27:52.916000+00:00,004, ,, , 
net_4xM82owBbVMQAOLa6pSH,4xM82owBbVMQAOLa6pSH,2024-01-05 15:27:53.051000+00:00,004, ,, , 
net_5BM82owBbVMQAOLa6pSI,5BM82owBbVMQAOLa6pSI,2024-01-05 15:27:53.057000+00:00,004, ,, , 
net_rirr1owBBvI38zPExXoc,rirr1owBBvI38zPExXoc,2024-01-05 00:00:20.119000+00:00,004, ,, , 
net_ryrr1owBBvI38zPExXoc,ryrr1owBBvI38zPExXoc,2024-01-05 00:00:20.119000+00:00,004, ,, , 
net_sSrr1owBBvI38zPExXoc,sSrr1owBBvI38zPExXoc,2024-01-05 00:00:20.141000+00:00,004, ,, , 
net_tSrr1owBBvI38zPExXoc,tSrr1owBBvI38zPExXoc,2024-01-05 00:00:20.153000+00:00,004, ,, , 
net_phM82owBbVMQAOLaJJNJ,phM82owBbVMQAOLaJJNJ,2024-01-05 00:12:21.336000+00:00,004, ,, , 
net_YxM_2owBbVMQAOLaeZgx,YxM_2owBbVMQAOLaeZgx,2024-01-05 15:30:39.291000+00:00,004, ,, , 
net_ZBM_2owBbVMQAOLaeZgx,ZBM_2owBbVMQAOLaeZgx,2024-01-05 15:30:39.291000+00:00,004, ,, , 
net_ZxM_2owBbVMQAOLaeZgx,ZxM_2owBbVMQAOLaeZgx,2024-01-05 15:30:39.339000+00:00,004, ,, , 
net_ahM_2owBbVMQAOLaeZgx,ahM_2owBbVMQAOLaeZgx,2024-01-05 15:30:39.339000+00:00,004, ,, , 
net_bRM_2owBbVMQAOLaeZgx,bRM_2owBbVMQAOLaeZgx,2024-01-05 15:30:39.343000+00:00,004, ,, , 
net_bhM_2owBbVMQAOLaeZgx,bhM_2owBbVMQAOLaeZgx,2024-01-05 15:30:39.340000+00:00,004, ,, , 
net_chM_2owBbVMQAOLaeZgx,chM_2owBbVMQAOLaeZgx,2024-01-05 15:30:39.348000+00:00,004, ,, , 
net_cxM_2owBbVMQAOLaeZgx,cxM_2owBbVMQAOLaeZgx,2024-01-05 15:30:39.348000+00:00,004, ,, , 
net_dBM_2owBbVMQAOLaeZgx,dBM_2owBbVMQAOLaeZgx,2024-01-05 15:30:39.342000+00:00,004, ,, , 
net_dhM_2owBbVMQAOLaeZgx,dhM_2owBbVMQAOLaeZgx,2024-01-05 15:30:39.343000+00:00,004, ,, , 
net_fxM_2owBbVMQAOLaeZgx,fxM_2owBbVMQAOLaeZgx,2024-01-05 15:30:39.459000+00:00,004, ,, , 
net_gBM_2owBbVMQAOLaeZgz,gBM_2owBbVMQAOLaeZgz,2024-01-05 15:30:39.589000+00:00,004, ,, , 
net_gRM_2owBbVMQAOLaeZgz,gRM_2owBbVMQAOLaeZgz,2024-01-05 15:30:39.478000+00:00,004, ,, , 
net_gxM_2owBbVMQAOLafZiI,gxM_2owBbVMQAOLafZiI,2024-01-05 15:30:41.133000+00:00,004, ,, , 
net_ihM_2owBbVMQAOLafZiI,ihM_2owBbVMQAOLafZiI,2024-01-05 15:30:41.155000+00:00,004, ,, , 
net_ixM_2owBbVMQAOLafZiI,ixM_2owBbVMQAOLafZiI,2024-01-05 15:30:41.155000+00:00,004, ,, , 
net_jBM_2owBbVMQAOLafZiI,jBM_2owBbVMQAOLafZiI,2024-01-05 15:30:41.155000+00:00,004, ,, , 
net_kBM_2owBbVMQAOLafZiI,kBM_2owBbVMQAOLafZiI,2024-01-05 15:30:41.153000+00:00,004, ,, , 
net_khM_2owBbVMQAOLafZiI,khM_2owBbVMQAOLafZiI,2024-01-05 15:30:41.152000+00:00,004, ,, , 
net_mhM_2owBbVMQAOLagJj7,mhM_2owBbVMQAOLagJj7,2024-01-05 15:30:42.955000+00:00,004, ,, , 
net_nRM_2owBbVMQAOLagJj7,nRM_2owBbVMQAOLagJj7,2024-01-05 15:30:42.967000+00:00,004, ,, , 
net_ohM_2owBbVMQAOLagJj7,ohM_2owBbVMQAOLagJj7,2024-01-05 15:30:42.976000+00:00,004, ,, , 
net_pxM_2owBbVMQAOLagJj7,pxM_2owBbVMQAOLagJj7,2024-01-05 15:30:42.995000+00:00,004, ,, , 
net_qRM_2owBbVMQAOLagJj7,qRM_2owBbVMQAOLagJj7,2024-01-05 15:30:42.996000+00:00,004, ,, , 
net_sBM_2owBbVMQAOLahJjG,sBM_2owBbVMQAOLahJjG,2024-01-05 15:30:43.013000+00:00,004, ,, , 
net_tBM_2owBbVMQAOLahJjG,tBM_2owBbVMQAOLahJjG,2024-01-05 15:30:43.031000+00:00,004, ,, , 
net_uRM_2owBbVMQAOLahJjG,uRM_2owBbVMQAOLahJjG,2024-01-05 15:30:43.045000+00:00,004, ,, , 
net_vRM_2owBbVMQAOLaiJjg,vRM_2owBbVMQAOLaiJjg,2024-01-05 15:30:44.958000+00:00,004, ,, , 
net_wxM_2owBbVMQAOLaiJjg,wxM_2owBbVMQAOLaiJjg,2024-01-05 15:30:44.969000+00:00,004, ,, , 
net_xxM_2owBbVMQAOLaiJjg,xxM_2owBbVMQAOLaiJjg,2024-01-05 15:30:44.983000+00:00,004, ,, , 
net_yhM_2owBbVMQAOLaiJjg,yhM_2owBbVMQAOLaiJjg,2024-01-05 15:30:44.988000+00:00,004, ,, , 
net_zRM_2owBbVMQAOLaiJjg,zRM_2owBbVMQAOLaiJjg,2024-01-05 15:30:44.994000+00:00,004, ,, , 
net_3RM_2owBbVMQAOLaiJjg,3RM_2owBbVMQAOLaiJjg,2024-01-05 15:30:45.027000+00:00,004, ,, , 
net_3hM_2owBbVMQAOLaiJjg,3hM_2owBbVMQAOLaiJjg,2024-01-05 15:30:45.028000+00:00,004, ,, , 
net_4BM_2owBbVMQAOLaiJjg,4BM_2owBbVMQAOLaiJjg,2024-01-05 15:30:45.035000+00:00,004, ,, , 
net_EBM-2owBbVMQAOLaRZda,EBM-2owBbVMQAOLaRZda,2024-01-05 15:29:20.833000+00:00,004, ,, , 
net_ExM-2owBbVMQAOLaS5dw,ExM-2owBbVMQAOLaS5dw,2024-01-05 15:29:22.888000+00:00,004, ,, , 
net_FRM-2owBbVMQAOLaS5dw,FRM-2owBbVMQAOLaS5dw,2024-01-05 15:29:22.911000+00:00,004, ,, , 
net_FhM-2owBbVMQAOLaS5dw,FhM-2owBbVMQAOLaS5dw,2024-01-05 15:29:22.954000+00:00,004, ,, , 
net_GBM-2owBbVMQAOLaS5dw,GBM-2owBbVMQAOLaS5dw,2024-01-05 15:29:22.956000+00:00,004, ,, , 
net_GxM-2owBbVMQAOLaS5dw,GxM-2owBbVMQAOLaS5dw,2024-01-05 15:29:22.958000+00:00,004, ,, , 
net_HBM-2owBbVMQAOLaS5dw,HBM-2owBbVMQAOLaS5dw,2024-01-05 15:29:22.958000+00:00,004, ,, , 
net_HRM-2owBbVMQAOLaS5dw,HRM-2owBbVMQAOLaS5dw,2024-01-05 15:29:22.956000+00:00,004, ,, , 
net_HxM-2owBbVMQAOLaS5dw,HxM-2owBbVMQAOLaS5dw,2024-01-05 15:29:23.018000+00:00,004, ,, , 
net_JRM-2owBbVMQAOLaS5dw,JRM-2owBbVMQAOLaS5dw,2024-01-05 15:29:23.021000+00:00,004, ,, , 
net_KhM-2owBbVMQAOLaS5dw,KhM-2owBbVMQAOLaS5dw,2024-01-05 15:29:22.954000+00:00,004, ,, , 
net_KxM-2owBbVMQAOLaS5dw,KxM-2owBbVMQAOLaS5dw,2024-01-05 15:29:22.958000+00:00,004, ,, , 
net_MBM-2owBbVMQAOLaS5dw,MBM-2owBbVMQAOLaS5dw,2024-01-05 15:29:23.116000+00:00,004, ,, , 
net_MRM-2owBbVMQAOLaS5dw,MRM-2owBbVMQAOLaS5dw,2024-01-05 15:29:23.116000+00:00,004, ,, , 
net_NRM-2owBbVMQAOLaUpdw,NRM-2owBbVMQAOLaUpdw,2024-01-05 15:29:24.243000+00:00,004, ,, , 
net_NxM-2owBbVMQAOLaUpdw,NxM-2owBbVMQAOLaUpdw,2024-01-05 15:29:24.376000+00:00,004, ,, , 
net_PhM-2owBbVMQAOLaUpdw,PhM-2owBbVMQAOLaUpdw,2024-01-05 15:29:24.490000+00:00,004, ,, , 
net_QRM-2owBbVMQAOLaUpdw,QRM-2owBbVMQAOLaUpdw,2024-01-05 15:29:24.487000+00:00,004, ,, , 
net_RBM-2owBbVMQAOLaUpdw,RBM-2owBbVMQAOLaUpdw,2024-01-05 15:29:24.497000+00:00,004, ,, , 
net_RRM-2owBbVMQAOLaUpdw,RRM-2owBbVMQAOLaUpdw,2024-01-05 15:29:24.506000+00:00,004, ,, , 
net_SRM-2owBbVMQAOLaVpfb,SRM-2owBbVMQAOLaVpfb,2024-01-05 15:29:26.264000+00:00,004, ,, , 
net_ShM-2owBbVMQAOLaVpfc,ShM-2owBbVMQAOLaVpfc,2024-01-05 15:29:26.265000+00:00,004, ,, , 
net_TRM-2owBbVMQAOLaVpfc,TRM-2owBbVMQAOLaVpfc,2024-01-05 15:29:26.385000+00:00,004, ,, , 
net_JhM_2owBbVMQAOLaapgv,JhM_2owBbVMQAOLaapgv,2024-01-05 15:30:32.822000+00:00,004, ,, , 
net_KBM_2owBbVMQAOLaapgv,KBM_2owBbVMQAOLaapgv,2024-01-05 15:30:32.827000+00:00,004, ,, , 
net_KRM_2owBbVMQAOLaapgv,KRM_2owBbVMQAOLaapgv,2024-01-05 15:30:32.830000+00:00,004, ,, , 
net_KhM_2owBbVMQAOLaapgv,KhM_2owBbVMQAOLaapgv,2024-01-05 15:30:32.832000+00:00,004, ,, , 
net_KxM_2owBbVMQAOLaapgv,KxM_2owBbVMQAOLaapgv,2024-01-05 15:30:32.834000+00:00,004, ,, , 
net_LBM_2owBbVMQAOLaapgv,LBM_2owBbVMQAOLaapgv,2024-01-05 15:30:32.838000+00:00,004, ,, , 
net_NBM_2owBbVMQAOLaapgv,NBM_2owBbVMQAOLaapgv,2024-01-05 15:30:34.966000+00:00,004, ,, , 
net_PBM_2owBbVMQAOLaapgv,PBM_2owBbVMQAOLaapgv,2024-01-05 15:30:35.079000+00:00,004, ,, , 
net_PxM_2owBbVMQAOLaapgv,PxM_2owBbVMQAOLaapgv,2024-01-05 15:30:35.084000+00:00,004, ,, , 
net_QRM_2owBbVMQAOLaapgv,QRM_2owBbVMQAOLaapgv,2024-01-05 15:30:35.339000+00:00,004, ,, , 
net_QhM_2owBbVMQAOLaapgv,QhM_2owBbVMQAOLaapgv,2024-01-05 15:30:35.340000+00:00,004, ,, , 
net_SRM_2owBbVMQAOLaapgv,SRM_2owBbVMQAOLaapgv,2024-01-05 15:30:35.784000+00:00,004, ,, , 
net_TBM_2owBbVMQAOLabJik,TBM_2owBbVMQAOLabJik,2024-01-05 15:30:36.823000+00:00,004, ,, , 
net_VRM_2owBbVMQAOLabJik,VRM_2owBbVMQAOLabJik,2024-01-05 15:30:36.853000+00:00,004, ,, , 
net_XBM_2owBbVMQAOLabJik,XBM_2owBbVMQAOLabJik,2024-01-05 15:30:36.872000+00:00,004, ,, , 
net_XRM_2owBbVMQAOLabJik,XRM_2owBbVMQAOLabJik,2024-01-05 15:30:36.872000+00:00,004, ,, , 
net_YBM_2owBbVMQAOLabJik,YBM_2owBbVMQAOLabJik,2024-01-05 15:30:36.966000+00:00,004, ,, , 
net_YRM_2owBbVMQAOLabJik,YRM_2owBbVMQAOLabJik,2024-01-05 15:30:36.968000+00:00,004, ,, , 
net_VhM-2owBbVMQAOLaa5e-,VhM-2owBbVMQAOLaa5e-,2024-01-05 15:29:30.661000+00:00,004, ,, , 
net_WhM-2owBbVMQAOLaa5e-,WhM-2owBbVMQAOLaa5e-,2024-01-05 15:29:30.661000+00:00,004, ,, , 
net_XRM-2owBbVMQAOLaa5e-,XRM-2owBbVMQAOLaa5e-,2024-01-05 15:29:30.672000+00:00,004, ,, , 
net_YRM-2owBbVMQAOLaa5e-,YRM-2owBbVMQAOLaa5e-,2024-01-05 15:29:30.672000+00:00,004, ,, , 
net_YxM-2owBbVMQAOLaa5e-,YxM-2owBbVMQAOLaa5e-,2024-01-05 15:29:30.672000+00:00,004, ,, , 
net_ZhM-2owBbVMQAOLaa5e-,ZhM-2owBbVMQAOLaa5e-,2024-01-05 15:29:30.672000+00:00,004, ,, , 
net_aBM-2owBbVMQAOLaa5e_,aBM-2owBbVMQAOLaa5e_,2024-01-05 15:29:30.664000+00:00,004, ,, , 
net_aRM-2owBbVMQAOLaa5e_,aRM-2owBbVMQAOLaa5e_,2024-01-05 15:29:30.664000+00:00,004, ,, , 
net_ahM-2owBbVMQAOLaa5e_,ahM-2owBbVMQAOLaa5e_,2024-01-05 15:29:30.671000+00:00,004, ,, , 
net_chM-2owBbVMQAOLaa5e_,chM-2owBbVMQAOLaa5e_,2024-01-05 15:29:30.679000+00:00,004, ,, , 
net_dRM-2owBbVMQAOLaa5e_,dRM-2owBbVMQAOLaa5e_,2024-01-05 15:29:30.679000+00:00,004, ,, , 
net_exM-2owBbVMQAOLaa5e_,exM-2owBbVMQAOLaa5e_,2024-01-05 15:29:30.663000+00:00,004, ,, , 
net_fRM-2owBbVMQAOLab5co,fRM-2owBbVMQAOLab5co,2024-01-05 15:29:30.684000+00:00,004, ,, , 
net_hxM-2owBbVMQAOLab5cp,hxM-2owBbVMQAOLab5cp,2024-01-05 15:29:32.319000+00:00,004, ,, , 
net_iBM-2owBbVMQAOLab5cp,iBM-2owBbVMQAOLab5cp,2024-01-05 15:29:32.320000+00:00,004, ,, , 
net_jRM-2owBbVMQAOLab5cp,jRM-2owBbVMQAOLab5cp,2024-01-05 15:29:32.314000+00:00,004, ,, , 
net_kBM-2owBbVMQAOLab5cq,kBM-2owBbVMQAOLab5cq,2024-01-05 15:29:32.322000+00:00,004, ,, , 
net_kRM-2owBbVMQAOLab5cq,kRM-2owBbVMQAOLab5cq,2024-01-05 15:29:32.324000+00:00,004, ,, , 
net_lBM-2owBbVMQAOLac5cK,lBM-2owBbVMQAOLac5cK,2024-01-05 15:29:32.405000+00:00,004, ,, , 
net_lhM-2owBbVMQAOLac5cK,lhM-2owBbVMQAOLac5cK,2024-01-05 15:29:32.412000+00:00,004, ,, , 
net_lxM-2owBbVMQAOLac5cK,lxM-2owBbVMQAOLac5cK,2024-01-05 15:29:34.642000+00:00,004, ,, , 
net_mBM-2owBbVMQAOLac5cK,mBM-2owBbVMQAOLac5cK,2024-01-05 15:29:34.689000+00:00,004, ,, , 
net_mRM-2owBbVMQAOLac5cL,mRM-2owBbVMQAOLac5cL,2024-01-05 15:29:34.696000+00:00,004, ,, , 
net_mhM-2owBbVMQAOLac5cL,mhM-2owBbVMQAOLac5cL,2024-01-05 15:29:34.696000+00:00,004, ,, , 
net_mxM-2owBbVMQAOLac5cL,mxM-2owBbVMQAOLac5cL,2024-01-05 15:29:34.696000+00:00,004, ,, , 
net_nhM-2owBbVMQAOLac5cL,nhM-2owBbVMQAOLac5cL,2024-01-05 15:29:34.703000+00:00,004, ,, , 
net_oRM-2owBbVMQAOLac5cL,oRM-2owBbVMQAOLac5cL,2024-01-05 15:29:34.703000+00:00,004, ,, , 
net_oxM-2owBbVMQAOLac5cL,oxM-2owBbVMQAOLac5cL,2024-01-05 15:29:34.703000+00:00,004, ,, , 
net_1hM-2owBbVMQAOLauJec,1hM-2owBbVMQAOLauJec,2024-01-05 15:29:50.613000+00:00,004, ,, , 
net_2xM-2owBbVMQAOLauJec,2xM-2owBbVMQAOLauJec,2024-01-05 15:29:50.616000+00:00,004, ,, , 
net_4RM-2owBbVMQAOLauJec,4RM-2owBbVMQAOLauJec,2024-01-05 15:29:50.633000+00:00,004, ,, , 
net_5BM-2owBbVMQAOLauJec,5BM-2owBbVMQAOLauJec,2024-01-05 15:29:50.673000+00:00,004, ,, , 
net_6RM-2owBbVMQAOLauJec,6RM-2owBbVMQAOLauJec,2024-01-05 15:29:50.674000+00:00,004, ,, , 
net_6xM-2owBbVMQAOLauJec,6xM-2owBbVMQAOLauJec,2024-01-05 15:29:50.679000+00:00,004, ,, , 
net_7xM-2owBbVMQAOLauJec,7xM-2owBbVMQAOLauJec,2024-01-05 15:29:50.692000+00:00,004, ,, , 
net_9hM-2owBbVMQAOLauJec,9hM-2owBbVMQAOLauJec,2024-01-05 15:29:50.712000+00:00,004, ,, , 
net_'-BM-2owBbVMQAOLauJec,'-BM-2owBbVMQAOLauJec,2024-01-05 15:29:50.740000+00:00,004, ,, , 
net_'-hM-2owBbVMQAOLauJec,'-hM-2owBbVMQAOLauJec,2024-01-05 15:29:50.741000+00:00,004, ,, , 
net__xM-2owBbVMQAOLauJec,_xM-2owBbVMQAOLauJec,2024-01-05 15:29:50.745000+00:00,004, ,, , 
net_ARM-2owBbVMQAOLauZjH,ARM-2owBbVMQAOLauZjH,2024-01-05 15:29:50.749000+00:00,004, ,, , 
net_AhM-2owBbVMQAOLauZjH,AhM-2owBbVMQAOLauZjH,2024-01-05 15:29:50.749000+00:00,004, ,, , 
net_BBM-2owBbVMQAOLauZjH,BBM-2owBbVMQAOLauZjH,2024-01-05 15:29:50.749000+00:00,004, ,, , 
net_BhM-2owBbVMQAOLauZjH,BhM-2owBbVMQAOLauZjH,2024-01-05 15:29:50.756000+00:00,004, ,, , 
net_BxM-2owBbVMQAOLauZjH,BxM-2owBbVMQAOLauZjH,2024-01-05 15:29:50.760000+00:00,004, ,, , 
net_pRM-2owBbVMQAOLae5fX,pRM-2owBbVMQAOLae5fX,2024-01-05 15:29:34.707000+00:00,004, ,, , 
net_pxM-2owBbVMQAOLae5fb,pxM-2owBbVMQAOLae5fb,2024-01-05 15:29:35.011000+00:00,004, ,, , 
net_qRM-2owBbVMQAOLae5fb,qRM-2owBbVMQAOLae5fb,2024-01-05 15:29:35.011000+00:00,004, ,, , 
net_rBM-2owBbVMQAOLae5fb,rBM-2owBbVMQAOLae5fb,2024-01-05 15:29:35.012000+00:00,004, ,, , 
net_rRM-2owBbVMQAOLae5fb,rRM-2owBbVMQAOLae5fb,2024-01-05 15:29:35.012000+00:00,004, ,, , 
net_txM-2owBbVMQAOLae5fb,txM-2owBbVMQAOLae5fb,2024-01-05 15:29:35.015000+00:00,004, ,, , 
net_uBM-2owBbVMQAOLae5fb,uBM-2owBbVMQAOLae5fb,2024-01-05 15:29:35.033000+00:00,004, ,, , 
net_vxM-2owBbVMQAOLae5fb,vxM-2owBbVMQAOLae5fb,2024-01-05 15:29:36.444000+00:00,004, ,, , 
net_xBM-2owBbVMQAOLagJcU,xBM-2owBbVMQAOLagJcU,2024-01-05 15:29:36.635000+00:00,004, ,, , 
net_xRM-2owBbVMQAOLagJcU,xRM-2owBbVMQAOLagJcU,2024-01-05 15:29:36.636000+00:00,004, ,, , 
net_ChM-2owBbVMQAOLaxJgl,ChM-2owBbVMQAOLaxJgl,2024-01-05 15:29:53.023000+00:00,004, ,, , 
net_DxM-2owBbVMQAOLaxJgl,DxM-2owBbVMQAOLaxJgl,2024-01-05 15:29:53.031000+00:00,004, ,, , 
net_EhM-2owBbVMQAOLaxJgl,EhM-2owBbVMQAOLaxJgl,2024-01-05 15:29:54.516000+00:00,004, ,, , 
net_FhM-2owBbVMQAOLax5iX,FhM-2owBbVMQAOLax5iX,2024-01-05 15:29:54.597000+00:00,004, ,, , 
net_GBM-2owBbVMQAOLax5iX,GBM-2owBbVMQAOLax5iX,2024-01-05 15:29:54.692000+00:00,004, ,, , 
net_GhM-2owBbVMQAOLax5iX,GhM-2owBbVMQAOLax5iX,2024-01-05 15:29:54.711000+00:00,004, ,, , 
net_HBM_2owBbVMQAOLaB5gT,HBM_2owBbVMQAOLaB5gT,2024-01-05 15:30:04.489000+00:00,004, ,, , 
net_xxM-2owBbVMQAOLal5c9,xxM-2owBbVMQAOLal5c9,2024-01-05 15:29:42.735000+00:00,004, ,, , 
net_hhNA2owBbVMQAOLa1puF,hhNA2owBbVMQAOLa1puF,2024-01-05 15:32:08.764000+00:00,004, ,, , 
net_hxNA2owBbVMQAOLa2puS,hxNA2owBbVMQAOLa2puS,2024-01-05 15:32:10.411000+00:00,004, ,, , 
net_iRNA2owBbVMQAOLa2puS,iRNA2owBbVMQAOLa2puS,2024-01-05 15:32:10.469000+00:00,004, ,, , 
net_jBNA2owBbVMQAOLa2puS,jBNA2owBbVMQAOLa2puS,2024-01-05 15:32:10.560000+00:00,004, ,, , 
net_jhNA2owBbVMQAOLa2puS,jhNA2owBbVMQAOLa2puS,2024-01-05 15:32:10.560000+00:00,004, ,, , 
net_kxNA2owBbVMQAOLa3puE,kxNA2owBbVMQAOLa3puE,2024-01-05 15:32:10.702000+00:00,004, ,, , 
net_oRNA2owBbVMQAOLa4pt3,oRNA2owBbVMQAOLa4pt3,2024-01-05 15:32:12.496000+00:00,004, ,, , 
net_ohNA2owBbVMQAOLa4pt3,ohNA2owBbVMQAOLa4pt3,2024-01-05 15:32:12.496000+00:00,004, ,, , 
net_phNA2owBbVMQAOLa4pt3,phNA2owBbVMQAOLa4pt3,2024-01-05 15:32:12.748000+00:00,004, ,, , 
net_pxNA2owBbVMQAOLa4pt3,pxNA2owBbVMQAOLa4pt3,2024-01-05 15:32:14.426000+00:00,004, ,, , 
net_qhNA2owBbVMQAOLa6pus,qhNA2owBbVMQAOLa6pus,2024-01-05 15:32:14.472000+00:00,004, ,, , 
net_rhNA2owBbVMQAOLa6pus,rhNA2owBbVMQAOLa6pus,2024-01-05 15:32:14.554000+00:00,004, ,, , 
net_rxNA2owBbVMQAOLa6pus,rxNA2owBbVMQAOLa6pus,2024-01-05 15:32:14.554000+00:00,004, ,, , 
net_shNA2owBbVMQAOLa6pus,shNA2owBbVMQAOLa6pus,2024-01-05 15:32:14.641000+00:00,004, ,, , 
net_uBNA2owBbVMQAOLa6pus,uBNA2owBbVMQAOLa6pus,2024-01-05 15:32:14.655000+00:00,004, ,, , 
net_wRNA2owBbVMQAOLa6pus,wRNA2owBbVMQAOLa6pus,2024-01-05 15:32:14.784000+00:00,004, ,, , 
net_whNA2owBbVMQAOLa6pus,whNA2owBbVMQAOLa6pus,2024-01-05 15:32:14.782000+00:00,004, ,, , 
net_OxNB2owBbVMQAOLaF5xr,OxNB2owBbVMQAOLaF5xr,2024-01-05 15:32:26.731000+00:00,004, ,, , 
net_PBNB2owBbVMQAOLaF5xr,PBNB2owBbVMQAOLaF5xr,2024-01-05 15:32:26.929000+00:00,004, ,, , 
net_PxNB2owBbVMQAOLaG5zL,PxNB2owBbVMQAOLaG5zL,2024-01-05 15:32:28.606000+00:00,004, ,, , 
net_QBNB2owBbVMQAOLaG5zL,QBNB2owBbVMQAOLaG5zL,2024-01-05 15:32:28.606000+00:00,004, ,, , 
net_QRNB2owBbVMQAOLaG5zL,QRNB2owBbVMQAOLaG5zL,2024-01-05 15:32:28.615000+00:00,004, ,, , 
net_QhNB2owBbVMQAOLaG5zL,QhNB2owBbVMQAOLaG5zL,2024-01-05 15:32:28.620000+00:00,004, ,, , 
net_RhNB2owBbVMQAOLaH5x-,RhNB2owBbVMQAOLaH5x-,2024-01-05 15:32:28.844000+00:00,004, ,, , 
net_SRNB2owBbVMQAOLaH5x-,SRNB2owBbVMQAOLaH5x-,2024-01-05 15:32:28.854000+00:00,004, ,, , 
net_TRNB2owBbVMQAOLaI5xr,TRNB2owBbVMQAOLaI5xr,2024-01-05 15:32:28.958000+00:00,004, ,, , 
net_VBNB2owBbVMQAOLaJ5yA,VBNB2owBbVMQAOLaJ5yA,2024-01-05 15:32:30.698000+00:00,004, ,, , 
net_XBNB2owBbVMQAOLaM5xp,XBNB2owBbVMQAOLaM5xp,2024-01-05 15:32:32.743000+00:00,004, ,, , 
net_XhNB2owBbVMQAOLaM5xp,XhNB2owBbVMQAOLaM5xp,2024-01-05 15:32:32.860000+00:00,004, ,, , 
net_YBNB2owBbVMQAOLaN5yo,YBNB2owBbVMQAOLaN5yo,2024-01-05 15:32:34.782000+00:00,004, ,, , 
net_YRNB2owBbVMQAOLaN5yo,YRNB2owBbVMQAOLaN5yo,2024-01-05 15:32:34.783000+00:00,004, ,, , 
net_YhNB2owBbVMQAOLaN5yo,YhNB2owBbVMQAOLaN5yo,2024-01-05 15:32:34.783000+00:00,004, ,, , 
net_ZRNB2owBbVMQAOLaN5yo,ZRNB2owBbVMQAOLaN5yo,2024-01-05 15:32:34.796000+00:00,004, ,, , 
net_ZhNB2owBbVMQAOLaN5yo,ZhNB2owBbVMQAOLaN5yo,2024-01-05 15:32:34.796000+00:00,004, ,, , 
net_ZxNB2owBbVMQAOLaN5yo,ZxNB2owBbVMQAOLaN5yo,2024-01-05 15:32:34.796000+00:00,004, ,, , 
net_axNB2owBbVMQAOLaN5yo,axNB2owBbVMQAOLaN5yo,2024-01-05 15:32:34.806000+00:00,004, ,, , 
net_bRNB2owBbVMQAOLaN5yo,bRNB2owBbVMQAOLaN5yo,2024-01-05 15:32:34.797000+00:00,004, ,, , 
net_bhNB2owBbVMQAOLaN5yo,bhNB2owBbVMQAOLaN5yo,2024-01-05 15:32:34.925000+00:00,004, ,, , 
net_cBNB2owBbVMQAOLaN5yo,cBNB2owBbVMQAOLaN5yo,2024-01-05 15:32:34.926000+00:00,004, ,, , 
net_cRNB2owBbVMQAOLaN5yo,cRNB2owBbVMQAOLaN5yo,2024-01-05 15:32:34.933000+00:00,004, ,, , 
net_yBNA2owBbVMQAOLa7ptD,yBNA2owBbVMQAOLa7ptD,2024-01-05 15:32:16.461000+00:00,004, ,, , 
net_zxNA2owBbVMQAOLa8pt9,zxNA2owBbVMQAOLa8pt9,2024-01-05 15:32:16.462000+00:00,004, ,, , 
net_0xNA2owBbVMQAOLa8pt9,0xNA2owBbVMQAOLa8pt9,2024-01-05 15:32:16.578000+00:00,004, ,, , 
net_2hNA2owBbVMQAOLa8pt9,2hNA2owBbVMQAOLa8pt9,2024-01-05 15:32:16.816000+00:00,004, ,, , 
net_3BNA2owBbVMQAOLa8pt9,3BNA2owBbVMQAOLa8pt9,2024-01-05 15:32:16.817000+00:00,004, ,, , 
net_4xNA2owBbVMQAOLa_pte,4xNA2owBbVMQAOLa_pte,2024-01-05 15:32:18.624000+00:00,004, ,, , 
net_6BNA2owBbVMQAOLa_pte,6BNA2owBbVMQAOLa_pte,2024-01-05 15:32:18.625000+00:00,004, ,, , 
net_6hNA2owBbVMQAOLa_pte,6hNA2owBbVMQAOLa_pte,2024-01-05 15:32:18.631000+00:00,004, ,, , 
net_6xNA2owBbVMQAOLa_pte,6xNA2owBbVMQAOLa_pte,2024-01-05 15:32:18.631000+00:00,004, ,, , 
net_7BNA2owBbVMQAOLa_pte,7BNA2owBbVMQAOLa_pte,2024-01-05 15:32:20.420000+00:00,004, ,, , 
net_7RNA2owBbVMQAOLa_pte,7RNA2owBbVMQAOLa_pte,2024-01-05 15:32:20.423000+00:00,004, ,, , 
net_8BNA2owBbVMQAOLa_pte,8BNA2owBbVMQAOLa_pte,2024-01-05 15:32:20.429000+00:00,004, ,, , 
net_8hNA2owBbVMQAOLa_pte,8hNA2owBbVMQAOLa_pte,2024-01-05 15:32:20.433000+00:00,004, ,, , 
net_8xNA2owBbVMQAOLa_pte,8xNA2owBbVMQAOLa_pte,2024-01-05 15:32:20.526000+00:00,004, ,, , 
net_9BNA2owBbVMQAOLa_pte,9BNA2owBbVMQAOLa_pte,2024-01-05 15:32:20.535000+00:00,004, ,, , 
net_9hNA2owBbVMQAOLa_pte,9hNA2owBbVMQAOLa_pte,2024-01-05 15:32:20.535000+00:00,004, ,, , 
net_9xNA2owBbVMQAOLa_pte,9xNA2owBbVMQAOLa_pte,2024-01-05 15:32:20.535000+00:00,004, ,, , 
net_'-BNA2owBbVMQAOLa_pte,'-BNA2owBbVMQAOLa_pte,2024-01-05 15:32:20.535000+00:00,004, ,, , 
net_'-RNA2owBbVMQAOLa_pte,'-RNA2owBbVMQAOLa_pte,2024-01-05 15:32:20.535000+00:00,004, ,, , 
net_ARNB2owBbVMQAOLaApxN,ARNB2owBbVMQAOLaApxN,2024-01-05 15:32:20.810000+00:00,004, ,, , 
net_AxNB2owBbVMQAOLaApxN,AxNB2owBbVMQAOLaApxN,2024-01-05 15:32:22.596000+00:00,004, ,, , 
net_BBNB2owBbVMQAOLaApxN,BBNB2owBbVMQAOLaApxN,2024-01-05 15:32:22.596000+00:00,004, ,, , 
net_BhNB2owBbVMQAOLaApxN,BhNB2owBbVMQAOLaApxN,2024-01-05 15:32:22.596000+00:00,004, ,, , 
net_CBNB2owBbVMQAOLaApxN,CBNB2owBbVMQAOLaApxN,2024-01-05 15:32:22.597000+00:00,004, ,, , 
net_CRNB2owBbVMQAOLaC5w0,CRNB2owBbVMQAOLaC5w0,2024-01-05 15:32:22.606000+00:00,004, ,, , 
net_CxNB2owBbVMQAOLaC5w0,CxNB2owBbVMQAOLaC5w0,2024-01-05 15:32:22.714000+00:00,004, ,, , 
net_DBNB2owBbVMQAOLaC5w0,DBNB2owBbVMQAOLaC5w0,2024-01-05 15:32:22.714000+00:00,004, ,, , 
net_DRNB2owBbVMQAOLaC5w0,DRNB2owBbVMQAOLaC5w0,2024-01-05 15:32:22.726000+00:00,004, ,, , 
net_DhNB2owBbVMQAOLaC5w0,DhNB2owBbVMQAOLaC5w0,2024-01-05 15:32:22.726000+00:00,004, ,, , 
net_DxNB2owBbVMQAOLaC5w0,DxNB2owBbVMQAOLaC5w0,2024-01-05 15:32:22.738000+00:00,004, ,, , 
net_FhNB2owBbVMQAOLaC5w0,FhNB2owBbVMQAOLaC5w0,2024-01-05 15:32:22.859000+00:00,004, ,, , 
net_FxNB2owBbVMQAOLaC5w0,FxNB2owBbVMQAOLaC5w0,2024-01-05 15:32:22.887000+00:00,004, ,, , 
net_HhNB2owBbVMQAOLaD5wa,HhNB2owBbVMQAOLaD5wa,2024-01-05 15:32:24.635000+00:00,004, ,, , 
net_IBNB2owBbVMQAOLaD5wa,IBNB2owBbVMQAOLaD5wa,2024-01-05 15:32:24.641000+00:00,004, ,, , 
net_MhNB2owBbVMQAOLaF5xq,MhNB2owBbVMQAOLaF5xq,2024-01-05 15:32:26.622000+00:00,004, ,, , 
net_NhNB2owBbVMQAOLaF5xq,NhNB2owBbVMQAOLaF5xq,2024-01-05 15:32:26.686000+00:00,004, ,, , 
net_NxNB2owBbVMQAOLaF5xq,NxNB2owBbVMQAOLaF5xq,2024-01-05 15:32:26.689000+00:00,004, ,, , 
net_OhNB2owBbVMQAOLaF5xq,OhNB2owBbVMQAOLaF5xq,2024-01-05 15:32:26.698000+00:00,004, ,, , 
net_whNA2owBbVMQAOLafprE,whNA2owBbVMQAOLafprE,2024-01-05 15:31:46.172000+00:00,004, ,, , 
net_xBNA2owBbVMQAOLafprE,xBNA2owBbVMQAOLafprE,2024-01-05 15:31:46.176000+00:00,004, ,, , 
net_yhNA2owBbVMQAOLafprE,yhNA2owBbVMQAOLafprE,2024-01-05 15:31:46.221000+00:00,004, ,, , 
net_yxNA2owBbVMQAOLafprE,yxNA2owBbVMQAOLafprE,2024-01-05 15:31:46.221000+00:00,004, ,, , 
net_zBNA2owBbVMQAOLafprE,zBNA2owBbVMQAOLafprE,2024-01-05 15:31:46.281000+00:00,004, ,, , 
net_zxNA2owBbVMQAOLafprE,zxNA2owBbVMQAOLafprE,2024-01-05 15:31:46.412000+00:00,004, ,, , 
net_0hNA2owBbVMQAOLagZqO,0hNA2owBbVMQAOLagZqO,2024-01-05 15:31:48.224000+00:00,004, ,, , 
net_0xNA2owBbVMQAOLagZqO,0xNA2owBbVMQAOLagZqO,2024-01-05 15:31:48.338000+00:00,004, ,, , 
net_1RNA2owBbVMQAOLagZqO,1RNA2owBbVMQAOLagZqO,2024-01-05 15:31:48.338000+00:00,004, ,, , 
net_2RNA2owBbVMQAOLagZqO,2RNA2owBbVMQAOLagZqO,2024-01-05 15:31:48.340000+00:00,004, ,, , 
net_3hNA2owBbVMQAOLagZqO,3hNA2owBbVMQAOLagZqO,2024-01-05 15:31:48.559000+00:00,004, ,, , 
net_4RNA2owBbVMQAOLahZqO,4RNA2owBbVMQAOLahZqO,2024-01-05 15:31:48.573000+00:00,004, ,, , 
net_5xNA2owBbVMQAOLaiZqO,5xNA2owBbVMQAOLaiZqO,2024-01-05 15:31:50.359000+00:00,004, ,, , 
net_6xNA2owBbVMQAOLajZq2,6xNA2owBbVMQAOLajZq2,2024-01-05 15:31:50.367000+00:00,004, ,, , 
net_7RNA2owBbVMQAOLakZqK,7RNA2owBbVMQAOLakZqK,2024-01-05 15:31:52.294000+00:00,004, ,, , 
net_7xNA2owBbVMQAOLakZqK,7xNA2owBbVMQAOLakZqK,2024-01-05 15:31:52.401000+00:00,004, ,, , 
net_'-xNA2owBbVMQAOLakZqK,'-xNA2owBbVMQAOLakZqK,2024-01-05 15:31:52.410000+00:00,004, ,, , 
net__RNA2owBbVMQAOLakZqK,_RNA2owBbVMQAOLakZqK,2024-01-05 15:31:52.528000+00:00,004, ,, , 
net_IxNA2owBbVMQAOLaqpt4,IxNA2owBbVMQAOLaqpt4,2024-01-05 15:31:58.297000+00:00,004, ,, , 
net_JRNA2owBbVMQAOLaqpt4,JRNA2owBbVMQAOLaqpt4,2024-01-05 15:31:58.294000+00:00,004, ,, , 
net_JhNA2owBbVMQAOLaqpt4,JhNA2owBbVMQAOLaqpt4,2024-01-05 15:31:58.303000+00:00,004, ,, , 
net_JxNA2owBbVMQAOLaqpt4,JxNA2owBbVMQAOLaqpt4,2024-01-05 15:31:58.303000+00:00,004, ,, , 
net_KRNA2owBbVMQAOLaqpt4,KRNA2owBbVMQAOLaqpt4,2024-01-05 15:31:58.303000+00:00,004, ,, , 
net_KhNA2owBbVMQAOLaqpt4,KhNA2owBbVMQAOLaqpt4,2024-01-05 15:31:58.303000+00:00,004, ,, , 
net_KxNA2owBbVMQAOLaqpt4,KxNA2owBbVMQAOLaqpt4,2024-01-05 15:31:58.303000+00:00,004, ,, , 
net_MBNA2owBbVMQAOLaqpt4,MBNA2owBbVMQAOLaqpt4,2024-01-05 15:31:58.323000+00:00,004, ,, , 
net_MRNA2owBbVMQAOLaqpt4,MRNA2owBbVMQAOLaqpt4,2024-01-05 15:31:58.404000+00:00,004, ,, , 
net_OBNA2owBbVMQAOLatps0,OBNA2owBbVMQAOLatps0,2024-01-05 15:32:00.347000+00:00,004, ,, , 
net_OhNA2owBbVMQAOLatps0,OhNA2owBbVMQAOLatps0,2024-01-05 15:32:00.445000+00:00,004, ,, , 
net_PxNA2owBbVMQAOLatps0,PxNA2owBbVMQAOLatps0,2024-01-05 15:32:00.347000+00:00,004, ,, , 
net_QRNA2owBbVMQAOLatps0,QRNA2owBbVMQAOLatps0,2024-01-05 15:32:00.453000+00:00,004, ,, , 
net_RBNA2owBbVMQAOLaupvV,RBNA2owBbVMQAOLaupvV,2024-01-05 15:32:02.378000+00:00,004, ,, , 
net_RRNA2owBbVMQAOLaupvV,RRNA2owBbVMQAOLaupvV,2024-01-05 15:32:02.384000+00:00,004, ,, , 
net_RhNA2owBbVMQAOLaupvV,RhNA2owBbVMQAOLaupvV,2024-01-05 15:32:02.384000+00:00,004, ,, , 
net_ShNA2owBbVMQAOLaupvV,ShNA2owBbVMQAOLaupvV,2024-01-05 15:32:02.492000+00:00,004, ,, , 
net_UBNA2owBbVMQAOLaupvV,UBNA2owBbVMQAOLaupvV,2024-01-05 15:32:02.607000+00:00,004, ,, , 
net_ARNA2owBbVMQAOLampsF,ARNA2owBbVMQAOLampsF,2024-01-05 15:31:54.335000+00:00,004, ,, , 
net_AxNA2owBbVMQAOLampsF,AxNA2owBbVMQAOLampsF,2024-01-05 15:31:54.335000+00:00,004, ,, , 
net_BhNA2owBbVMQAOLampsF,BhNA2owBbVMQAOLampsF,2024-01-05 15:31:54.335000+00:00,004, ,, , 
net_DRNA2owBbVMQAOLampsF,DRNA2owBbVMQAOLampsF,2024-01-05 15:31:54.586000+00:00,004, ,, , 
net_DxNA2owBbVMQAOLappt-,DxNA2owBbVMQAOLappt-,2024-01-05 15:31:56.296000+00:00,004, ,, , 
net_EhNA2owBbVMQAOLappt-,EhNA2owBbVMQAOLappt-,2024-01-05 15:31:56.376000+00:00,004, ,, , 
net_ExNA2owBbVMQAOLappt-,ExNA2owBbVMQAOLappt-,2024-01-05 15:31:56.376000+00:00,004, ,, , 
net_FhNA2owBbVMQAOLappt-,FhNA2owBbVMQAOLappt-,2024-01-05 15:31:56.377000+00:00,004, ,, , 
net_FxNA2owBbVMQAOLappt-,FxNA2owBbVMQAOLappt-,2024-01-05 15:31:56.379000+00:00,004, ,, , 
net_GBNA2owBbVMQAOLappt-,GBNA2owBbVMQAOLappt-,2024-01-05 15:31:56.379000+00:00,004, ,, , 
net_HBNA2owBbVMQAOLappt-,HBNA2owBbVMQAOLappt-,2024-01-05 15:31:56.377000+00:00,004, ,, , 
net_HhNA2owBbVMQAOLappt-,HhNA2owBbVMQAOLappt-,2024-01-05 15:31:56.377000+00:00,004, ,, , 
net_IRNA2owBbVMQAOLappt-,IRNA2owBbVMQAOLappt-,2024-01-05 15:31:56.488000+00:00,004, ,, , 
net_IhNA2owBbVMQAOLappt-,IhNA2owBbVMQAOLappt-,2024-01-05 15:31:56.498000+00:00,004, ,, , 
net_VhNA2owBbVMQAOLaxpuA,VhNA2owBbVMQAOLaxpuA,2024-01-05 15:32:04.414000+00:00,004, ,, , 
net_XhNA2owBbVMQAOLaxpuA,XhNA2owBbVMQAOLaxpuA,2024-01-05 15:32:04.536000+00:00,004, ,, , 
net_ZxNA2owBbVMQAOLaypu2,ZxNA2owBbVMQAOLaypu2,2024-01-05 15:32:06.460000+00:00,004, ,, , 
net_cBNA2owBbVMQAOLaypu2,cBNA2owBbVMQAOLaypu2,2024-01-05 15:32:06.581000+00:00,004, ,, , 
net_dBNA2owBbVMQAOLazpuo,dBNA2owBbVMQAOLazpuo,2024-01-05 15:32:06.819000+00:00,004, ,, , 
net_dxNA2owBbVMQAOLazpup,dxNA2owBbVMQAOLazpup,2024-01-05 15:32:08.364000+00:00,004, ,, , 
net_ehNA2owBbVMQAOLazpup,ehNA2owBbVMQAOLazpup,2024-01-05 15:32:08.401000+00:00,004, ,, , 
net_fhNA2owBbVMQAOLazpup,fhNA2owBbVMQAOLazpup,2024-01-05 15:32:08.408000+00:00,004, ,, , 
net_gBNA2owBbVMQAOLazpup,gBNA2owBbVMQAOLazpup,2024-01-05 15:32:08.408000+00:00,004, ,, , 
net_hBNA2owBbVMQAOLazpup,hBNA2owBbVMQAOLazpup,2024-01-05 15:32:08.514000+00:00,004, ,, , 
net_pxNA2owBbVMQAOLabZre,pxNA2owBbVMQAOLabZre,2024-01-05 15:31:42.221000+00:00,004, ,, , 
net_qxNA2owBbVMQAOLabZre,qxNA2owBbVMQAOLabZre,2024-01-05 15:31:42.320000+00:00,004, ,, , 
net_rBNA2owBbVMQAOLabZre,rBNA2owBbVMQAOLabZre,2024-01-05 15:31:42.408000+00:00,004, ,, , 
net_rxNA2owBbVMQAOLabZre,rxNA2owBbVMQAOLabZre,2024-01-05 15:31:42.464000+00:00,004, ,, , 
net_uBNA2owBbVMQAOLacZqj,uBNA2owBbVMQAOLacZqj,2024-01-05 15:31:44.259000+00:00,004, ,, , 
net_uhNA2owBbVMQAOLacZqj,uhNA2owBbVMQAOLacZqj,2024-01-05 15:31:44.266000+00:00,004, ,, , 
net_uxNA2owBbVMQAOLacZqj,uxNA2owBbVMQAOLacZqj,2024-01-05 15:31:44.266000+00:00,004, ,, , 
net_aRND2owBbVMQAOLa0J1a,aRND2owBbVMQAOLa0J1a,2024-01-05 15:35:22.815000+00:00,004, ,, , 
net_dRND2owBbVMQAOLa0J1a,dRND2owBbVMQAOLa0J1a,2024-01-05 15:35:24.770000+00:00,004, ,, , 
net_dxND2owBbVMQAOLa0J1a,dxND2owBbVMQAOLa0J1a,2024-01-05 15:35:24.773000+00:00,004, ,, , 
net_eRND2owBbVMQAOLa0J1a,eRND2owBbVMQAOLa0J1a,2024-01-05 15:35:24.908000+00:00,004, ,, , 
net_exND2owBbVMQAOLa0J1a,exND2owBbVMQAOLa0J1a,2024-01-05 15:35:24.909000+00:00,004, ,, , 
net_gBND2owBbVMQAOLa0J1a,gBND2owBbVMQAOLa0J1a,2024-01-05 15:35:24.989000+00:00,004, ,, , 
net_ghND2owBbVMQAOLa0J1a,ghND2owBbVMQAOLa0J1a,2024-01-05 15:35:24.989000+00:00,004, ,, , 
net_hRND2owBbVMQAOLa0J1a,hRND2owBbVMQAOLa0J1a,2024-01-05 15:35:24.990000+00:00,004, ,, , 
net_iBND2owBbVMQAOLa0J1a,iBND2owBbVMQAOLa0J1a,2024-01-05 15:35:24.990000+00:00,004, ,, , 
net_iRND2owBbVMQAOLa0J1a,iRND2owBbVMQAOLa0J1a,2024-01-05 15:35:24.990000+00:00,004, ,, , 
net_jhND2owBbVMQAOLa0J1a,jhND2owBbVMQAOLa0J1a,2024-01-05 15:35:24.990000+00:00,004, ,, , 
net_kRND2owBbVMQAOLa0J1a,kRND2owBbVMQAOLa0J1a,2024-01-05 15:35:25.008000+00:00,004, ,, , 
net_lBND2owBbVMQAOLa0J1a,lBND2owBbVMQAOLa0J1a,2024-01-05 15:35:25.013000+00:00,004, ,, , 
net_lRND2owBbVMQAOLa0J1a,lRND2owBbVMQAOLa0J1a,2024-01-05 15:35:25.013000+00:00,004, ,, , 
net_mBND2owBbVMQAOLa0J1a,mBND2owBbVMQAOLa0J1a,2024-01-05 15:35:25.014000+00:00,004, ,, , 
net_mhND2owBbVMQAOLa0p3g,mhND2owBbVMQAOLa0p3g,2024-01-05 15:35:25.021000+00:00,004, ,, , 
net_nBND2owBbVMQAOLa0p3g,nBND2owBbVMQAOLa0p3g,2024-01-05 15:35:25.134000+00:00,004, ,, , 
net_nRND2owBbVMQAOLa0p3g,nRND2owBbVMQAOLa0p3g,2024-01-05 15:35:25.149000+00:00,004, ,, , 
net_nhND2owBbVMQAOLa0p3g,nhND2owBbVMQAOLa0p3g,2024-01-05 15:35:25.251000+00:00,004, ,, , 
net_nxND2owBbVMQAOLa0p3g,nxND2owBbVMQAOLa0p3g,2024-01-05 15:35:25.252000+00:00,004, ,, , 
net_oRND2owBbVMQAOLa1J0y,oRND2owBbVMQAOLa1J0y,2024-01-05 15:35:25.252000+00:00,004, ,, , 
net_ohND2owBbVMQAOLa1J0y,ohND2owBbVMQAOLa1J0y,2024-01-05 15:35:25.256000+00:00,004, ,, , 
net_oxND2owBbVMQAOLa1J0y,oxND2owBbVMQAOLa1J0y,2024-01-05 15:35:25.253000+00:00,004, ,, , 
net_phND2owBbVMQAOLa1J0y,phND2owBbVMQAOLa1J0y,2024-01-05 15:35:25.253000+00:00,004, ,, , 
net_3RNE2owBbVMQAOLaaJ0G,3RNE2owBbVMQAOLaaJ0G,2024-01-05 15:36:01.121000+00:00,004, ,, , 
net_3xNE2owBbVMQAOLaaJ0G,3xNE2owBbVMQAOLaaJ0G,2024-01-05 15:36:01.122000+00:00,004, ,, , 
net_5BNE2owBbVMQAOLaaJ0G,5BNE2owBbVMQAOLaaJ0G,2024-01-05 15:36:01.136000+00:00,004, ,, , 
net_5xNE2owBbVMQAOLaaJ0G,5xNE2owBbVMQAOLaaJ0G,2024-01-05 15:36:01.193000+00:00,004, ,, , 
net_6xNE2owBbVMQAOLaaJ0G,6xNE2owBbVMQAOLaaJ0G,2024-01-05 15:36:03.187000+00:00,004, ,, , 
net_7hNE2owBbVMQAOLaaJ0G,7hNE2owBbVMQAOLaaJ0G,2024-01-05 15:36:03.192000+00:00,004, ,, , 
net_7xNE2owBbVMQAOLaaJ0G,7xNE2owBbVMQAOLaaJ0G,2024-01-05 15:36:03.196000+00:00,004, ,, , 
net_8RNE2owBbVMQAOLaaJ0G,8RNE2owBbVMQAOLaaJ0G,2024-01-05 15:36:03.312000+00:00,004, ,, , 
net_8hNE2owBbVMQAOLaaJ0G,8hNE2owBbVMQAOLaaJ0G,2024-01-05 15:36:03.325000+00:00,004, ,, , 
net_'-BNE2owBbVMQAOLaaJ0G,'-BNE2owBbVMQAOLaaJ0G,2024-01-05 15:36:03.439000+00:00,004, ,, , 
net_'-RNE2owBbVMQAOLaaJ0G,'-RNE2owBbVMQAOLaaJ0G,2024-01-05 15:36:03.451000+00:00,004, ,, , 
net_SBND2owBbVMQAOLalp15,SBND2owBbVMQAOLalp15,2024-01-05 15:35:10.518000+00:00,004, ,, , 
net_TBND2owBbVMQAOLalp15,TBND2owBbVMQAOLalp15,2024-01-05 15:35:10.540000+00:00,004, ,, , 
net_TxND2owBbVMQAOLamp2g,TxND2owBbVMQAOLamp2g,2024-01-05 15:35:10.649000+00:00,004, ,, , 
net_VhND2owBbVMQAOLamp2g,VhND2owBbVMQAOLamp2g,2024-01-05 15:35:12.638000+00:00,004, ,, , 
net_uRND2owBbVMQAOLa153h,uRND2owBbVMQAOLa153h,2024-01-05 15:35:27.115000+00:00,004, ,, , 
net_vRND2owBbVMQAOLa4J04,vRND2owBbVMQAOLa4J04,2024-01-05 15:35:28.827000+00:00,004, ,, , 
net_wBND2owBbVMQAOLa4J04,wBND2owBbVMQAOLa4J04,2024-01-05 15:35:29.066000+00:00,004, ,, , 
net_wRND2owBbVMQAOLa4J04,wRND2owBbVMQAOLa4J04,2024-01-05 15:35:29.066000+00:00,004, ,, , 
net_whND2owBbVMQAOLa4J04,whND2owBbVMQAOLa4J04,2024-01-05 15:35:29.066000+00:00,004, ,, , 
net_yBND2owBbVMQAOLa9J0E,yBND2owBbVMQAOLa9J0E,2024-01-05 15:35:32.773000+00:00,004, ,, , 
net_yRND2owBbVMQAOLa9J0E,yRND2owBbVMQAOLa9J0E,2024-01-05 15:35:32.774000+00:00,004, ,, , 
net_XhND2owBbVMQAOLaq53Z,XhND2owBbVMQAOLaq53Z,2024-01-05 15:35:14.859000+00:00,004, ,, , 
net_YxND2owBbVMQAOLar51I,YxND2owBbVMQAOLar51I,2024-01-05 15:35:15.098000+00:00,004, ,, , 
net_ZhND2owBbVMQAOLas50d,ZhND2owBbVMQAOLas50d,2024-01-05 15:35:16.767000+00:00,004, ,, , 
net_1xNE2owBbVMQAOLaS52t,1xNE2owBbVMQAOLaS52t,2024-01-05 15:35:53.047000+00:00,004, ,, , 
net_2BNE2owBbVMQAOLaS52t,2BNE2owBbVMQAOLaS52t,2024-01-05 15:35:53.053000+00:00,004, ,, , 
net_2xNE2owBbVMQAOLaS52t,2xNE2owBbVMQAOLaS52t,2024-01-05 15:35:55.013000+00:00,004, ,, , 
net_0hNE2owBbVMQAOLaH51v,0hNE2owBbVMQAOLaH51v,2024-01-05 15:35:44.866000+00:00,004, ,, , 
net_zRNE2owBbVMQAOLaD51-,zRNE2owBbVMQAOLaD51-,2024-01-05 15:35:40.846000+00:00,004, ,, , 
net_vBNi2owBbVMQAOLanp7g,vBNi2owBbVMQAOLanp7g,2024-01-05 16:09:02.103000+00:00,004, ,, , 
net_vRNi2owBbVMQAOLanp7g,vRNi2owBbVMQAOLanp7g,2024-01-05 16:09:02.109000+00:00,004, ,, , 
net_vxNi2owBbVMQAOLanp7g,vxNi2owBbVMQAOLanp7g,2024-01-05 16:09:02.111000+00:00,004, ,, , 
net_wRNi2owBbVMQAOLanp7g,wRNi2owBbVMQAOLanp7g,2024-01-05 16:09:02.119000+00:00,004, ,, , 
net_wxNi2owBbVMQAOLanp7g,wxNi2owBbVMQAOLanp7g,2024-01-05 16:09:04.087000+00:00,004, ,, , 
net_xBNi2owBbVMQAOLanp7g,xBNi2owBbVMQAOLanp7g,2024-01-05 16:09:04.092000+00:00,004, ,, , 
net_yhNi2owBbVMQAOLanp7g,yhNi2owBbVMQAOLanp7g,2024-01-05 16:09:04.104000+00:00,004, ,, , 
net_zBNi2owBbVMQAOLanp7g,zBNi2owBbVMQAOLanp7g,2024-01-05 16:09:04.107000+00:00,004, ,, , 
net_zRNi2owBbVMQAOLanp7g,zRNi2owBbVMQAOLanp7g,2024-01-05 16:09:04.111000+00:00,004, ,, , 
net_0RNi2owBbVMQAOLanp7g,0RNi2owBbVMQAOLanp7g,2024-01-05 16:09:04.119000+00:00,004, ,, , 
net_1BNj2owBbVMQAOLaUp5_,1BNj2owBbVMQAOLaUp5_,2024-01-05 16:09:44.290000+00:00,004, ,, , 
net_1hNj2owBbVMQAOLaUp5_,1hNj2owBbVMQAOLaUp5_,2024-01-05 16:09:44.296000+00:00,004, ,, , 
net_2RNj2owBbVMQAOLaUp5_,2RNj2owBbVMQAOLaUp5_,2024-01-05 16:09:44.304000+00:00,004, ,, , 
net_2hNj2owBbVMQAOLaUp5_,2hNj2owBbVMQAOLaUp5_,2024-01-05 16:09:44.303000+00:00,004, ,, , 
net_2xNj2owBbVMQAOLaUp5_,2xNj2owBbVMQAOLaUp5_,2024-01-05 16:09:44.306000+00:00,004, ,, , 
net_3BNj2owBbVMQAOLaUp5_,3BNj2owBbVMQAOLaUp5_,2024-01-05 16:09:44.351000+00:00,004, ,, , 
net_5hNo2owBbVMQAOLa4p4M,5hNo2owBbVMQAOLa4p4M,2024-01-05 16:15:45.519000+00:00,004, ,, , 
net_6RNo2owBbVMQAOLa4p4M,6RNo2owBbVMQAOLa4p4M,2024-01-05 16:15:45.524000+00:00,004, ,, , 
net_6xNo2owBbVMQAOLa4p4M,6xNo2owBbVMQAOLa4p4M,2024-01-05 16:15:45.529000+00:00,004, ,, , 
net_rxNd2owBbVMQAOLa4p64,rxNd2owBbVMQAOLa4p64,2024-01-05 16:03:44.946000+00:00,004, ,, , 
net_sBNd2owBbVMQAOLa4p64,sBNd2owBbVMQAOLa4p64,2024-01-05 16:03:44.946000+00:00,004, ,, , 
net_tRNd2owBbVMQAOLa4p64,tRNd2owBbVMQAOLa4p64,2024-01-05 16:03:44.968000+00:00,004, ,, , 
net_BxNz2owBbVMQAOLazZ8B,BxNz2owBbVMQAOLazZ8B,2024-01-05 16:27:45.970000+00:00,004, ,, , 
net_CRNz2owBbVMQAOLazZ8B,CRNz2owBbVMQAOLazZ8B,2024-01-05 16:27:45.971000+00:00,004, ,, , 
net_pxNY2owBbVMQAOLaY55g,pxNY2owBbVMQAOLaY55g,2024-01-05 15:57:45.093000+00:00,004, ,, , 
net_qBNY2owBbVMQAOLaY55g,qBNY2owBbVMQAOLaY55g,2024-01-05 15:57:45.104000+00:00,004, ,, , 
net_8hNu2owBbVMQAOLaYJ5Z,8hNu2owBbVMQAOLaYJ5Z,2024-01-05 16:21:46.007000+00:00,004, ,, , 
net_'-RNu2owBbVMQAOLaYJ5Z,'-RNu2owBbVMQAOLaYJ5Z,2024-01-05 16:21:46.066000+00:00,004, ,, , 
net_ABNy2owBbVMQAOLaCZ_H,ABNy2owBbVMQAOLaCZ_H,2024-01-05 16:25:47.630000+00:00,004, ,, , 
net_7xNq2owBbVMQAOLaB54E,7xNq2owBbVMQAOLaB54E,2024-01-05 16:17:03.547000+00:00,004, ,, , 
net_ahPc2owBbVMQAOLaPKAk,ahPc2owBbVMQAOLaPKAk,2024-01-05 18:21:49.749000+00:00,004, ,, , 
net_bxPc2owBbVMQAOLaPKAk,bxPc2owBbVMQAOLaPKAk,2024-01-05 18:21:51.715000+00:00,004, ,, , 
net_cxPe2owBbVMQAOLac6CM,cxPe2owBbVMQAOLac6CM,2024-01-05 18:24:09.748000+00:00,004, ,, , 
net_ehPe2owBbVMQAOLac6CM,ehPe2owBbVMQAOLac6CM,2024-01-05 18:24:09.757000+00:00,004, ,, , 
net_fRPe2owBbVMQAOLac6CM,fRPe2owBbVMQAOLac6CM,2024-01-05 18:24:09.758000+00:00,004, ,, , 
net_fxPe2owBbVMQAOLac6CM,fxPe2owBbVMQAOLac6CM,2024-01-05 18:24:09.761000+00:00,004, ,, , 
net_gRPe2owBbVMQAOLac6CM,gRPe2owBbVMQAOLac6CM,2024-01-05 18:24:09.762000+00:00,004, ,, , 
net_gxPe2owBbVMQAOLac6CM,gxPe2owBbVMQAOLac6CM,2024-01-05 18:24:09.762000+00:00,004, ,, , 
net_hBPe2owBbVMQAOLac6CM,hBPe2owBbVMQAOLac6CM,2024-01-05 18:24:09.762000+00:00,004, ,, , 
net_hxPe2owBbVMQAOLac6CM,hxPe2owBbVMQAOLac6CM,2024-01-05 18:24:09.765000+00:00,004, ,, , 
net_jRPe2owBbVMQAOLac6CM,jRPe2owBbVMQAOLac6CM,2024-01-05 18:24:09.765000+00:00,004, ,, , 
net_jxPe2owBbVMQAOLac6CM,jxPe2owBbVMQAOLac6CM,2024-01-05 18:24:09.768000+00:00,004, ,, , 
net_kxPe2owBbVMQAOLac6CM,kxPe2owBbVMQAOLac6CM,2024-01-05 18:24:09.775000+00:00,004, ,, , 
net_lBPe2owBbVMQAOLac6CM,lBPe2owBbVMQAOLac6CM,2024-01-05 18:24:09.773000+00:00,004, ,, , 
net_mBPe2owBbVMQAOLac6CM,mBPe2owBbVMQAOLac6CM,2024-01-05 18:24:09.768000+00:00,004, ,, , 
net_mhPe2owBbVMQAOLac6CM,mhPe2owBbVMQAOLac6CM,2024-01-05 18:24:09.772000+00:00,004, ,, , 
net_nBPe2owBbVMQAOLac6CM,nBPe2owBbVMQAOLac6CM,2024-01-05 18:24:09.781000+00:00,004, ,, , 
net_oRPe2owBbVMQAOLac6CM,oRPe2owBbVMQAOLac6CM,2024-01-05 18:24:09.778000+00:00,004, ,, , 
net_ohPe2owBbVMQAOLac6CM,ohPe2owBbVMQAOLac6CM,2024-01-05 18:24:09.782000+00:00,004, ,, , 
net_pxPe2owBbVMQAOLadKCB,pxPe2owBbVMQAOLadKCB,2024-01-05 18:24:09.784000+00:00,004, ,, , 
net_rBPe2owBbVMQAOLadKCB,rBPe2owBbVMQAOLadKCB,2024-01-05 18:24:09.785000+00:00,004, ,, , 
net_rRPe2owBbVMQAOLadKCB,rRPe2owBbVMQAOLadKCB,2024-01-05 18:24:09.788000+00:00,004, ,, , 
net_rhPe2owBbVMQAOLadKCB,rhPe2owBbVMQAOLadKCB,2024-01-05 18:24:09.786000+00:00,004, ,, , 
net_rxPe2owBbVMQAOLadKCB,rxPe2owBbVMQAOLadKCB,2024-01-05 18:24:09.788000+00:00,004, ,, , 
net_shPe2owBbVMQAOLadKCB,shPe2owBbVMQAOLadKCB,2024-01-05 18:24:09.790000+00:00,004, ,, , 
net_sxPe2owBbVMQAOLadKCB,sxPe2owBbVMQAOLadKCB,2024-01-05 18:24:09.784000+00:00,004, ,, , 
net_tBPe2owBbVMQAOLadKCB,tBPe2owBbVMQAOLadKCB,2024-01-05 18:24:09.791000+00:00,004, ,, , 
net_txPe2owBbVMQAOLadKCB,txPe2owBbVMQAOLadKCB,2024-01-05 18:24:09.792000+00:00,004, ,, , 
net_uBPe2owBbVMQAOLadKCB,uBPe2owBbVMQAOLadKCB,2024-01-05 18:24:09.792000+00:00,004, ,, , 
net_uhPe2owBbVMQAOLadKCB,uhPe2owBbVMQAOLadKCB,2024-01-05 18:24:09.793000+00:00,004, ,, , 
net_vxPe2owBbVMQAOLadKCB,vxPe2owBbVMQAOLadKCB,2024-01-05 18:24:09.796000+00:00,004, ,, , 
net_wRPe2owBbVMQAOLadKCB,wRPe2owBbVMQAOLadKCB,2024-01-05 18:24:09.797000+00:00,004, ,, , 
net_yBPe2owBbVMQAOLadKCB,yBPe2owBbVMQAOLadKCB,2024-01-05 18:24:09.796000+00:00,004, ,, , 
net_zBPe2owBbVMQAOLadKCB,zBPe2owBbVMQAOLadKCB,2024-01-05 18:24:09.803000+00:00,004, ,, , 
net_zxPe2owBbVMQAOLadKCB,zxPe2owBbVMQAOLadKCB,2024-01-05 18:24:09.801000+00:00,004, ,, , 
net_0hPe2owBbVMQAOLadKCB,0hPe2owBbVMQAOLadKCB,2024-01-05 18:24:09.798000+00:00,004, ,, , 
net_1RPe2owBbVMQAOLadKCB,1RPe2owBbVMQAOLadKCB,2024-01-05 18:24:09.810000+00:00,004, ,, , 
net_2BPe2owBbVMQAOLadaAl,2BPe2owBbVMQAOLadaAl,2024-01-05 18:24:09.813000+00:00,004, ,, , 
net_2hPe2owBbVMQAOLadaAl,2hPe2owBbVMQAOLadaAl,2024-01-05 18:24:09.815000+00:00,004, ,, , 
net_2xPe2owBbVMQAOLadaAl,2xPe2owBbVMQAOLadaAl,2024-01-05 18:24:09.816000+00:00,004, ,, , 
net_3RPe2owBbVMQAOLadaAl,3RPe2owBbVMQAOLadaAl,2024-01-05 18:24:09.809000+00:00,004, ,, , 
net_3hPe2owBbVMQAOLadaAl,3hPe2owBbVMQAOLadaAl,2024-01-05 18:24:09.803000+00:00,004, ,, , 
net_4BPe2owBbVMQAOLadaAl,4BPe2owBbVMQAOLadaAl,2024-01-05 18:24:09.818000+00:00,004, ,, , 
net_4hPe2owBbVMQAOLadaAl,4hPe2owBbVMQAOLadaAl,2024-01-05 18:24:09.818000+00:00,004, ,, , 
net_5xPe2owBbVMQAOLadaAl,5xPe2owBbVMQAOLadaAl,2024-01-05 18:24:09.818000+00:00,004, ,, , 
net_6xPe2owBbVMQAOLadaAl,6xPe2owBbVMQAOLadaAl,2024-01-05 18:24:09.816000+00:00,004, ,, , 
net_7xPe2owBbVMQAOLadaAl,7xPe2owBbVMQAOLadaAl,2024-01-05 18:24:09.828000+00:00,004, ,, , 
net_9BPe2owBbVMQAOLadaAl,9BPe2owBbVMQAOLadaAl,2024-01-05 18:24:09.836000+00:00,004, ,, , 
net_9RPe2owBbVMQAOLadaAl,9RPe2owBbVMQAOLadaAl,2024-01-05 18:24:09.820000+00:00,004, ,, , 
net_'-BPe2owBbVMQAOLadaAl,'-BPe2owBbVMQAOLadaAl,2024-01-05 18:24:09.838000+00:00,004, ,, , 
net__BPe2owBbVMQAOLadaAl,_BPe2owBbVMQAOLadaAl,2024-01-05 18:24:09.840000+00:00,004, ,, , 
net__hPe2owBbVMQAOLadaAl,_hPe2owBbVMQAOLadaAl,2024-01-05 18:24:09.841000+00:00,004, ,, , 
net_ARPe2owBbVMQAOLadaEl,ARPe2owBbVMQAOLadaEl,2024-01-05 18:24:09.841000+00:00,004, ,, , 
net_AxPe2owBbVMQAOLadaEl,AxPe2owBbVMQAOLadaEl,2024-01-05 18:24:09.847000+00:00,004, ,, , 
net_BBPe2owBbVMQAOLadaEl,BBPe2owBbVMQAOLadaEl,2024-01-05 18:24:09.843000+00:00,004, ,, , 
net_BxPe2owBbVMQAOLadaEl,BxPe2owBbVMQAOLadaEl,2024-01-05 18:24:09.851000+00:00,004, ,, , 
net_CBPe2owBbVMQAOLadqEp,CBPe2owBbVMQAOLadqEp,2024-01-05 18:24:09.851000+00:00,004, ,, , 
net_DBPe2owBbVMQAOLadqEp,DBPe2owBbVMQAOLadqEp,2024-01-05 18:24:09.852000+00:00,004, ,, , 
net_DRPe2owBbVMQAOLadqEp,DRPe2owBbVMQAOLadqEp,2024-01-05 18:24:09.856000+00:00,004, ,, , 
net_DxPe2owBbVMQAOLadqEp,DxPe2owBbVMQAOLadqEp,2024-01-05 18:24:09.856000+00:00,004, ,, , 
net_ExPe2owBbVMQAOLadqEp,ExPe2owBbVMQAOLadqEp,2024-01-05 18:24:09.859000+00:00,004, ,, , 
net_FBPe2owBbVMQAOLadqEp,FBPe2owBbVMQAOLadqEp,2024-01-05 18:24:09.848000+00:00,004, ,, , 
net_FRPe2owBbVMQAOLadqEp,FRPe2owBbVMQAOLadqEp,2024-01-05 18:24:09.858000+00:00,004, ,, , 
net_GxPe2owBbVMQAOLadqEp,GxPe2owBbVMQAOLadqEp,2024-01-05 18:24:09.882000+00:00,004, ,, , 
net_HBPe2owBbVMQAOLadqEp,HBPe2owBbVMQAOLadqEp,2024-01-05 18:24:09.931000+00:00,004, ,, , 
net_HhPe2owBbVMQAOLadqEp,HhPe2owBbVMQAOLadqEp,2024-01-05 18:24:09.934000+00:00,004, ,, , 
net_IBPe2owBbVMQAOLadqEp,IBPe2owBbVMQAOLadqEp,2024-01-05 18:24:09.986000+00:00,004, ,, , 
net_IxPe2owBbVMQAOLadqEp,IxPe2owBbVMQAOLadqEp,2024-01-05 18:24:10.013000+00:00,004, ,, , 
net_JBPe2owBbVMQAOLadqEp,JBPe2owBbVMQAOLadqEp,2024-01-05 18:24:10.098000+00:00,004, ,, , 
net_JhPe2owBbVMQAOLadqEp,JhPe2owBbVMQAOLadqEp,2024-01-05 18:24:10.177000+00:00,004, ,, , 
net_JxPe2owBbVMQAOLadqEp,JxPe2owBbVMQAOLadqEp,2024-01-05 18:24:10.308000+00:00,004, ,, , 
net_LBPe2owBbVMQAOLadqEp,LBPe2owBbVMQAOLadqEp,2024-01-05 18:24:10.787000+00:00,004, ,, , 
net_LRPe2owBbVMQAOLadqEp,LRPe2owBbVMQAOLadqEp,2024-01-05 18:24:10.832000+00:00,004, ,, , 
net_LhPe2owBbVMQAOLadqEp,LhPe2owBbVMQAOLadqEp,2024-01-05 18:24:10.833000+00:00,004, ,, , 
net_LxPe2owBbVMQAOLadqEp,LxPe2owBbVMQAOLadqEp,2024-01-05 18:24:10.845000+00:00,004, ,, , 
net_MRPe2owBbVMQAOLadqEp,MRPe2owBbVMQAOLadqEp,2024-01-05 18:24:10.893000+00:00,004, ,, , 
net_NBPe2owBbVMQAOLadqEp,NBPe2owBbVMQAOLadqEp,2024-01-05 18:24:11.075000+00:00,004, ,, , 
net_NxPe2owBbVMQAOLadqEp,NxPe2owBbVMQAOLadqEp,2024-01-05 18:24:11.156000+00:00,004, ,, , 
net_ORPe2owBbVMQAOLadqEp,ORPe2owBbVMQAOLadqEp,2024-01-05 18:24:11.357000+00:00,004, ,, , 
net_OhPe2owBbVMQAOLadqH-,OhPe2owBbVMQAOLadqH-,2024-01-05 18:24:11.437000+00:00,004, ,, , 
net_OxPe2owBbVMQAOLadqH-,OxPe2owBbVMQAOLadqH-,2024-01-05 18:24:11.492000+00:00,004, ,, , 
net_PRPe2owBbVMQAOLadqH-,PRPe2owBbVMQAOLadqH-,2024-01-05 18:24:11.600000+00:00,004, ,, , 
net_QBPe2owBbVMQAOLadqH-,QBPe2owBbVMQAOLadqH-,2024-01-05 18:24:11.658000+00:00,004, ,, , 
net_QRPe2owBbVMQAOLadqH-,QRPe2owBbVMQAOLadqH-,2024-01-05 18:24:11.658000+00:00,004, ,, , 
net_QhPe2owBbVMQAOLadqH-,QhPe2owBbVMQAOLadqH-,2024-01-05 18:24:11.681000+00:00,004, ,, , 
net_RBPe2owBbVMQAOLadqH-,RBPe2owBbVMQAOLadqH-,2024-01-05 18:24:11.728000+00:00,004, ,, , 
net_RRPe2owBbVMQAOLadqH-,RRPe2owBbVMQAOLadqH-,2024-01-05 18:24:11.747000+00:00,004, ,, , 
net_ShPe2owBbVMQAOLadqH-,ShPe2owBbVMQAOLadqH-,2024-01-05 18:24:11.800000+00:00,004, ,, , 
net_SxPe2owBbVMQAOLadqH-,SxPe2owBbVMQAOLadqH-,2024-01-05 18:24:11.833000+00:00,004, ,, , 
net_UBPe2owBbVMQAOLadqH-,UBPe2owBbVMQAOLadqH-,2024-01-05 18:24:11.929000+00:00,004, ,, , 
net_VRPe2owBbVMQAOLadqH-,VRPe2owBbVMQAOLadqH-,2024-01-05 18:24:12.041000+00:00,004, ,, , 
net_WBPe2owBbVMQAOLadqH-,WBPe2owBbVMQAOLadqH-,2024-01-05 18:24:12.238000+00:00,004, ,, , 
net_WRPe2owBbVMQAOLadqH-,WRPe2owBbVMQAOLadqH-,2024-01-05 18:24:12.308000+00:00,004, ,, , 
net_WxPe2owBbVMQAOLadqH-,WxPe2owBbVMQAOLadqH-,2024-01-05 18:24:12.382000+00:00,004, ,, , 
net_YRPe2owBbVMQAOLadqH-,YRPe2owBbVMQAOLadqH-,2024-01-05 18:24:12.397000+00:00,004, ,, , 
net_YxPe2owBbVMQAOLadqH-,YxPe2owBbVMQAOLadqH-,2024-01-05 18:24:12.401000+00:00,004, ,, , 
net_ZRPe2owBbVMQAOLadqH-,ZRPe2owBbVMQAOLadqH-,2024-01-05 18:24:12.407000+00:00,004, ,, , 
net_ZhPe2owBbVMQAOLadqH-,ZhPe2owBbVMQAOLadqH-,2024-01-05 18:24:12.410000+00:00,004, ,, , 
net_ahPe2owBbVMQAOLadqH-,ahPe2owBbVMQAOLadqH-,2024-01-05 18:24:12.422000+00:00,004, ,, , 
net_axPe2owBbVMQAOLadqH-,axPe2owBbVMQAOLadqH-,2024-01-05 18:24:12.433000+00:00,004, ,, , 
net_bRPe2owBbVMQAOLad6Gg,bRPe2owBbVMQAOLad6Gg,2024-01-05 18:24:12.436000+00:00,004, ,, , 
net_cRPe2owBbVMQAOLad6Gg,cRPe2owBbVMQAOLad6Gg,2024-01-05 18:24:12.450000+00:00,004, ,, , 
net_chPe2owBbVMQAOLad6Gg,chPe2owBbVMQAOLad6Gg,2024-01-05 18:24:12.452000+00:00,004, ,, , 
net_eRPe2owBbVMQAOLad6Gg,eRPe2owBbVMQAOLad6Gg,2024-01-05 18:24:12.641000+00:00,004, ,, , 
net_fBPe2owBbVMQAOLad6Gg,fBPe2owBbVMQAOLad6Gg,2024-01-05 18:24:12.664000+00:00,004, ,, , 
net_fxPe2owBbVMQAOLad6Gg,fxPe2owBbVMQAOLad6Gg,2024-01-05 18:24:12.671000+00:00,004, ,, , 
net_gBPe2owBbVMQAOLad6Gg,gBPe2owBbVMQAOLad6Gg,2024-01-05 18:24:12.673000+00:00,004, ,, , 
net_ghPe2owBbVMQAOLad6Gg,ghPe2owBbVMQAOLad6Gg,2024-01-05 18:24:12.682000+00:00,004, ,, , 
net_gxPe2owBbVMQAOLad6Gg,gxPe2owBbVMQAOLad6Gg,2024-01-05 18:24:12.698000+00:00,004, ,, , 
net_hhPe2owBbVMQAOLad6Gg,hhPe2owBbVMQAOLad6Gg,2024-01-05 18:24:12.780000+00:00,004, ,, , 
net_hxPe2owBbVMQAOLad6Gg,hxPe2owBbVMQAOLad6Gg,2024-01-05 18:24:12.783000+00:00,004, ,, , 
net_iBPe2owBbVMQAOLad6Gg,iBPe2owBbVMQAOLad6Gg,2024-01-05 18:24:14.083000+00:00,004, ,, , 
net_iRPe2owBbVMQAOLad6Gg,iRPe2owBbVMQAOLad6Gg,2024-01-05 18:24:14.083000+00:00,004, ,, , 
net_jRPe2owBbVMQAOLad6Gg,jRPe2owBbVMQAOLad6Gg,2024-01-05 18:24:14.100000+00:00,004, ,, , 
net_kBPe2owBbVMQAOLad6Gg,kBPe2owBbVMQAOLad6Gg,2024-01-05 18:24:14.128000+00:00,004, ,, , 
net_kxPe2owBbVMQAOLad6Gg,kxPe2owBbVMQAOLad6Gg,2024-01-05 18:24:14.173000+00:00,004, ,, , 
net_lRPe2owBbVMQAOLad6Gg,lRPe2owBbVMQAOLad6Gg,2024-01-05 18:24:14.202000+00:00,004, ,, , 
net_mxPe2owBbVMQAOLad6Gg,mxPe2owBbVMQAOLad6Gg,2024-01-05 18:24:14.361000+00:00,004, ,, , 
net_nRPe2owBbVMQAOLad6Gg,nRPe2owBbVMQAOLad6Gg,2024-01-05 18:24:14.460000+00:00,004, ,, , 
net_nhPe2owBbVMQAOLad6HZ,nhPe2owBbVMQAOLad6HZ,2024-01-05 18:24:14.733000+00:00,004, ,, , 
net_MxPQ2owBbVMQAOLaeKC4,MxPQ2owBbVMQAOLaeKC4,2024-01-05 18:09:02.068000+00:00,004, ,, , 
net_NBPQ2owBbVMQAOLaeKC4,NBPQ2owBbVMQAOLaeKC4,2024-01-05 18:09:02.068000+00:00,004, ,, , 
net_NRPQ2owBbVMQAOLaeKC4,NRPQ2owBbVMQAOLaeKC4,2024-01-05 18:09:02.068000+00:00,004, ,, , 
net_OBPQ2owBbVMQAOLaeKC4,OBPQ2owBbVMQAOLaeKC4,2024-01-05 18:09:02.069000+00:00,004, ,, , 
net_OhPQ2owBbVMQAOLaeKC4,OhPQ2owBbVMQAOLaeKC4,2024-01-05 18:09:02.069000+00:00,004, ,, , 
net_QRPQ2owBbVMQAOLaeKC4,QRPQ2owBbVMQAOLaeKC4,2024-01-05 18:09:02.055000+00:00,004, ,, , 
net_QhPQ2owBbVMQAOLaeKC4,QhPQ2owBbVMQAOLaeKC4,2024-01-05 18:09:02.072000+00:00,004, ,, , 
net_RRPQ2owBbVMQAOLaeKC4,RRPQ2owBbVMQAOLaeKC4,2024-01-05 18:09:02.054000+00:00,004, ,, , 
net_8BO12owBbVMQAOLazJ8G,8BO12owBbVMQAOLazJ8G,2024-01-05 17:39:49.369000+00:00,004, ,, , 
net_8RO12owBbVMQAOLazJ8G,8RO12owBbVMQAOLazJ8G,2024-01-05 17:39:49.369000+00:00,004, ,, , 
net_8hO12owBbVMQAOLazJ8G,8hO12owBbVMQAOLazJ8G,2024-01-05 17:39:51.407000+00:00,004, ,, , 
net_8xO12owBbVMQAOLazJ8G,8xO12owBbVMQAOLazJ8G,2024-01-05 17:39:51.407000+00:00,004, ,, , 
net_9hO12owBbVMQAOLazJ8G,9hO12owBbVMQAOLazJ8G,2024-01-05 17:39:51.407000+00:00,004, ,, , 
net_AhO72owBbVMQAOLaOKD0,AhO72owBbVMQAOLaOKD0,2024-01-05 17:45:49.354000+00:00,004, ,, , 
net_AxO72owBbVMQAOLaPKCp,AxO72owBbVMQAOLaPKCp,2024-01-05 17:45:51.379000+00:00,004, ,, , 
net_BRO72owBbVMQAOLaPKCp,BRO72owBbVMQAOLaPKCp,2024-01-05 17:45:51.380000+00:00,004, ,, , 
net_CRO72owBbVMQAOLaQKDZ,CRO72owBbVMQAOLaQKDZ,2024-01-05 17:45:51.380000+00:00,004, ,, , 
net_DBPA2owBbVMQAOLauaC_,DBPA2owBbVMQAOLauaC_,2024-01-05 17:51:49.157000+00:00,004, ,, , 
net_DRPA2owBbVMQAOLauaC_,DRPA2owBbVMQAOLauaC_,2024-01-05 17:51:49.248000+00:00,004, ,, , 
net_DhPA2owBbVMQAOLauaC_,DhPA2owBbVMQAOLauaC_,2024-01-05 17:51:51.296000+00:00,004, ,, , 
net_ERPA2owBbVMQAOLauaC_,ERPA2owBbVMQAOLauaC_,2024-01-05 17:51:51.302000+00:00,004, ,, , 
net_FxPG2owBbVMQAOLaOaD2,FxPG2owBbVMQAOLaOaD2,2024-01-05 17:57:49.188000+00:00,004, ,, , 
net_HxPG2owBbVMQAOLaPqAc,HxPG2owBbVMQAOLaPqAc,2024-01-05 17:57:52.168000+00:00,004, ,, , 
net_YBPW2owBbVMQAOLavKCP,YBPW2owBbVMQAOLavKCP,2024-01-05 18:15:51.780000+00:00,004, ,, , 
net_ZBPW2owBbVMQAOLavKCP,ZBPW2owBbVMQAOLavKCP,2024-01-05 18:15:51.782000+00:00,004, ,, , 
net_TRPR2owBbVMQAOLaT6B6,TRPR2owBbVMQAOLaT6B6,2024-01-05 18:09:51.392000+00:00,004, ,, , 
net_TxPR2owBbVMQAOLaT6B6,TxPR2owBbVMQAOLaT6B6,2024-01-05 18:09:51.395000+00:00,004, ,, , 
net_KRPL2owBbVMQAOLau6A-,KRPL2owBbVMQAOLau6A-,2024-01-05 18:03:51.403000+00:00,004, ,, , 
net_KhPL2owBbVMQAOLau6A-,KhPL2owBbVMQAOLau6A-,2024-01-05 18:03:51.403000+00:00,004, ,, , 
net_uCrx1owBBvI38zPES3pO,uCrx1owBBvI38zPES3pO,2024-01-05 00:06:20.685000+00:00,004, ,, , 
net_vSrx1owBBvI38zPES3pP,vSrx1owBBvI38zPES3pP,2024-01-05 00:06:20.722000+00:00,004, ,, , 
net_xCrz1owBBvI38zPE0Hog,xCrz1owBBvI38zPE0Hog,2024-01-05 00:09:02.954000+00:00,004, ,, , 
net_yCrz1owBBvI38zPE0Hog,yCrz1owBBvI38zPE0Hog,2024-01-05 00:09:02.998000+00:00,004, ,, , 
net_ySrz1owBBvI38zPE0Hog,ySrz1owBBvI38zPE0Hog,2024-01-05 00:09:02.998000+00:00,004, ,, , 
net_yirz1owBBvI38zPE0Hog,yirz1owBBvI38zPE0Hog,2024-01-05 00:09:02.998000+00:00,004, ,, , 
net_zSrz1owBBvI38zPE0Hog,zSrz1owBBvI38zPE0Hog,2024-01-05 00:09:04.943000+00:00,004, ,, , 
net_0Crz1owBBvI38zPE0Hog,0Crz1owBBvI38zPE0Hog,2024-01-05 00:09:04.956000+00:00,004, ,, , 
net_2Crz1owBBvI38zPE0Hog,2Crz1owBBvI38zPE0Hog,2024-01-05 00:09:04.966000+00:00,004, ,, , 
net_3Sr21owBBvI38zPEyXrc,3Sr21owBBvI38zPEyXrc,2024-01-05 00:12:21.336000+00:00,004, ,, , 
net_3ir21owBBvI38zPEyXrc,3ir21owBBvI38zPEyXrc,2024-01-05 00:12:21.330000+00:00,004, ,, , 
net_4Cr21owBBvI38zPEyXrc,4Cr21owBBvI38zPEyXrc,2024-01-05 00:12:21.335000+00:00,004, ,, , 
net_4Sr21owBBvI38zPEyXrc,4Sr21owBBvI38zPEyXrc,2024-01-05 00:12:21.335000+00:00,004, ,, , 
net_7Cr71owBBvI38zPEI3p0,7Cr71owBBvI38zPEI3p0,2024-01-05 00:17:03.717000+00:00,004, ,, , 
net_7ir71owBBvI38zPEunov,7ir71owBBvI38zPEunov,2024-01-05 00:17:43.708000+00:00,004, ,, , 
net_8ir71owBBvI38zPEunov,8ir71owBBvI38zPEunov,2024-01-05 00:17:43.727000+00:00,004, ,, , 
net_9Cr71owBBvI38zPEunov,9Cr71owBBvI38zPEunov,2024-01-05 00:17:43.755000+00:00,004, ,, , 
net__Sr71owBBvI38zPEunow,_Sr71owBBvI38zPEunow,2024-01-05 00:17:43.780000+00:00,004, ,, , 
net__yr71owBBvI38zPEunox,_yr71owBBvI38zPEunox,2024-01-05 00:17:43.783000+00:00,004, ,, , 
net_ACr71owBBvI38zPEunsx,ACr71owBBvI38zPEunsx,2024-01-05 00:17:43.785000+00:00,004, ,, , 
net_Bir71owBBvI38zPEunsx,Bir71owBBvI38zPEunsx,2024-01-05 00:17:43.804000+00:00,004, ,, , 
net_Byr71owBBvI38zPEunsx,Byr71owBBvI38zPEunsx,2024-01-05 00:17:43.784000+00:00,004, ,, , 
net_Cyr71owBBvI38zPEunsy,Cyr71owBBvI38zPEunsy,2024-01-05 00:17:43.812000+00:00,004, ,, , 
net_DCr71owBBvI38zPEunsy,DCr71owBBvI38zPEunsy,2024-01-05 00:17:43.812000+00:00,004, ,, , 
net_DSr71owBBvI38zPEunsz,DSr71owBBvI38zPEunsz,2024-01-05 00:17:43.804000+00:00,004, ,, , 
net_Dir71owBBvI38zPEunsz,Dir71owBBvI38zPEunsz,2024-01-05 00:17:43.815000+00:00,004, ,, , 
net_ECr71owBBvI38zPEunsz,ECr71owBBvI38zPEunsz,2024-01-05 00:17:43.816000+00:00,004, ,, , 
net_Fyr71owBBvI38zPEuns0,Fyr71owBBvI38zPEuns0,2024-01-05 00:17:43.824000+00:00,004, ,, , 
net_Gir71owBBvI38zPEuns0,Gir71owBBvI38zPEuns0,2024-01-05 00:17:43.805000+00:00,004, ,, , 
net_Gyr71owBBvI38zPEuns0,Gyr71owBBvI38zPEuns0,2024-01-05 00:17:43.815000+00:00,004, ,, , 
net_HCr71owBBvI38zPEuns0,HCr71owBBvI38zPEuns0,2024-01-05 00:17:43.838000+00:00,004, ,, , 
net_ISr71owBBvI38zPEvHuM,ISr71owBBvI38zPEvHuM,2024-01-05 00:17:43.829000+00:00,004, ,, , 
net_JCr71owBBvI38zPEvHuM,JCr71owBBvI38zPEvHuM,2024-01-05 00:17:43.860000+00:00,004, ,, , 
net_Kir71owBBvI38zPEvHuN,Kir71owBBvI38zPEvHuN,2024-01-05 00:17:43.852000+00:00,004, ,, , 
net_Lir71owBBvI38zPEvHuN,Lir71owBBvI38zPEvHuN,2024-01-05 00:17:43.873000+00:00,004, ,, , 
net_Mir71owBBvI38zPEvHuO,Mir71owBBvI38zPEvHuO,2024-01-05 00:17:43.886000+00:00,004, ,, , 
net_Nir71owBBvI38zPEvHuP,Nir71owBBvI38zPEvHuP,2024-01-05 00:17:43.886000+00:00,004, ,, , 
net_OCr71owBBvI38zPEvHuP,OCr71owBBvI38zPEvHuP,2024-01-05 00:17:43.891000+00:00,004, ,, , 
net_Oir71owBBvI38zPEvHuP,Oir71owBBvI38zPEvHuP,2024-01-05 00:17:43.896000+00:00,004, ,, , 
net_Oyr71owBBvI38zPEvHuP,Oyr71owBBvI38zPEvHuP,2024-01-05 00:17:43.897000+00:00,004, ,, , 
net_PCr71owBBvI38zPEvHuP,PCr71owBBvI38zPEvHuP,2024-01-05 00:17:43.900000+00:00,004, ,, , 
net_Pyr71owBBvI38zPEvHuQ,Pyr71owBBvI38zPEvHuQ,2024-01-05 00:17:43.887000+00:00,004, ,, , 
net_SCr71owBBvI38zPEvHuQ,SCr71owBBvI38zPEvHuQ,2024-01-05 00:17:43.913000+00:00,004, ,, , 
net_SSr71owBBvI38zPEvHuR,SSr71owBBvI38zPEvHuR,2024-01-05 00:17:43.921000+00:00,004, ,, , 
net_Sir71owBBvI38zPEvHuR,Sir71owBBvI38zPEvHuR,2024-01-05 00:17:43.930000+00:00,004, ,, , 
net_Tyr71owBBvI38zPEvHuR,Tyr71owBBvI38zPEvHuR,2024-01-05 00:17:43.929000+00:00,004, ,, , 
net_VSr71owBBvI38zPEvnup,VSr71owBBvI38zPEvnup,2024-01-05 00:17:43.948000+00:00,004, ,, , 
net_Vyr71owBBvI38zPEvnuq,Vyr71owBBvI38zPEvnuq,2024-01-05 00:17:43.950000+00:00,004, ,, , 
net_WCr71owBBvI38zPEvnuq,WCr71owBBvI38zPEvnuq,2024-01-05 00:17:43.950000+00:00,004, ,, , 
net_Wir71owBBvI38zPEvnuq,Wir71owBBvI38zPEvnuq,2024-01-05 00:17:43.957000+00:00,004, ,, , 
net_XCr71owBBvI38zPEvnuq,XCr71owBBvI38zPEvnuq,2024-01-05 00:17:43.962000+00:00,004, ,, , 
net_Xir71owBBvI38zPEvnur,Xir71owBBvI38zPEvnur,2024-01-05 00:17:43.964000+00:00,004, ,, , 
net_Yyr71owBBvI38zPEvnur,Yyr71owBBvI38zPEvnur,2024-01-05 00:17:43.973000+00:00,004, ,, , 
net_air71owBBvI38zPEvnus,air71owBBvI38zPEvnus,2024-01-05 00:17:44.021000+00:00,004, ,, , 
net_ayr71owBBvI38zPEvnus,ayr71owBBvI38zPEvnus,2024-01-05 00:17:44.023000+00:00,004, ,, , 
net_bSr71owBBvI38zPEvnus,bSr71owBBvI38zPEvnus,2024-01-05 00:17:43.947000+00:00,004, ,, , 
net_bir71owBBvI38zPEvnus,bir71owBBvI38zPEvnus,2024-01-05 00:17:44.041000+00:00,004, ,, , 
net_byr71owBBvI38zPEvnus,byr71owBBvI38zPEvnus,2024-01-05 00:17:44.042000+00:00,004, ,, , 
net_cir71owBBvI38zPEvnut,cir71owBBvI38zPEvnut,2024-01-05 00:17:44.094000+00:00,004, ,, , 
net_dCr71owBBvI38zPEvnut,dCr71owBBvI38zPEvnut,2024-01-05 00:17:44.097000+00:00,004, ,, , 
net_dyr71owBBvI38zPEvnut,dyr71owBBvI38zPEvnut,2024-01-05 00:17:44.107000+00:00,004, ,, , 
net_eSr71owBBvI38zPEvnut,eSr71owBBvI38zPEvnut,2024-01-05 00:17:44.108000+00:00,004, ,, , 
net_fCr71owBBvI38zPEvnuu,fCr71owBBvI38zPEvnuu,2024-01-05 00:17:44.111000+00:00,004, ,, , 
net_hir71owBBvI38zPEwHuO,hir71owBBvI38zPEwHuO,2024-01-05 00:17:44.577000+00:00,004, ,, , 
net_hyr71owBBvI38zPEwHuO,hyr71owBBvI38zPEwHuO,2024-01-05 00:17:44.103000+00:00,004, ,, , 
net_iSr71owBBvI38zPEwHuP,iSr71owBBvI38zPEwHuP,2024-01-05 00:17:44.739000+00:00,004, ,, , 
net_iyr71owBBvI38zPEwHuP,iyr71owBBvI38zPEwHuP,2024-01-05 00:17:44.105000+00:00,004, ,, , 
net_jCr71owBBvI38zPEwHuP,jCr71owBBvI38zPEwHuP,2024-01-05 00:17:44.104000+00:00,004, ,, , 
net_jSr71owBBvI38zPEwHuP,jSr71owBBvI38zPEwHuP,2024-01-05 00:17:44.100000+00:00,004, ,, , 
net_mSr71owBBvI38zPEwHuQ,mSr71owBBvI38zPEwHuQ,2024-01-05 00:17:48.705000+00:00,004, ,, , 
net_myr71owBBvI38zPEwHuQ,myr71owBBvI38zPEwHuQ,2024-01-05 00:17:48.729000+00:00,004, ,, , 
net_nSr71owBBvI38zPEwHuQ,nSr71owBBvI38zPEwHuQ,2024-01-05 00:17:48.861000+00:00,004, ,, , 
net_nir71owBBvI38zPEwHuR,nir71owBBvI38zPEwHuR,2024-01-05 00:17:49.721000+00:00,004, ,, , 
net_oCr71owBBvI38zPEwHuR,oCr71owBBvI38zPEwHuR,2024-01-05 00:17:49.796000+00:00,004, ,, , 
net_oSr71owBBvI38zPEwHuR,oSr71owBBvI38zPEwHuR,2024-01-05 00:17:49.867000+00:00,004, ,, , 
net_oyr71owBBvI38zPEyXsC,oyr71owBBvI38zPEyXsC,2024-01-05 00:17:51.645000+00:00,004, ,, , 
net_qSr71owBBvI38zPEyXsD,qSr71owBBvI38zPEyXsD,2024-01-05 00:17:51.847000+00:00,004, ,, , 
net_rir71owBBvI38zPEznur,rir71owBBvI38zPEznur,2024-01-05 00:17:54.043000+00:00,004, ,, , 
net_ryr71owBBvI38zPEznus,ryr71owBBvI38zPEznus,2024-01-05 00:17:54.175000+00:00,004, ,, , 
net_sSr71owBBvI38zPEznus,sSr71owBBvI38zPEznus,2024-01-05 00:17:54.189000+00:00,004, ,, , 
net_tSr71owBBvI38zPE0XuY,tSr71owBBvI38zPE0XuY,2024-01-05 00:17:54.315000+00:00,004, ,, , 
net_tir71owBBvI38zPE0XuY,tir71owBBvI38zPE0XuY,2024-01-05 00:17:54.387000+00:00,004, ,, , 
net_uCr71owBBvI38zPE0XuY,uCr71owBBvI38zPE0XuY,2024-01-05 00:17:54.468000+00:00,004, ,, , 
net_vCr71owBBvI38zPE0XuY,vCr71owBBvI38zPE0XuY,2024-01-05 00:17:55.703000+00:00,004, ,, , 
net_wCr71owBBvI38zPE0XuZ,wCr71owBBvI38zPE0XuZ,2024-01-05 00:17:55.891000+00:00,004, ,, , 
net_wyr71owBBvI38zPE2Hue,wyr71owBBvI38zPE2Hue,2024-01-05 00:17:56.484000+00:00,004, ,, , 
net_xCr71owBBvI38zPE3Hvt,xCr71owBBvI38zPE3Hvt,2024-01-05 00:17:57.521000+00:00,004, ,, , 
net_xir71owBBvI38zPE3Hvu,xir71owBBvI38zPE3Hvu,2024-01-05 00:17:57.521000+00:00,004, ,, , 
net_ySr71owBBvI38zPE3Hvu,ySr71owBBvI38zPE3Hvu,2024-01-05 00:17:57.567000+00:00,004, ,, , 
net_zyr71owBBvI38zPE6HuU,zyr71owBBvI38zPE6HuU,2024-01-05 00:17:59.540000+00:00,004, ,, , 
net_0ir71owBBvI38zPE6HuU,0ir71owBBvI38zPE6HuU,2024-01-05 00:17:59.643000+00:00,004, ,, , 
net_1Sr71owBBvI38zPE7Hum,1Sr71owBBvI38zPE7Hum,2024-01-05 00:18:01.549000+00:00,004, ,, , 
net_1ir71owBBvI38zPE7Hum,1ir71owBBvI38zPE7Hum,2024-01-05 00:18:01.550000+00:00,004, ,, , 
net_2Sr71owBBvI38zPE7Hun,2Sr71owBBvI38zPE7Hun,2024-01-05 00:18:01.568000+00:00,004, ,, , 
net_2yr71owBBvI38zPE7Hun,2yr71owBBvI38zPE7Hun,2024-01-05 00:18:01.911000+00:00,004, ,, , 
net_3Cr71owBBvI38zPE-HvD,3Cr71owBBvI38zPE-HvD,2024-01-05 00:18:03.531000+00:00,004, ,, , 
net_4Sr71owBBvI38zPE-HvD,4Sr71owBBvI38zPE-HvD,2024-01-05 00:18:03.619000+00:00,004, ,, , 
net_4yr71owBBvI38zPE-HvE,4yr71owBBvI38zPE-HvE,2024-01-05 00:18:03.632000+00:00,004, ,, , 
net_6Cr71owBBvI38zPE-HvE,6Cr71owBBvI38zPE-HvE,2024-01-05 00:18:03.671000+00:00,004, ,, , 
net_6Sr71owBBvI38zPE-HvE,6Sr71owBBvI38zPE-HvE,2024-01-05 00:18:03.677000+00:00,004, ,, , 
net_7ir71owBBvI38zPE_Hu7,7ir71owBBvI38zPE_Hu7,2024-01-05 00:18:05.561000+00:00,004, ,, , 
net_8Cr71owBBvI38zPE_Hu7,8Cr71owBBvI38zPE_Hu7,2024-01-05 00:18:05.569000+00:00,004, ,, , 
net_8ir71owBBvI38zPE_Hu7,8ir71owBBvI38zPE_Hu7,2024-01-05 00:18:05.585000+00:00,004, ,, , 
net_'-Cr81owBBvI38zPECHu7,'-Cr81owBBvI38zPECHu7,2024-01-05 00:18:07.745000+00:00,004, ,, , 
net_'-Sr81owBBvI38zPECHu7,'-Sr81owBBvI38zPECHu7,2024-01-05 00:18:07.749000+00:00,004, ,, , 
net__Cr81owBBvI38zPECHu8,_Cr81owBBvI38zPECHu8,2024-01-05 00:18:07.872000+00:00,004, ,, , 
net_ACr81owBBvI38zPECHy8,ACr81owBBvI38zPECHy8,2024-01-05 00:18:07.924000+00:00,004, ,, , 
net_CCr81owBBvI38zPECHy9,CCr81owBBvI38zPECHy9,2024-01-05 00:18:08.042000+00:00,004, ,, , 
net_DSr81owBBvI38zPEDXwd,DSr81owBBvI38zPEDXwd,2024-01-05 00:18:09.732000+00:00,004, ,, , 
net_Dyr81owBBvI38zPEDXwd,Dyr81owBBvI38zPEDXwd,2024-01-05 00:18:09.760000+00:00,004, ,, , 
net_FSr81owBBvI38zPEDXwe,FSr81owBBvI38zPEDXwe,2024-01-05 00:18:09.950000+00:00,004, ,, , 
net_Fyr81owBBvI38zPEDXwe,Fyr81owBBvI38zPEDXwe,2024-01-05 00:18:09.980000+00:00,004, ,, , 
net_GSr81owBBvI38zPEDXwe,GSr81owBBvI38zPEDXwe,2024-01-05 00:18:09.982000+00:00,004, ,, , 
net_Gyr81owBBvI38zPEDXwf,Gyr81owBBvI38zPEDXwf,2024-01-05 00:18:10.013000+00:00,004, ,, , 
net_ISr81owBBvI38zPEEHzM,ISr81owBBvI38zPEEHzM,2024-01-05 00:18:11.672000+00:00,004, ,, , 
net_JCr81owBBvI38zPEEHzN,JCr81owBBvI38zPEEHzN,2024-01-05 00:18:11.934000+00:00,004, ,, , 
net_rRM-2owBbVMQAOLaLZYR,rRM-2owBbVMQAOLaLZYR,2024-01-05 15:29:14.953000+00:00,004, ,, , 
net_rxM-2owBbVMQAOLaLZYR,rxM-2owBbVMQAOLaLZYR,2024-01-05 15:29:14.953000+00:00,004, ,, , 
net_sRM-2owBbVMQAOLaLZYR,sRM-2owBbVMQAOLaLZYR,2024-01-05 15:29:14.954000+00:00,004, ,, , 
net_shM-2owBbVMQAOLaLZYR,shM-2owBbVMQAOLaLZYR,2024-01-05 15:29:14.954000+00:00,004, ,, , 
net_tBM-2owBbVMQAOLaLZYR,tBM-2owBbVMQAOLaLZYR,2024-01-05 15:29:14.960000+00:00,004, ,, , 
net_thM-2owBbVMQAOLaLZYR,thM-2owBbVMQAOLaLZYR,2024-01-05 15:29:15.033000+00:00,004, ,, , 
net_uBM-2owBbVMQAOLaLZYR,uBM-2owBbVMQAOLaLZYR,2024-01-05 15:29:15.033000+00:00,004, ,, , 
net_uhM-2owBbVMQAOLaLZYR,uhM-2owBbVMQAOLaLZYR,2024-01-05 15:29:15.045000+00:00,004, ,, , 
net_vRM-2owBbVMQAOLaLZYR,vRM-2owBbVMQAOLaLZYR,2024-01-05 15:29:15.076000+00:00,004, ,, , 
net_vxM-2owBbVMQAOLaLZYR,vxM-2owBbVMQAOLaLZYR,2024-01-05 15:29:15.081000+00:00,004, ,, , 
net_xBM-2owBbVMQAOLaLZYR,xBM-2owBbVMQAOLaLZYR,2024-01-05 15:29:15.304000+00:00,004, ,, , 
net_yRM-2owBbVMQAOLaLZYR,yRM-2owBbVMQAOLaLZYR,2024-01-05 15:29:15.312000+00:00,004, ,, , 
net_yhM-2owBbVMQAOLaLZYR,yhM-2owBbVMQAOLaLZYR,2024-01-05 15:29:15.312000+00:00,004, ,, , 
net_yxM-2owBbVMQAOLaLZYR,yxM-2owBbVMQAOLaLZYR,2024-01-05 15:29:15.315000+00:00,004, ,, , 
net_zBM-2owBbVMQAOLaLZYR,zBM-2owBbVMQAOLaLZYR,2024-01-05 15:29:15.561000+00:00,004, ,, , 
net_zhM-2owBbVMQAOLaLZYR,zhM-2owBbVMQAOLaLZYR,2024-01-05 15:29:16.031000+00:00,004, ,, , 
net_zxM-2owBbVMQAOLaLZYR,zxM-2owBbVMQAOLaLZYR,2024-01-05 15:29:16.031000+00:00,004, ,, , 
net_0hM-2owBbVMQAOLaMZZO,0hM-2owBbVMQAOLaMZZO,2024-01-05 15:29:16.115000+00:00,004, ,, , 
net_2hM-2owBbVMQAOLaMZZO,2hM-2owBbVMQAOLaMZZO,2024-01-05 15:29:16.257000+00:00,004, ,, , 
net_2xM-2owBbVMQAOLaMZZO,2xM-2owBbVMQAOLaMZZO,2024-01-05 15:29:16.258000+00:00,004, ,, , 
net_3BM-2owBbVMQAOLaMZZO,3BM-2owBbVMQAOLaMZZO,2024-01-05 15:29:16.261000+00:00,004, ,, , 
net_3RM-2owBbVMQAOLaMZZP,3RM-2owBbVMQAOLaMZZP,2024-01-05 15:29:16.263000+00:00,004, ,, , 
net_4BM-2owBbVMQAOLaMZZP,4BM-2owBbVMQAOLaMZZP,2024-01-05 15:29:16.271000+00:00,004, ,, , 
net_4xM-2owBbVMQAOLaNJb7,4xM-2owBbVMQAOLaNJb7,2024-01-05 15:29:16.276000+00:00,004, ,, , 
net_5RM-2owBbVMQAOLaNJb7,5RM-2owBbVMQAOLaNJb7,2024-01-05 15:29:18.266000+00:00,004, ,, , 
net_5xM-2owBbVMQAOLaNJb7,5xM-2owBbVMQAOLaNJb7,2024-01-05 15:29:18.266000+00:00,004, ,, , 
net_6RM-2owBbVMQAOLaNJb7,6RM-2owBbVMQAOLaNJb7,2024-01-05 15:29:18.264000+00:00,004, ,, , 
net_6hM-2owBbVMQAOLaNJb7,6hM-2owBbVMQAOLaNJb7,2024-01-05 15:29:18.266000+00:00,004, ,, , 
net_7hM-2owBbVMQAOLaNJb7,7hM-2owBbVMQAOLaNJb7,2024-01-05 15:29:18.369000+00:00,004, ,, , 
net_8BM-2owBbVMQAOLaNJb7,8BM-2owBbVMQAOLaNJb7,2024-01-05 15:29:18.382000+00:00,004, ,, , 
net_8RM-2owBbVMQAOLaNJb7,8RM-2owBbVMQAOLaNJb7,2024-01-05 15:29:18.480000+00:00,004, ,, , 
net_8hM-2owBbVMQAOLaNJb7,8hM-2owBbVMQAOLaNJb7,2024-01-05 15:29:18.480000+00:00,004, ,, , 
net_8xM-2owBbVMQAOLaNJb7,8xM-2owBbVMQAOLaNJb7,2024-01-05 15:29:18.480000+00:00,004, ,, , 
net_9xM-2owBbVMQAOLaOZZE,9xM-2owBbVMQAOLaOZZE,2024-01-05 15:29:18.610000+00:00,004, ,, , 
net_'-xM-2owBbVMQAOLaPZaZ,'-xM-2owBbVMQAOLaPZaZ,2024-01-05 15:29:18.612000+00:00,004, ,, , 
net__BM-2owBbVMQAOLaPZaZ,_BM-2owBbVMQAOLaPZaZ,2024-01-05 15:29:18.604000+00:00,004, ,, , 
net__RM-2owBbVMQAOLaPZaZ,_RM-2owBbVMQAOLaPZaZ,2024-01-05 15:29:20.311000+00:00,004, ,, , 
net__hM-2owBbVMQAOLaPZaZ,_hM-2owBbVMQAOLaPZaZ,2024-01-05 15:29:20.312000+00:00,004, ,, , 
net__xM-2owBbVMQAOLaPZaZ,_xM-2owBbVMQAOLaPZaZ,2024-01-05 15:29:20.338000+00:00,004, ,, , 
net_ABM-2owBbVMQAOLaPZeZ,ABM-2owBbVMQAOLaPZeZ,2024-01-05 15:29:20.338000+00:00,004, ,, , 
net_CxM-2owBbVMQAOLaPZeZ,CxM-2owBbVMQAOLaPZeZ,2024-01-05 15:29:20.555000+00:00,004, ,, , 
net_DBM-2owBbVMQAOLaPZeZ,DBM-2owBbVMQAOLaPZeZ,2024-01-05 15:29:20.555000+00:00,004, ,, , 
net_xRM92owBbVMQAOLaeZWc,xRM92owBbVMQAOLaeZWc,2024-01-05 15:28:27.880000+00:00,004, ,, , 
net_yRM92owBbVMQAOLaeZWc,yRM92owBbVMQAOLaeZWc,2024-01-05 15:28:27.881000+00:00,004, ,, , 
net_yxM92owBbVMQAOLaeZWc,yxM92owBbVMQAOLaeZWc,2024-01-05 15:28:30.056000+00:00,004, ,, , 
net_zRM92owBbVMQAOLaeZWc,zRM92owBbVMQAOLaeZWc,2024-01-05 15:28:30.157000+00:00,004, ,, , 
net_0RM92owBbVMQAOLaeZWc,0RM92owBbVMQAOLaeZWc,2024-01-05 15:28:30.056000+00:00,004, ,, , 
net_0hM92owBbVMQAOLaeZWc,0hM92owBbVMQAOLaeZWc,2024-01-05 15:28:30.057000+00:00,004, ,, , 
net_1BM92owBbVMQAOLaeZWc,1BM92owBbVMQAOLaeZWc,2024-01-05 15:28:30.056000+00:00,004, ,, , 
net_1RM92owBbVMQAOLagJUh,1RM92owBbVMQAOLagJUh,2024-01-05 15:28:30.277000+00:00,004, ,, , 
net_2hM92owBbVMQAOLahZVB,2hM92owBbVMQAOLahZVB,2024-01-05 15:28:31.711000+00:00,004, ,, , 
net_4BM92owBbVMQAOLaiJVi,4BM92owBbVMQAOLaiJVi,2024-01-05 15:28:33.510000+00:00,004, ,, , 
net_4xM92owBbVMQAOLaiJVi,4xM92owBbVMQAOLaiJVi,2024-01-05 15:28:33.630000+00:00,004, ,, , 
net_5hM92owBbVMQAOLai5XJ,5hM92owBbVMQAOLai5XJ,2024-01-05 15:28:34.378000+00:00,004, ,, , 
net_6BM92owBbVMQAOLak5WV,6BM92owBbVMQAOLak5WV,2024-01-05 15:28:35.615000+00:00,004, ,, , 
net_6RM92owBbVMQAOLak5WV,6RM92owBbVMQAOLak5WV,2024-01-05 15:28:35.615000+00:00,004, ,, , 
net_6hM92owBbVMQAOLak5WV,6hM92owBbVMQAOLak5WV,2024-01-05 15:28:35.636000+00:00,004, ,, , 
net_8BM92owBbVMQAOLal5Wh,8BM92owBbVMQAOLal5Wh,2024-01-05 15:28:36.680000+00:00,004, ,, , 
net_8xM92owBbVMQAOLal5Wh,8xM92owBbVMQAOLal5Wh,2024-01-05 15:28:36.798000+00:00,004, ,, , 
net_9RM92owBbVMQAOLanJWH,9RM92owBbVMQAOLanJWH,2024-01-05 15:28:37.884000+00:00,004, ,, , 
net_'-BM92owBbVMQAOLanJWH,'-BM92owBbVMQAOLanJWH,2024-01-05 15:28:37.901000+00:00,004, ,, , 
net_'-xM92owBbVMQAOLanJWH,'-xM92owBbVMQAOLanJWH,2024-01-05 15:28:37.902000+00:00,004, ,, , 
net_BRM92owBbVMQAOLanJaH,BRM92owBbVMQAOLanJaH,2024-01-05 15:28:38.273000+00:00,004, ,, , 
net_BhM92owBbVMQAOLanJaH,BhM92owBbVMQAOLanJaH,2024-01-05 15:28:38.492000+00:00,004, ,, , 
net_BxM92owBbVMQAOLanJaH,BxM92owBbVMQAOLanJaH,2024-01-05 15:28:38.492000+00:00,004, ,, , 
net_CBM92owBbVMQAOLanJaH,CBM92owBbVMQAOLanJaH,2024-01-05 15:28:38.492000+00:00,004, ,, , 
net_CxM92owBbVMQAOLaoJZ2,CxM92owBbVMQAOLaoJZ2,2024-01-05 15:28:38.856000+00:00,004, ,, , 
net_DRM92owBbVMQAOLaoJZ2,DRM92owBbVMQAOLaoJZ2,2024-01-05 15:28:39.722000+00:00,004, ,, , 
net_DxM92owBbVMQAOLaoJZ2,DxM92owBbVMQAOLaoJZ2,2024-01-05 15:28:39.722000+00:00,004, ,, , 
net_EBM92owBbVMQAOLaoJZ2,EBM92owBbVMQAOLaoJZ2,2024-01-05 15:28:39.724000+00:00,004, ,, , 
net_ERM92owBbVMQAOLaoJZ2,ERM92owBbVMQAOLaoJZ2,2024-01-05 15:28:39.811000+00:00,004, ,, , 
net_EhM92owBbVMQAOLaoJZ2,EhM92owBbVMQAOLaoJZ2,2024-01-05 15:28:39.828000+00:00,004, ,, , 
net_ExM92owBbVMQAOLaoJZ2,ExM92owBbVMQAOLaoJZ2,2024-01-05 15:28:39.828000+00:00,004, ,, , 
net_FBM92owBbVMQAOLapJaY,FBM92owBbVMQAOLapJaY,2024-01-05 15:28:39.828000+00:00,004, ,, , 
net_FRM92owBbVMQAOLapJaZ,FRM92owBbVMQAOLapJaZ,2024-01-05 15:28:40.093000+00:00,004, ,, , 
net_GxM92owBbVMQAOLaqJZ7,GxM92owBbVMQAOLaqJZ7,2024-01-05 15:28:41.458000+00:00,004, ,, , 
net_HRM92owBbVMQAOLaqJZ8,HRM92owBbVMQAOLaqJZ8,2024-01-05 15:28:41.559000+00:00,004, ,, , 
net_IxM92owBbVMQAOLaqJZ8,IxM92owBbVMQAOLaqJZ8,2024-01-05 15:28:41.670000+00:00,004, ,, , 
net_JBM92owBbVMQAOLaqJZ8,JBM92owBbVMQAOLaqJZ8,2024-01-05 15:28:41.680000+00:00,004, ,, , 
net_JRM92owBbVMQAOLaqJZ8,JRM92owBbVMQAOLaqJZ8,2024-01-05 15:28:41.680000+00:00,004, ,, , 
net_cBM92owBbVMQAOLa9JZS,cBM92owBbVMQAOLa9JZS,2024-01-05 15:28:59.888000+00:00,004, ,, , 
net_cxM92owBbVMQAOLa9JZS,cxM92owBbVMQAOLa9JZS,2024-01-05 15:28:59.888000+00:00,004, ,, , 
net_eBM92owBbVMQAOLa9JZS,eBM92owBbVMQAOLa9JZS,2024-01-05 15:29:00.148000+00:00,004, ,, , 
net_eRM92owBbVMQAOLa9JZS,eRM92owBbVMQAOLa9JZS,2024-01-05 15:29:00.148000+00:00,004, ,, , 
net_exM92owBbVMQAOLa-JZJ,exM92owBbVMQAOLa-JZJ,2024-01-05 15:29:01.840000+00:00,004, ,, , 
net_fxM-2owBbVMQAOLaAJZj,fxM-2owBbVMQAOLaAJZj,2024-01-05 15:29:03.911000+00:00,004, ,, , 
net_gBM-2owBbVMQAOLaAJZj,gBM-2owBbVMQAOLaAJZj,2024-01-05 15:29:03.911000+00:00,004, ,, , 
net_hhM-2owBbVMQAOLaAJZj,hhM-2owBbVMQAOLaAJZj,2024-01-05 15:29:03.911000+00:00,004, ,, , 
net_hxM-2owBbVMQAOLaAJZj,hxM-2owBbVMQAOLaAJZj,2024-01-05 15:29:03.917000+00:00,004, ,, , 
net_iBM-2owBbVMQAOLaAJZj,iBM-2owBbVMQAOLaAJZj,2024-01-05 15:29:03.917000+00:00,004, ,, , 
net_ihM-2owBbVMQAOLaAJZj,ihM-2owBbVMQAOLaAJZj,2024-01-05 15:29:03.950000+00:00,004, ,, , 
net_ixM-2owBbVMQAOLaAJZj,ixM-2owBbVMQAOLaAJZj,2024-01-05 15:29:03.956000+00:00,004, ,, , 
net_jBM-2owBbVMQAOLaAJZj,jBM-2owBbVMQAOLaAJZj,2024-01-05 15:29:03.956000+00:00,004, ,, , 
net_jRM-2owBbVMQAOLaAJZj,jRM-2owBbVMQAOLaAJZj,2024-01-05 15:29:03.957000+00:00,004, ,, , 
net_jhM-2owBbVMQAOLaAJZj,jhM-2owBbVMQAOLaAJZj,2024-01-05 15:29:04.022000+00:00,004, ,, , 
net_jxM-2owBbVMQAOLaAJZj,jxM-2owBbVMQAOLaAJZj,2024-01-05 15:29:04.022000+00:00,004, ,, , 
net_kBM-2owBbVMQAOLaAJZj,kBM-2owBbVMQAOLaAJZj,2024-01-05 15:29:04.260000+00:00,004, ,, , 
net_LhM92owBbVMQAOLarZYJ,LhM92owBbVMQAOLarZYJ,2024-01-05 15:28:42.166000+00:00,004, ,, , 
net_MBM92owBbVMQAOLasJad,MBM92owBbVMQAOLasJad,2024-01-05 15:28:43.736000+00:00,004, ,, , 
net_MRM92owBbVMQAOLatZYE,MRM92owBbVMQAOLatZYE,2024-01-05 15:28:43.844000+00:00,004, ,, , 
net_NxM92owBbVMQAOLatZYE,NxM92owBbVMQAOLatZYE,2024-01-05 15:28:45.804000+00:00,004, ,, , 
net_OBM92owBbVMQAOLatZYE,OBM92owBbVMQAOLatZYE,2024-01-05 15:28:45.972000+00:00,004, ,, , 
net_ORM92owBbVMQAOLatZYE,ORM92owBbVMQAOLatZYE,2024-01-05 15:28:45.976000+00:00,004, ,, , 
net_OhM92owBbVMQAOLavZYG,OhM92owBbVMQAOLavZYG,2024-01-05 15:28:45.972000+00:00,004, ,, , 
net_PBM92owBbVMQAOLavZYG,PBM92owBbVMQAOLavZYG,2024-01-05 15:28:47.662000+00:00,004, ,, , 
net_PxM92owBbVMQAOLavZYG,PxM92owBbVMQAOLavZYG,2024-01-05 15:28:48.137000+00:00,004, ,, , 
net_XBM92owBbVMQAOLa5JZu,XBM92owBbVMQAOLa5JZu,2024-01-05 15:28:55.866000+00:00,004, ,, , 
net_XhM92owBbVMQAOLa5JZu,XhM92owBbVMQAOLa5JZu,2024-01-05 15:28:55.871000+00:00,004, ,, , 
net_XxM92owBbVMQAOLa5JZu,XxM92owBbVMQAOLa5JZu,2024-01-05 15:28:55.871000+00:00,004, ,, , 
net_YhM92owBbVMQAOLa5JZu,YhM92owBbVMQAOLa5JZu,2024-01-05 15:28:55.871000+00:00,004, ,, , 
net_YxM92owBbVMQAOLa5JZu,YxM92owBbVMQAOLa5JZu,2024-01-05 15:28:56.220000+00:00,004, ,, , 
net_ZxM92owBbVMQAOLa6Jb4,ZxM92owBbVMQAOLa6Jb4,2024-01-05 15:28:57.974000+00:00,004, ,, , 
net_aBM92owBbVMQAOLa6Jb8,aBM92owBbVMQAOLa6Jb8,2024-01-05 15:28:57.977000+00:00,004, ,, , 
net_aRM92owBbVMQAOLa6Jb8,aRM92owBbVMQAOLa6Jb8,2024-01-05 15:28:57.983000+00:00,004, ,, , 
net_bRM92owBbVMQAOLa6Jb8,bRM92owBbVMQAOLa6Jb8,2024-01-05 15:28:58.175000+00:00,004, ,, , 
net_bhM92owBbVMQAOLa6Jb8,bhM92owBbVMQAOLa6Jb8,2024-01-05 15:28:58.175000+00:00,004, ,, , 
net_QhM92owBbVMQAOLaxZYV,QhM92owBbVMQAOLaxZYV,2024-01-05 15:28:48.253000+00:00,004, ,, , 
net_QxM92owBbVMQAOLaxZYV,QxM92owBbVMQAOLaxZYV,2024-01-05 15:28:48.253000+00:00,004, ,, , 
net_RRM92owBbVMQAOLaxZYV,RRM92owBbVMQAOLaxZYV,2024-01-05 15:28:48.254000+00:00,004, ,, , 
net_SRM92owBbVMQAOLayJZ6,SRM92owBbVMQAOLayJZ6,2024-01-05 15:28:50.004000+00:00,004, ,, , 
net_VhM92owBbVMQAOLa1ZaM,VhM92owBbVMQAOLa1ZaM,2024-01-05 15:28:54.161000+00:00,004, ,, , 
net_VxM92owBbVMQAOLa1ZaM,VxM92owBbVMQAOLa1ZaM,2024-01-05 15:28:54.161000+00:00,004, ,, , 
net_lRM-2owBbVMQAOLaIJZC,lRM-2owBbVMQAOLaIJZC,2024-01-05 15:29:12.137000+00:00,004, ,, , 
net_mBM-2owBbVMQAOLaIJZC,mBM-2owBbVMQAOLaIJZC,2024-01-05 15:29:12.142000+00:00,004, ,, , 
net_mhM-2owBbVMQAOLaIJZC,mhM-2owBbVMQAOLaIJZC,2024-01-05 15:29:12.144000+00:00,004, ,, , 
net_oRM-2owBbVMQAOLaKJZR,oRM-2owBbVMQAOLaKJZR,2024-01-05 15:29:14.272000+00:00,004, ,, , 
net_pxM-2owBbVMQAOLaKJZR,pxM-2owBbVMQAOLaKJZR,2024-01-05 15:29:14.379000+00:00,004, ,, , 
net_kRM-2owBbVMQAOLaCJZA,kRM-2owBbVMQAOLaCJZA,2024-01-05 15:29:06.087000+00:00,004, ,, , 
net_khM-2owBbVMQAOLaFJZf,khM-2owBbVMQAOLaFJZf,2024-01-05 15:29:08.242000+00:00,004, ,, , 
net_6hM_2owBbVMQAOLakZg-,6hM_2owBbVMQAOLakZg-,2024-01-05 15:30:46.962000+00:00,004, ,, , 
net_7hM_2owBbVMQAOLakZg-,7hM_2owBbVMQAOLakZg-,2024-01-05 15:30:46.972000+00:00,004, ,, , 
net_8xM_2owBbVMQAOLakZg-,8xM_2owBbVMQAOLakZg-,2024-01-05 15:30:46.986000+00:00,004, ,, , 
net_9BM_2owBbVMQAOLakZg-,9BM_2owBbVMQAOLakZg-,2024-01-05 15:30:46.987000+00:00,004, ,, , 
net_9xM_2owBbVMQAOLakZg-,9xM_2owBbVMQAOLakZg-,2024-01-05 15:30:46.993000+00:00,004, ,, , 
net_'-RM_2owBbVMQAOLakZg-,'-RM_2owBbVMQAOLakZg-,2024-01-05 15:30:46.998000+00:00,004, ,, , 
net_'-xM_2owBbVMQAOLakZg-,'-xM_2owBbVMQAOLakZg-,2024-01-05 15:30:47.007000+00:00,004, ,, , 
net__BM_2owBbVMQAOLakZg-,_BM_2owBbVMQAOLakZg-,2024-01-05 15:30:47.009000+00:00,004, ,, , 
net_ARM_2owBbVMQAOLakZk-,ARM_2owBbVMQAOLakZk-,2024-01-05 15:30:47.029000+00:00,004, ,, , 
net_AhM_2owBbVMQAOLakZk-,AhM_2owBbVMQAOLakZk-,2024-01-05 15:30:47.029000+00:00,004, ,, , 
net_BBM_2owBbVMQAOLakZk-,BBM_2owBbVMQAOLakZk-,2024-01-05 15:30:47.030000+00:00,004, ,, , 
net_BRM_2owBbVMQAOLakZk-,BRM_2owBbVMQAOLakZk-,2024-01-05 15:30:47.031000+00:00,004, ,, , 
net_ChM_2owBbVMQAOLakZk-,ChM_2owBbVMQAOLakZk-,2024-01-05 15:30:47.041000+00:00,004, ,, , 
net_CxM_2owBbVMQAOLalZlh,CxM_2owBbVMQAOLalZlh,2024-01-05 15:30:47.044000+00:00,004, ,, , 
net_DBM_2owBbVMQAOLamJmD,DBM_2owBbVMQAOLamJmD,2024-01-05 15:30:49.005000+00:00,004, ,, , 
net_DRM_2owBbVMQAOLanJnt,DRM_2owBbVMQAOLanJnt,2024-01-05 15:30:49.014000+00:00,004, ,, , 
net_EBM_2owBbVMQAOLanJnt,EBM_2owBbVMQAOLanJnt,2024-01-05 15:30:49.099000+00:00,004, ,, , 
net_EhM_2owBbVMQAOLanJnt,EhM_2owBbVMQAOLanJnt,2024-01-05 15:30:49.299000+00:00,004, ,, , 
net_GhM_2owBbVMQAOLanJnt,GhM_2owBbVMQAOLanJnt,2024-01-05 15:30:49.365000+00:00,004, ,, , 
net_GxM_2owBbVMQAOLanJnt,GxM_2owBbVMQAOLanJnt,2024-01-05 15:30:49.373000+00:00,004, ,, , 
net_HBM_2owBbVMQAOLanJnt,HBM_2owBbVMQAOLanJnt,2024-01-05 15:30:49.373000+00:00,004, ,, , 
net_HhM_2owBbVMQAOLanJnt,HhM_2owBbVMQAOLanJnt,2024-01-05 15:30:49.378000+00:00,004, ,, , 
net_HxM_2owBbVMQAOLanJnt,HxM_2owBbVMQAOLanJnt,2024-01-05 15:30:49.392000+00:00,004, ,, , 
net_IxM_2owBbVMQAOLapZk3,IxM_2owBbVMQAOLapZk3,2024-01-05 15:30:51.181000+00:00,004, ,, , 
net_JBM_2owBbVMQAOLapZk3,JBM_2owBbVMQAOLapZk3,2024-01-05 15:30:51.182000+00:00,004, ,, , 
net_JhM_2owBbVMQAOLapZk3,JhM_2owBbVMQAOLapZk3,2024-01-05 15:30:51.319000+00:00,004, ,, , 
net_KBM_2owBbVMQAOLapZlG,KBM_2owBbVMQAOLapZlG,2024-01-05 15:30:51.320000+00:00,004, ,, , 
net_KhM_2owBbVMQAOLapZlG,KhM_2owBbVMQAOLapZlG,2024-01-05 15:30:51.326000+00:00,004, ,, , 
net_KxM_2owBbVMQAOLapZlG,KxM_2owBbVMQAOLapZlG,2024-01-05 15:30:51.339000+00:00,004, ,, , 
net_LBM_2owBbVMQAOLapZlG,LBM_2owBbVMQAOLapZlG,2024-01-05 15:30:51.326000+00:00,004, ,, , 
net_LxM_2owBbVMQAOLapZlG,LxM_2owBbVMQAOLapZlG,2024-01-05 15:30:51.339000+00:00,004, ,, , 
net_bRNA2owBbVMQAOLaTZrB,bRNA2owBbVMQAOLaTZrB,2024-01-05 15:31:34.334000+00:00,004, ,, , 
net_cBNA2owBbVMQAOLaTZrB,cBNA2owBbVMQAOLaTZrB,2024-01-05 15:31:34.339000+00:00,004, ,, , 
net_chNA2owBbVMQAOLaTZrB,chNA2owBbVMQAOLaTZrB,2024-01-05 15:31:34.358000+00:00,004, ,, , 
net_cxNA2owBbVMQAOLaTZrB,cxNA2owBbVMQAOLaTZrB,2024-01-05 15:31:34.468000+00:00,004, ,, , 
net_dBNA2owBbVMQAOLaUpob,dBNA2owBbVMQAOLaUpob,2024-01-05 15:31:34.479000+00:00,004, ,, , 
net_ehNA2owBbVMQAOLaUpob,ehNA2owBbVMQAOLaUpob,2024-01-05 15:31:36.168000+00:00,004, ,, , 
net_fRNA2owBbVMQAOLaUpob,fRNA2owBbVMQAOLaUpob,2024-01-05 15:31:36.289000+00:00,004, ,, , 
net_gBNA2owBbVMQAOLaVZrm,gBNA2owBbVMQAOLaVZrm,2024-01-05 15:31:36.407000+00:00,004, ,, , 
net_ghNA2owBbVMQAOLaVZrm,ghNA2owBbVMQAOLaVZrm,2024-01-05 15:31:36.508000+00:00,004, ,, , 
net_hxNA2owBbVMQAOLaWZrF,hxNA2owBbVMQAOLaWZrF,2024-01-05 15:31:38.299000+00:00,004, ,, , 
net_iBNA2owBbVMQAOLaWZrF,iBNA2owBbVMQAOLaWZrF,2024-01-05 15:31:38.299000+00:00,004, ,, , 
net_ihNA2owBbVMQAOLaWZrF,ihNA2owBbVMQAOLaWZrF,2024-01-05 15:31:38.333000+00:00,004, ,, , 
net_jRNA2owBbVMQAOLaXZrk,jRNA2owBbVMQAOLaXZrk,2024-01-05 15:31:38.480000+00:00,004, ,, , 
net_jhNA2owBbVMQAOLaXZrk,jhNA2owBbVMQAOLaXZrk,2024-01-05 15:31:38.573000+00:00,004, ,, , 
net_kBNA2owBbVMQAOLaYpoe,kBNA2owBbVMQAOLaYpoe,2024-01-05 15:31:40.165000+00:00,004, ,, , 
net_kRNA2owBbVMQAOLaYpoe,kRNA2owBbVMQAOLaYpoe,2024-01-05 15:31:40.168000+00:00,004, ,, , 
net_lRNA2owBbVMQAOLaYpoe,lRNA2owBbVMQAOLaYpoe,2024-01-05 15:31:40.174000+00:00,004, ,, , 
net_mBNA2owBbVMQAOLaYpoe,mBNA2owBbVMQAOLaYpoe,2024-01-05 15:31:40.179000+00:00,004, ,, , 
net_mxNA2owBbVMQAOLaYpoe,mxNA2owBbVMQAOLaYpoe,2024-01-05 15:31:40.287000+00:00,004, ,, , 
net_nBNA2owBbVMQAOLaYpoe,nBNA2owBbVMQAOLaYpoe,2024-01-05 15:31:40.288000+00:00,004, ,, , 
net_oRNA2owBbVMQAOLaYpoe,oRNA2owBbVMQAOLaYpoe,2024-01-05 15:31:40.404000+00:00,004, ,, , 
net_dBM_2owBbVMQAOLa0Jmv,dBM_2owBbVMQAOLa0Jmv,2024-01-05 15:31:01.409000+00:00,004, ,, , 
net_dRM_2owBbVMQAOLa0Jmv,dRM_2owBbVMQAOLa0Jmv,2024-01-05 15:31:01.475000+00:00,004, ,, , 
net_eBM_2owBbVMQAOLa0Jmv,eBM_2owBbVMQAOLa0Jmv,2024-01-05 15:31:01.485000+00:00,004, ,, , 
net_eRM_2owBbVMQAOLa0Jmv,eRM_2owBbVMQAOLa0Jmv,2024-01-05 15:31:01.628000+00:00,004, ,, , 
net_fBM_2owBbVMQAOLa0Jmv,fBM_2owBbVMQAOLa0Jmv,2024-01-05 15:31:01.729000+00:00,004, ,, , 
net_fhM_2owBbVMQAOLa0Jmv,fhM_2owBbVMQAOLa0Jmv,2024-01-05 15:31:01.730000+00:00,004, ,, , 
net_gBM_2owBbVMQAOLa0Jmv,gBM_2owBbVMQAOLa0Jmv,2024-01-05 15:31:01.760000+00:00,004, ,, , 
net_gRM_2owBbVMQAOLa0Jmv,gRM_2owBbVMQAOLa0Jmv,2024-01-05 15:31:01.763000+00:00,004, ,, , 
net_ghM_2owBbVMQAOLa0Jmv,ghM_2owBbVMQAOLa0Jmv,2024-01-05 15:31:01.763000+00:00,004, ,, , 
net_hBM_2owBbVMQAOLa0Jmv,hBM_2owBbVMQAOLa0Jmv,2024-01-05 15:31:03.349000+00:00,004, ,, , 
net_hxM_2owBbVMQAOLa1ZmR,hxM_2owBbVMQAOLa1ZmR,2024-01-05 15:31:03.464000+00:00,004, ,, , 
net_iRM_2owBbVMQAOLa1ZmR,iRM_2owBbVMQAOLa1ZmR,2024-01-05 15:31:03.464000+00:00,004, ,, , 
net_ihM_2owBbVMQAOLa1ZmR,ihM_2owBbVMQAOLa1ZmR,2024-01-05 15:31:03.469000+00:00,004, ,, , 
net_jRM_2owBbVMQAOLa1ZmR,jRM_2owBbVMQAOLa1ZmR,2024-01-05 15:31:03.480000+00:00,004, ,, , 
net_khM_2owBbVMQAOLa1ZmR,khM_2owBbVMQAOLa1ZmR,2024-01-05 15:31:03.600000+00:00,004, ,, , 
net_kxM_2owBbVMQAOLa1ZmR,kxM_2owBbVMQAOLa1ZmR,2024-01-05 15:31:03.691000+00:00,004, ,, , 
net_lBM_2owBbVMQAOLa1ZmR,lBM_2owBbVMQAOLa1ZmR,2024-01-05 15:31:03.696000+00:00,004, ,, , 
net_lhM_2owBbVMQAOLa1ZmR,lhM_2owBbVMQAOLa1ZmR,2024-01-05 15:31:03.701000+00:00,004, ,, , 
net_lxM_2owBbVMQAOLa1ZmR,lxM_2owBbVMQAOLa1ZmR,2024-01-05 15:31:03.704000+00:00,004, ,, , 
net_mxM_2owBbVMQAOLa2Zke,mxM_2owBbVMQAOLa2Zke,2024-01-05 15:31:05.388000+00:00,004, ,, , 
net_nhM_2owBbVMQAOLa2Zke,nhM_2owBbVMQAOLa2Zke,2024-01-05 15:31:05.392000+00:00,004, ,, , 
net_MRM_2owBbVMQAOLarJnP,MRM_2owBbVMQAOLarJnP,2024-01-05 15:30:53.059000+00:00,004, ,, , 
net_NBM_2owBbVMQAOLarJnP,NBM_2owBbVMQAOLarJnP,2024-01-05 15:30:53.306000+00:00,004, ,, , 
net_OBM_2owBbVMQAOLarJnP,OBM_2owBbVMQAOLarJnP,2024-01-05 15:30:53.498000+00:00,004, ,, , 
net_ORM_2owBbVMQAOLarJnP,ORM_2owBbVMQAOLarJnP,2024-01-05 15:30:53.642000+00:00,004, ,, , 
net_PBM_2owBbVMQAOLarJnP,PBM_2owBbVMQAOLarJnP,2024-01-05 15:30:55.221000+00:00,004, ,, , 
net_QBM_2owBbVMQAOLatJnq,QBM_2owBbVMQAOLatJnq,2024-01-05 15:30:55.243000+00:00,004, ,, , 
net_RRM_2owBbVMQAOLatJnq,RRM_2owBbVMQAOLatJnq,2024-01-05 15:30:55.293000+00:00,004, ,, , 
net_ShM_2owBbVMQAOLatJnq,ShM_2owBbVMQAOLatJnq,2024-01-05 15:30:55.296000+00:00,004, ,, , 
net_TxM_2owBbVMQAOLatJnq,TxM_2owBbVMQAOLatJnq,2024-01-05 15:30:55.296000+00:00,004, ,, , 
net_VxM_2owBbVMQAOLauJni,VxM_2owBbVMQAOLauJni,2024-01-05 15:30:57.200000+00:00,004, ,, , 
net_WRM_2owBbVMQAOLavZkX,WRM_2owBbVMQAOLavZkX,2024-01-05 15:30:57.205000+00:00,004, ,, , 
net_WhM_2owBbVMQAOLavZkX,WhM_2owBbVMQAOLavZkX,2024-01-05 15:30:57.197000+00:00,004, ,, , 
net_WxM_2owBbVMQAOLavZkX,WxM_2owBbVMQAOLavZkX,2024-01-05 15:30:57.308000+00:00,004, ,, , 
net_YRM_2owBbVMQAOLavZkX,YRM_2owBbVMQAOLavZkX,2024-01-05 15:30:57.449000+00:00,004, ,, , 
net_YxM_2owBbVMQAOLawZli,YxM_2owBbVMQAOLawZli,2024-01-05 15:30:59.260000+00:00,004, ,, , 
net_ZhM_2owBbVMQAOLawZli,ZhM_2owBbVMQAOLawZli,2024-01-05 15:30:59.313000+00:00,004, ,, , 
net_ahM_2owBbVMQAOLawZli,ahM_2owBbVMQAOLawZli,2024-01-05 15:30:59.346000+00:00,004, ,, , 
net_cBM_2owBbVMQAOLawZli,cBM_2owBbVMQAOLawZli,2024-01-05 15:30:59.368000+00:00,004, ,, , 
net_cRM_2owBbVMQAOLawZli,cRM_2owBbVMQAOLawZli,2024-01-05 15:30:59.368000+00:00,004, ,, , 
net_NRNA2owBbVMQAOLaOZqo,NRNA2owBbVMQAOLaOZqo,2024-01-05 15:31:28.506000+00:00,004, ,, , 
net_NxNA2owBbVMQAOLaOZqo,NxNA2owBbVMQAOLaOZqo,2024-01-05 15:31:28.507000+00:00,004, ,, , 
net_OxNA2owBbVMQAOLaOZqo,OxNA2owBbVMQAOLaOZqo,2024-01-05 15:31:28.508000+00:00,004, ,, , 
net_PxNA2owBbVMQAOLaOZqo,PxNA2owBbVMQAOLaOZqo,2024-01-05 15:31:28.511000+00:00,004, ,, , 
net_QRNA2owBbVMQAOLaOZqo,QRNA2owBbVMQAOLaOZqo,2024-01-05 15:31:30.208000+00:00,004, ,, , 
net_RhNA2owBbVMQAOLaOZqo,RhNA2owBbVMQAOLaOZqo,2024-01-05 15:31:30.210000+00:00,004, ,, , 
net_SBNA2owBbVMQAOLaPZpa,SBNA2owBbVMQAOLaPZpa,2024-01-05 15:31:30.225000+00:00,004, ,, , 
net_SRNA2owBbVMQAOLaPZpa,SRNA2owBbVMQAOLaPZpa,2024-01-05 15:31:30.320000+00:00,004, ,, , 
net_TRNA2owBbVMQAOLaPZpa,TRNA2owBbVMQAOLaPZpa,2024-01-05 15:31:30.563000+00:00,004, ,, , 
net_TxNA2owBbVMQAOLaPZpa,TxNA2owBbVMQAOLaPZpa,2024-01-05 15:31:30.563000+00:00,004, ,, , 
net_UBNA2owBbVMQAOLaQZqM,UBNA2owBbVMQAOLaQZqM,2024-01-05 15:31:30.563000+00:00,004, ,, , 
net_URNA2owBbVMQAOLaQZqM,URNA2owBbVMQAOLaQZqM,2024-01-05 15:31:32.170000+00:00,004, ,, , 
net_UhNA2owBbVMQAOLaRZpc,UhNA2owBbVMQAOLaRZpc,2024-01-05 15:31:32.170000+00:00,004, ,, , 
net_WxNA2owBbVMQAOLaRZpc,WxNA2owBbVMQAOLaRZpc,2024-01-05 15:31:32.396000+00:00,004, ,, , 
net_XBNA2owBbVMQAOLaRZpc,XBNA2owBbVMQAOLaRZpc,2024-01-05 15:31:32.396000+00:00,004, ,, , 
net_YhNA2owBbVMQAOLaSZqY,YhNA2owBbVMQAOLaSZqY,2024-01-05 15:31:34.120000+00:00,004, ,, , 
net_YxNA2owBbVMQAOLaSZqY,YxNA2owBbVMQAOLaSZqY,2024-01-05 15:31:34.124000+00:00,004, ,, , 
net_ZRNA2owBbVMQAOLaSZqY,ZRNA2owBbVMQAOLaSZqY,2024-01-05 15:31:34.177000+00:00,004, ,, , 
net_ZhNA2owBbVMQAOLaSZqY,ZhNA2owBbVMQAOLaSZqY,2024-01-05 15:31:34.180000+00:00,004, ,, , 
net_7BNA2owBbVMQAOLaDpmC,7BNA2owBbVMQAOLaDpmC,2024-01-05 15:31:17.894000+00:00,004, ,, , 
net_7RNA2owBbVMQAOLaDpmC,7RNA2owBbVMQAOLaDpmC,2024-01-05 15:31:18.029000+00:00,004, ,, , 
net_7xNA2owBbVMQAOLaDpmC,7xNA2owBbVMQAOLaDpmC,2024-01-05 15:31:18.116000+00:00,004, ,, , 
net_8RNA2owBbVMQAOLaDpmC,8RNA2owBbVMQAOLaDpmC,2024-01-05 15:31:18.133000+00:00,004, ,, , 
net_9BNA2owBbVMQAOLaEpnh,9BNA2owBbVMQAOLaEpnh,2024-01-05 15:31:19.632000+00:00,004, ,, , 
net_9RNA2owBbVMQAOLaEpnh,9RNA2owBbVMQAOLaEpnh,2024-01-05 15:31:19.637000+00:00,004, ,, , 
net_'-RNA2owBbVMQAOLaEpnh,'-RNA2owBbVMQAOLaEpnh,2024-01-05 15:31:19.641000+00:00,004, ,, , 
net_'-hNA2owBbVMQAOLaEpnh,'-hNA2owBbVMQAOLaEpnh,2024-01-05 15:31:19.641000+00:00,004, ,, , 
net_BRNA2owBbVMQAOLaGZp6,BRNA2owBbVMQAOLaGZp6,2024-01-05 15:31:20.367000+00:00,004, ,, , 
net_CxNA2owBbVMQAOLaHZqr,CxNA2owBbVMQAOLaHZqr,2024-01-05 15:31:22.220000+00:00,004, ,, , 
net_DRNA2owBbVMQAOLaHZqr,DRNA2owBbVMQAOLaHZqr,2024-01-05 15:31:22.281000+00:00,004, ,, , 
net_EBNA2owBbVMQAOLaHZqr,EBNA2owBbVMQAOLaHZqr,2024-01-05 15:31:22.415000+00:00,004, ,, , 
net_GBNA2owBbVMQAOLaHZqr,GBNA2owBbVMQAOLaHZqr,2024-01-05 15:31:22.546000+00:00,004, ,, , 
net_GxNA2owBbVMQAOLaHZqr,GxNA2owBbVMQAOLaHZqr,2024-01-05 15:31:22.604000+00:00,004, ,, , 
net_oxM_2owBbVMQAOLa3ZkX,oxM_2owBbVMQAOLa3ZkX,2024-01-05 15:31:05.619000+00:00,004, ,, , 
net_pRM_2owBbVMQAOLa3ZkX,pRM_2owBbVMQAOLa3ZkX,2024-01-05 15:31:05.674000+00:00,004, ,, , 
net_pxM_2owBbVMQAOLa3ZkX,pxM_2owBbVMQAOLa3ZkX,2024-01-05 15:31:05.736000+00:00,004, ,, , 
net_rxM_2owBbVMQAOLa4Zk-,rxM_2owBbVMQAOLa4Zk-,2024-01-05 15:31:07.548000+00:00,004, ,, , 
net_sBM_2owBbVMQAOLa5ZmG,sBM_2owBbVMQAOLa5ZmG,2024-01-05 15:31:07.548000+00:00,004, ,, , 
net_shM_2owBbVMQAOLa5ZmG,shM_2owBbVMQAOLa5ZmG,2024-01-05 15:31:07.549000+00:00,004, ,, , 
net_tBM_2owBbVMQAOLa5ZmG,tBM_2owBbVMQAOLa5ZmG,2024-01-05 15:31:07.652000+00:00,004, ,, , 
net_uRM_2owBbVMQAOLa6ZlO,uRM_2owBbVMQAOLa6ZlO,2024-01-05 15:31:09.456000+00:00,004, ,, , 
net_wRM_2owBbVMQAOLa6ZlO,wRM_2owBbVMQAOLa6ZlO,2024-01-05 15:31:09.595000+00:00,004, ,, , 
net_whM_2owBbVMQAOLa6ZlO,whM_2owBbVMQAOLa6ZlO,2024-01-05 15:31:09.707000+00:00,004, ,, , 
net_yxM_2owBbVMQAOLa9ZmB,yxM_2owBbVMQAOLa9ZmB,2024-01-05 15:31:11.739000+00:00,004, ,, , 
net_0BNA2owBbVMQAOLaApkg,0BNA2owBbVMQAOLaApkg,2024-01-05 15:31:14.013000+00:00,004, ,, , 
net_1RNA2owBbVMQAOLaApkg,1RNA2owBbVMQAOLaApkg,2024-01-05 15:31:14.012000+00:00,004, ,, , 
net_2xNA2owBbVMQAOLaApkg,2xNA2owBbVMQAOLaApkg,2024-01-05 15:31:15.610000+00:00,004, ,, , 
net_3RNA2owBbVMQAOLaApkg,3RNA2owBbVMQAOLaApkg,2024-01-05 15:31:15.726000+00:00,004, ,, , 
net_3xNA2owBbVMQAOLaApkg,3xNA2owBbVMQAOLaApkg,2024-01-05 15:31:15.742000+00:00,004, ,, , 
net_4RNA2owBbVMQAOLaApkg,4RNA2owBbVMQAOLaApkg,2024-01-05 15:31:15.742000+00:00,004, ,, , 
net_5hNA2owBbVMQAOLaC5kM,5hNA2owBbVMQAOLaC5kM,2024-01-05 15:31:17.657000+00:00,004, ,, , 
net_6RNA2owBbVMQAOLaC5kM,6RNA2owBbVMQAOLaC5kM,2024-01-05 15:31:17.829000+00:00,004, ,, , 
net_HhNA2owBbVMQAOLaKZqs,HhNA2owBbVMQAOLaKZqs,2024-01-05 15:31:24.284000+00:00,004, ,, , 
net_HxNA2owBbVMQAOLaKZqs,HxNA2owBbVMQAOLaKZqs,2024-01-05 15:31:24.354000+00:00,004, ,, , 
net_IRNA2owBbVMQAOLaKZqs,IRNA2owBbVMQAOLaKZqs,2024-01-05 15:31:24.354000+00:00,004, ,, , 
net_JRNA2owBbVMQAOLaKZqs,JRNA2owBbVMQAOLaKZqs,2024-01-05 15:31:24.541000+00:00,004, ,, , 
net_JxNA2owBbVMQAOLaKZqs,JxNA2owBbVMQAOLaKZqs,2024-01-05 15:31:24.540000+00:00,004, ,, , 
net_LBNA2owBbVMQAOLaLZqI,LBNA2owBbVMQAOLaLZqI,2024-01-05 15:31:26.423000+00:00,004, ,, , 
net_LRNA2owBbVMQAOLaLZqI,LRNA2owBbVMQAOLaLZqI,2024-01-05 15:31:26.423000+00:00,004, ,, , 
net_MBNA2owBbVMQAOLaLZqI,MBNA2owBbVMQAOLaLZqI,2024-01-05 15:31:26.430000+00:00,004, ,, , 
net_AhND2owBbVMQAOLaHp3u,AhND2owBbVMQAOLaHp3u,2024-01-05 15:34:32.193000+00:00,004, ,, , 
net_CBND2owBbVMQAOLaIp2-,CBND2owBbVMQAOLaIp2-,2024-01-05 15:34:40.232000+00:00,004, ,, , 
net_DBND2owBbVMQAOLaIp2-,DBND2owBbVMQAOLaIp2-,2024-01-05 15:34:40.232000+00:00,004, ,, , 
net_EhND2owBbVMQAOLaIp2-,EhND2owBbVMQAOLaIp2-,2024-01-05 15:34:40.478000+00:00,004, ,, , 
net_FBND2owBbVMQAOLaIp2-,FBND2owBbVMQAOLaIp2-,2024-01-05 15:34:40.564000+00:00,004, ,, , 
net_GBND2owBbVMQAOLaIp2-,GBND2owBbVMQAOLaIp2-,2024-01-05 15:34:40.837000+00:00,004, ,, , 
net_GRND2owBbVMQAOLaIp2-,GRND2owBbVMQAOLaIp2-,2024-01-05 15:34:40.850000+00:00,004, ,, , 
net_GxND2owBbVMQAOLaIp2-,GxND2owBbVMQAOLaIp2-,2024-01-05 15:34:40.850000+00:00,004, ,, , 
net_HRND2owBbVMQAOLaIp2-,HRND2owBbVMQAOLaIp2-,2024-01-05 15:34:40.889000+00:00,004, ,, , 
net_HxND2owBbVMQAOLaIp2-,HxND2owBbVMQAOLaIp2-,2024-01-05 15:34:40.921000+00:00,004, ,, , 
net_NhND2owBbVMQAOLadp26,NhND2owBbVMQAOLadp26,2024-01-05 15:34:58.475000+00:00,004, ,, , 
net_OBND2owBbVMQAOLadp26,OBND2owBbVMQAOLadp26,2024-01-05 15:34:58.478000+00:00,004, ,, , 
net_OhND2owBbVMQAOLadp26,OhND2owBbVMQAOLadp26,2024-01-05 15:34:58.523000+00:00,004, ,, , 
net_OxND2owBbVMQAOLadp26,OxND2owBbVMQAOLadp26,2024-01-05 15:34:58.539000+00:00,004, ,, , 
net_PRND2owBbVMQAOLadp26,PRND2owBbVMQAOLadp26,2024-01-05 15:34:58.633000+00:00,004, ,, , 
net_QBND2owBbVMQAOLadp26,QBND2owBbVMQAOLadp26,2024-01-05 15:34:58.654000+00:00,004, ,, , 
net_QhND2owBbVMQAOLadp26,QhND2owBbVMQAOLadp26,2024-01-05 15:35:00.443000+00:00,004, ,, , 
net_KRND2owBbVMQAOLaOp2X,KRND2owBbVMQAOLaOp2X,2024-01-05 15:34:46.501000+00:00,004, ,, , 
net_KxND2owBbVMQAOLaPp1P,KxND2owBbVMQAOLaPp1P,2024-01-05 15:34:46.615000+00:00,004, ,, , 
net_LBND2owBbVMQAOLaSp1_,LBND2owBbVMQAOLaSp1_,2024-01-05 15:34:50.371000+00:00,004, ,, , 
net_LRND2owBbVMQAOLaSp1_,LRND2owBbVMQAOLaSp1_,2024-01-05 15:34:50.372000+00:00,004, ,, , 
net_LhND2owBbVMQAOLaSp1_,LhND2owBbVMQAOLaSp1_,2024-01-05 15:34:50.372000+00:00,004, ,, , 
net_pRNB2owBbVMQAOLaV5yJ,pRNB2owBbVMQAOLaV5yJ,2024-01-05 15:32:42.752000+00:00,004, ,, , 
net_phNB2owBbVMQAOLaV5yJ,phNB2owBbVMQAOLaV5yJ,2024-01-05 15:32:42.754000+00:00,004, ,, , 
net_qBNB2owBbVMQAOLaV5yJ,qBNB2owBbVMQAOLaV5yJ,2024-01-05 15:32:42.827000+00:00,004, ,, , 
net_qRNB2owBbVMQAOLaV5yJ,qRNB2owBbVMQAOLaV5yJ,2024-01-05 15:32:42.847000+00:00,004, ,, , 
net_qhNB2owBbVMQAOLaV5yJ,qhNB2owBbVMQAOLaV5yJ,2024-01-05 15:32:42.845000+00:00,004, ,, , 
net_sBNB2owBbVMQAOLaV5yJ,sBNB2owBbVMQAOLaV5yJ,2024-01-05 15:32:42.860000+00:00,004, ,, , 
net_shNB2owBbVMQAOLaV5yJ,shNB2owBbVMQAOLaV5yJ,2024-01-05 15:32:42.861000+00:00,004, ,, , 
net_thNB2owBbVMQAOLaV5yJ,thNB2owBbVMQAOLaV5yJ,2024-01-05 15:32:42.973000+00:00,004, ,, , 
net_txNB2owBbVMQAOLaV5yJ,txNB2owBbVMQAOLaV5yJ,2024-01-05 15:32:42.976000+00:00,004, ,, , 
net_uBNB2owBbVMQAOLaW5xE,uBNB2owBbVMQAOLaW5xE,2024-01-05 15:32:43.095000+00:00,004, ,, , 
net_uxNB2owBbVMQAOLaX5zc,uxNB2owBbVMQAOLaX5zc,2024-01-05 15:32:44.781000+00:00,004, ,, , 
net_vBNB2owBbVMQAOLaX5zc,vBNB2owBbVMQAOLaX5zc,2024-01-05 15:32:44.781000+00:00,004, ,, , 
net_vxNB2owBbVMQAOLaX5zc,vxNB2owBbVMQAOLaX5zc,2024-01-05 15:32:44.785000+00:00,004, ,, , 
net_xxNB2owBbVMQAOLaZ5xT,xxNB2owBbVMQAOLaZ5xT,2024-01-05 15:32:46.822000+00:00,004, ,, , 
net_yRNB2owBbVMQAOLaZ5xT,yRNB2owBbVMQAOLaZ5xT,2024-01-05 15:32:46.825000+00:00,004, ,, , 
net_yhNB2owBbVMQAOLaZ5xT,yhNB2owBbVMQAOLaZ5xT,2024-01-05 15:32:46.828000+00:00,004, ,, , 
net_yxNB2owBbVMQAOLaZ5xT,yxNB2owBbVMQAOLaZ5xT,2024-01-05 15:32:46.828000+00:00,004, ,, , 
net_dhNB2owBbVMQAOLaP5yU,dhNB2owBbVMQAOLaP5yU,2024-01-05 15:32:36.747000+00:00,004, ,, , 
net_fBNB2owBbVMQAOLaP5yU,fBNB2owBbVMQAOLaP5yU,2024-01-05 15:32:36.858000+00:00,004, ,, , 
net_fhNB2owBbVMQAOLaP5yU,fhNB2owBbVMQAOLaP5yU,2024-01-05 15:32:36.862000+00:00,004, ,, , 
net_fxNB2owBbVMQAOLaP5yU,fxNB2owBbVMQAOLaP5yU,2024-01-05 15:32:36.862000+00:00,004, ,, , 
net_gRNB2owBbVMQAOLaQ5x5,gRNB2owBbVMQAOLaQ5x5,2024-01-05 15:32:36.873000+00:00,004, ,, , 
net_jRNB2owBbVMQAOLaR5zH,jRNB2owBbVMQAOLaR5zH,2024-01-05 15:32:38.862000+00:00,004, ,, , 
net_jxNB2owBbVMQAOLaR5zH,jxNB2owBbVMQAOLaR5zH,2024-01-05 15:32:39.017000+00:00,004, ,, , 
net_kBNB2owBbVMQAOLaR5zH,kBNB2owBbVMQAOLaR5zH,2024-01-05 15:32:39.140000+00:00,004, ,, , 
net_lhNB2owBbVMQAOLaU5yy,lhNB2owBbVMQAOLaU5yy,2024-01-05 15:32:40.708000+00:00,004, ,, , 
net_mxNB2owBbVMQAOLaU5yy,mxNB2owBbVMQAOLaU5yy,2024-01-05 15:32:40.834000+00:00,004, ,, , 
net_nhNB2owBbVMQAOLaU5yy,nhNB2owBbVMQAOLaU5yy,2024-01-05 15:32:41.049000+00:00,004, ,, , 
net_nxNB2owBbVMQAOLaU5yy,nxNB2owBbVMQAOLaU5yy,2024-01-05 15:32:41.053000+00:00,004, ,, , 
net_pBNB2owBbVMQAOLaV5yJ,pBNB2owBbVMQAOLaV5yJ,2024-01-05 15:32:42.751000+00:00,004, ,, , 
net_0xNB2owBbVMQAOLazZzp,0xNB2owBbVMQAOLazZzp,2024-01-05 15:33:05.003000+00:00,004, ,, , 
net_1BNB2owBbVMQAOLazZzp,1BNB2owBbVMQAOLazZzp,2024-01-05 15:33:05.004000+00:00,004, ,, , 
net_2BNB2owBbVMQAOLazZzp,2BNB2owBbVMQAOLazZzp,2024-01-05 15:33:05.046000+00:00,004, ,, , 
net_4xNB2owBbVMQAOLazZzp,4xNB2owBbVMQAOLazZzp,2024-01-05 15:33:06.959000+00:00,004, ,, , 
net_5RNB2owBbVMQAOLazZzp,5RNB2owBbVMQAOLazZzp,2024-01-05 15:33:07.205000+00:00,004, ,, , 
net_6RNB2owBbVMQAOLazZzp,6RNB2owBbVMQAOLazZzp,2024-01-05 15:33:07.211000+00:00,004, ,, , 
net_7hNB2owBbVMQAOLazZzp,7hNB2owBbVMQAOLazZzp,2024-01-05 15:33:08.888000+00:00,004, ,, , 
net_8BNB2owBbVMQAOLazZzp,8BNB2owBbVMQAOLazZzp,2024-01-05 15:33:08.907000+00:00,004, ,, , 
net_9RNB2owBbVMQAOLazZzp,9RNB2owBbVMQAOLazZzp,2024-01-05 15:33:08.999000+00:00,004, ,, , 
net_IxND2owBbVMQAOLaMp2Q,IxND2owBbVMQAOLaMp2Q,2024-01-05 15:34:44.656000+00:00,004, ,, , 
net_JBND2owBbVMQAOLaMp2Q,JBND2owBbVMQAOLaMp2Q,2024-01-05 15:34:44.688000+00:00,004, ,, , 
net_KBND2owBbVMQAOLaNp3D,KBND2owBbVMQAOLaNp3D,2024-01-05 15:34:44.813000+00:00,004, ,, , 
net_9xNC2owBbVMQAOLaVpya,9xNC2owBbVMQAOLaVpya,2024-01-05 15:33:43.581000+00:00,004, ,, , 
net__RNC2owBbVMQAOLaVpya,_RNC2owBbVMQAOLaVpya,2024-01-05 15:33:43.687000+00:00,004, ,, , 
net__hNC2owBbVMQAOLaVpya,_hNC2owBbVMQAOLaVpya,2024-01-05 15:33:43.688000+00:00,004, ,, , 
net_MRND2owBbVMQAOLaWp1L,MRND2owBbVMQAOLaWp1L,2024-01-05 15:34:54.562000+00:00,004, ,, , 
net_TRNS2owBbVMQAOLab56H,TRNS2owBbVMQAOLab56H,2024-01-05 15:51:21.150000+00:00,004, ,, ,sohaib(uid=1000)
net_UhNS2owBbVMQAOLacZ4R,UhNS2owBbVMQAOLacZ4R,2024-01-05 15:51:23.264000+00:00,004, ,, , 
net_VhNS2owBbVMQAOLacZ4R,VhNS2owBbVMQAOLacZ4R,2024-01-05 15:51:23.273000+00:00,004, ,, , 
net_WRNS2owBbVMQAOLacZ4R,WRNS2owBbVMQAOLacZ4R,2024-01-05 15:51:23.280000+00:00,004, ,, , 
net_XhNS2owBbVMQAOLacZ4R,XhNS2owBbVMQAOLacZ4R,2024-01-05 15:51:23.291000+00:00,004, ,, , 
net_XxNS2owBbVMQAOLacZ4R,XxNS2owBbVMQAOLacZ4R,2024-01-05 15:51:23.295000+00:00,004, ,, , 
net_YBNS2owBbVMQAOLacZ4R,YBNS2owBbVMQAOLacZ4R,2024-01-05 15:51:23.297000+00:00,004, ,, , 
net_YRNS2owBbVMQAOLacZ4R,YRNS2owBbVMQAOLacZ4R,2024-01-05 15:51:23.298000+00:00,004, ,, , 
net_YxNS2owBbVMQAOLacZ4R,YxNS2owBbVMQAOLacZ4R,2024-01-05 15:51:23.303000+00:00,004, ,, , 
net_ZBNS2owBbVMQAOLacZ4R,ZBNS2owBbVMQAOLacZ4R,2024-01-05 15:51:23.305000+00:00,004, ,, , 
net_ahNS2owBbVMQAOLacZ4R,ahNS2owBbVMQAOLacZ4R,2024-01-05 15:51:23.368000+00:00,004, ,, , 
net_bhNS2owBbVMQAOLacZ4R,bhNS2owBbVMQAOLacZ4R,2024-01-05 15:51:23.376000+00:00,004, ,, , 
net_cBNS2owBbVMQAOLacZ4R,cBNS2owBbVMQAOLacZ4R,2024-01-05 15:51:23.378000+00:00,004, ,, , 
net_chNS2owBbVMQAOLacZ4R,chNS2owBbVMQAOLacZ4R,2024-01-05 15:51:23.379000+00:00,004, ,, , 
net_dhNS2owBbVMQAOLacZ4R,dhNS2owBbVMQAOLacZ4R,2024-01-05 15:51:23.381000+00:00,004, ,, , 
net_exNS2owBbVMQAOLacZ4R,exNS2owBbVMQAOLacZ4R,2024-01-05 15:51:23.379000+00:00,004, ,, , 
net_fhNS2owBbVMQAOLacZ4R,fhNS2owBbVMQAOLacZ4R,2024-01-05 15:51:23.388000+00:00,004, ,, , 
net_fxNS2owBbVMQAOLacZ4R,fxNS2owBbVMQAOLacZ4R,2024-01-05 15:51:23.402000+00:00,004, ,, , 
net_hxNS2owBbVMQAOLacZ5v,hxNS2owBbVMQAOLacZ5v,2024-01-05 15:51:23.423000+00:00,004, ,, , 
net_ixNS2owBbVMQAOLacZ5v,ixNS2owBbVMQAOLacZ5v,2024-01-05 15:51:23.449000+00:00,004, ,, , 
net_jhNS2owBbVMQAOLacZ5v,jhNS2owBbVMQAOLacZ5v,2024-01-05 15:51:23.505000+00:00,004, ,, , 
net_jxNS2owBbVMQAOLacZ5v,jxNS2owBbVMQAOLacZ5v,2024-01-05 15:51:23.509000+00:00,004, ,, , 
net_CRNH2owBbVMQAOLaNJ7E,CRNH2owBbVMQAOLaNJ7E,2024-01-05 15:39:01.715000+00:00,004, ,, , 
net_EhNH2owBbVMQAOLaNJ7E,EhNH2owBbVMQAOLaNJ7E,2024-01-05 15:39:03.701000+00:00,004, ,, , 
net_FhNH2owBbVMQAOLaNJ7E,FhNH2owBbVMQAOLaNJ7E,2024-01-05 15:39:03.715000+00:00,004, ,, , 
net_HBNH2owBbVMQAOLaNJ7E,HBNH2owBbVMQAOLaNJ7E,2024-01-05 15:39:03.735000+00:00,004, ,, , 
net_HRNH2owBbVMQAOLaNJ7E,HRNH2owBbVMQAOLaNJ7E,2024-01-05 15:39:03.737000+00:00,004, ,, , 
net_IBNH2owBbVMQAOLaNJ7E,IBNH2owBbVMQAOLaNJ7E,2024-01-05 15:39:03.743000+00:00,004, ,, , 
net_QxNN2owBbVMQAOLaVJ4n,QxNN2owBbVMQAOLaVJ4n,2024-01-05 15:45:43.590000+00:00,004, ,, , 
net_RBNN2owBbVMQAOLaVJ4n,RBNN2owBbVMQAOLaVJ4n,2024-01-05 15:45:43.585000+00:00,004, ,, , 
net_SBNN2owBbVMQAOLaVJ4n,SBNN2owBbVMQAOLaVJ4n,2024-01-05 15:45:43.603000+00:00,004, ,, , 
net_SRNN2owBbVMQAOLaVJ4n,SRNN2owBbVMQAOLaVJ4n,2024-01-05 15:45:43.603000+00:00,004, ,, , 
net_LhNH2owBbVMQAOLa554P,LhNH2owBbVMQAOLa554P,2024-01-05 15:39:43.821000+00:00,004, ,, , 
net_MBNH2owBbVMQAOLa554P,MBNH2owBbVMQAOLa554P,2024-01-05 15:39:43.824000+00:00,004, ,, , 
net_MRNH2owBbVMQAOLa554P,MRNH2owBbVMQAOLa554P,2024-01-05 15:39:43.828000+00:00,004, ,, , 
net_BBNE2owBbVMQAOLac54o,BBNE2owBbVMQAOLac54o,2024-01-05 15:36:05.369000+00:00,004, ,, , 
net_NxNK2owBbVMQAOLaMZ61,NxNK2owBbVMQAOLaMZ61,2024-01-05 15:42:14.550000+00:00,004, ,, , 
net_ORNK2owBbVMQAOLaMZ61,ORNK2owBbVMQAOLaMZ61,2024-01-05 15:42:14.553000+00:00,004, ,, , 
net_lhNS2owBbVMQAOLax57I,lhNS2owBbVMQAOLax57I,2024-01-05 15:51:43.395000+00:00,004, ,, , 
net_mBNS2owBbVMQAOLax57I,mBNS2owBbVMQAOLax57I,2024-01-05 15:51:43.403000+00:00,004, ,, , 
net_KBNH2owBbVMQAOLaXp42,KBNH2owBbVMQAOLaXp42,2024-01-05 15:39:17.820000+00:00,004, ,, , 
net_lBNS2owBbVMQAOLajJ5X,lBNS2owBbVMQAOLajJ5X,2024-01-05 15:51:27.257000+00:00,004, ,, , 
net_HxN-2owBbVMQAOLaGZ8E,HxN-2owBbVMQAOLaGZ8E,2024-01-05 16:39:03.021000+00:00,004, ,, , 
net_IBN-2owBbVMQAOLaGZ8E,IBN-2owBbVMQAOLaGZ8E,2024-01-05 16:39:03.021000+00:00,004, ,, , 
net_IRN-2owBbVMQAOLaGZ8E,IRN-2owBbVMQAOLaGZ8E,2024-01-05 16:39:03.023000+00:00,004, ,, , 
net_IhN-2owBbVMQAOLaGZ8E,IhN-2owBbVMQAOLaGZ8E,2024-01-05 16:39:03.030000+00:00,004, ,, , 
net_JBN-2owBbVMQAOLaGZ8E,JBN-2owBbVMQAOLaGZ8E,2024-01-05 16:39:03.032000+00:00,004, ,, , 
net_JhN-2owBbVMQAOLaGZ8E,JhN-2owBbVMQAOLaGZ8E,2024-01-05 16:39:03.037000+00:00,004, ,, , 
net_KBN-2owBbVMQAOLaGZ8E,KBN-2owBbVMQAOLaGZ8E,2024-01-05 16:39:03.037000+00:00,004, ,, , 
net_KxN-2owBbVMQAOLaGZ8E,KxN-2owBbVMQAOLaGZ8E,2024-01-05 16:39:03.050000+00:00,004, ,, , 
net_LhN-2owBbVMQAOLaGZ8E,LhN-2owBbVMQAOLaGZ8E,2024-01-05 16:39:03.059000+00:00,004, ,, , 
net_MRN-2owBbVMQAOLaGZ8E,MRN-2owBbVMQAOLaGZ8E,2024-01-05 16:39:03.066000+00:00,004, ,, , 
net_NBN-2owBbVMQAOLaGZ8E,NBN-2owBbVMQAOLaGZ8E,2024-01-05 16:39:03.076000+00:00,004, ,, , 
net_SBOE2owBbVMQAOLaWp_U,SBOE2owBbVMQAOLaWp_U,2024-01-05 16:45:48.351000+00:00,004, ,, , 
net_SROE2owBbVMQAOLaWp_U,SROE2owBbVMQAOLaWp_U,2024-01-05 16:45:48.354000+00:00,004, ,, , 
net_ShOE2owBbVMQAOLaWp_U,ShOE2owBbVMQAOLaWp_U,2024-01-05 16:45:48.360000+00:00,004, ,, , 
net_SxOE2owBbVMQAOLaWp_U,SxOE2owBbVMQAOLaWp_U,2024-01-05 16:45:48.360000+00:00,004, ,, , 
net_TBOE2owBbVMQAOLaWp_U,TBOE2owBbVMQAOLaWp_U,2024-01-05 16:45:48.361000+00:00,004, ,, , 
net_UxOJ2owBbVMQAOLa3J8R,UxOJ2owBbVMQAOLa3J8R,2024-01-05 16:51:49.149000+00:00,004, ,, , 
net_VBOJ2owBbVMQAOLa3J8R,VBOJ2owBbVMQAOLa3J8R,2024-01-05 16:51:49.152000+00:00,004, ,, , 
net_VROJ2owBbVMQAOLa3J8R,VROJ2owBbVMQAOLa3J8R,2024-01-05 16:51:49.152000+00:00,004, ,, , 
net_WBOJ2owBbVMQAOLa3J8R,WBOJ2owBbVMQAOLa3J8R,2024-01-05 16:51:49.156000+00:00,004, ,, , 
net_bBOU2owBbVMQAOLa3J8z,bBOU2owBbVMQAOLa3J8z,2024-01-05 17:03:49.386000+00:00,004, ,, , 
net_bxOU2owBbVMQAOLa3J8z,bxOU2owBbVMQAOLa3J8z,2024-01-05 17:03:51.458000+00:00,004, ,, , 
net_chOU2owBbVMQAOLa3J8z,chOU2owBbVMQAOLa3J8z,2024-01-05 17:03:51.462000+00:00,004, ,, , 
net_dBOU2owBbVMQAOLa3J8z,dBOU2owBbVMQAOLa3J8z,2024-01-05 17:03:51.465000+00:00,004, ,, , 
net_OBN-2owBbVMQAOLayJ_o,OBN-2owBbVMQAOLayJ_o,2024-01-05 16:39:47.148000+00:00,004, ,, , 
net_PRN-2owBbVMQAOLayJ_o,PRN-2owBbVMQAOLayJ_o,2024-01-05 16:39:47.154000+00:00,004, ,, , 
net_XROP2owBbVMQAOLaW5_V,XROP2owBbVMQAOLaW5_V,2024-01-05 16:57:48.244000+00:00,004, ,, , 
net_XxOP2owBbVMQAOLaW5_V,XxOP2owBbVMQAOLaW5_V,2024-01-05 16:57:50.202000+00:00,004, ,, , 
net_FBN52owBbVMQAOLaXJ_b,FBN52owBbVMQAOLaXJ_b,2024-01-05 16:33:46.533000+00:00,004, ,, , 
net_GRN52owBbVMQAOLaXJ_b,GRN52owBbVMQAOLaXJ_b,2024-01-05 16:33:46.584000+00:00,004, ,, , 
net_EBN12owBbVMQAOLa2p9h,EBN12owBbVMQAOLa2p9h,2024-01-05 16:30:02.133000+00:00,004, ,, , 
net_ERN42owBbVMQAOLa-59V,ERN42owBbVMQAOLa-59V,2024-01-05 16:33:24.495000+00:00,004, ,, , 
net_1hO12owBbVMQAOLaG5-k,1hO12owBbVMQAOLaG5-k,2024-01-05 17:39:02.127000+00:00,004, ,, , 
net_3BO12owBbVMQAOLaG5-k,3BO12owBbVMQAOLaG5-k,2024-01-05 17:39:02.128000+00:00,004, ,, , 
net_3hO12owBbVMQAOLaG5-k,3hO12owBbVMQAOLaG5-k,2024-01-05 17:39:02.128000+00:00,004, ,, , 
net_4RO12owBbVMQAOLaG5-k,4RO12owBbVMQAOLaG5-k,2024-01-05 17:39:02.127000+00:00,004, ,, , 
net_4xO12owBbVMQAOLaG5-k,4xO12owBbVMQAOLaG5-k,2024-01-05 17:39:02.127000+00:00,004, ,, , 
net_5hO12owBbVMQAOLaG5-k,5hO12owBbVMQAOLaG5-k,2024-01-05 17:39:02.950000+00:00,004, ,, , 
net_6hO12owBbVMQAOLaG5-k,6hO12owBbVMQAOLaG5-k,2024-01-05 17:39:02.959000+00:00,004, ,, , 
net_6xO12owBbVMQAOLaG5-k,6xO12owBbVMQAOLaG5-k,2024-01-05 17:39:02.959000+00:00,004, ,, , 
net_7BO12owBbVMQAOLaG5-k,7BO12owBbVMQAOLaG5-k,2024-01-05 17:39:02.962000+00:00,004, ,, , 
net_7hO12owBbVMQAOLaG5-k,7hO12owBbVMQAOLaG5-k,2024-01-05 17:39:02.966000+00:00,004, ,, , 
net_dxOZ2owBbVMQAOLamZ_N,dxOZ2owBbVMQAOLamZ_N,2024-01-05 17:09:02.209000+00:00,004, ,, , 
net_ehOZ2owBbVMQAOLamZ_N,ehOZ2owBbVMQAOLamZ_N,2024-01-05 17:09:02.576000+00:00,004, ,, , 
net_fBOZ2owBbVMQAOLamZ_N,fBOZ2owBbVMQAOLamZ_N,2024-01-05 17:09:02.598000+00:00,004, ,, , 
net_gBOZ2owBbVMQAOLamZ_N,gBOZ2owBbVMQAOLamZ_N,2024-01-05 17:09:04.134000+00:00,004, ,, , 
net_ghOZ2owBbVMQAOLamZ_N,ghOZ2owBbVMQAOLamZ_N,2024-01-05 17:09:04.138000+00:00,004, ,, , 
net_hxOZ2owBbVMQAOLamZ_N,hxOZ2owBbVMQAOLamZ_N,2024-01-05 17:09:04.144000+00:00,004, ,, , 
net_jBOZ2owBbVMQAOLamZ_N,jBOZ2owBbVMQAOLamZ_N,2024-01-05 17:09:04.239000+00:00,004, ,, , 
net_kBOZ2owBbVMQAOLamZ_N,kBOZ2owBbVMQAOLamZ_N,2024-01-05 17:09:04.359000+00:00,004, ,, , 
net_uxOq2owBbVMQAOLa4p-L,uxOq2owBbVMQAOLa4p-L,2024-01-05 17:27:49.375000+00:00,004, ,, , 
net_vBOq2owBbVMQAOLa4p-L,vBOq2owBbVMQAOLa4p-L,2024-01-05 17:27:51.454000+00:00,004, ,, , 
net_vROq2owBbVMQAOLa4p-L,vROq2owBbVMQAOLa4p-L,2024-01-05 17:27:51.454000+00:00,004, ,, , 
net_vhOq2owBbVMQAOLa4p-L,vhOq2owBbVMQAOLa4p-L,2024-01-05 17:27:51.454000+00:00,004, ,, , 
net_wBOq2owBbVMQAOLa4p-L,wBOq2owBbVMQAOLa4p-L,2024-01-05 17:27:51.454000+00:00,004, ,, , 
net_kROa2owBbVMQAOLaSZ_U,kROa2owBbVMQAOLaSZ_U,2024-01-05 17:09:49.183000+00:00,004, ,, , 
net_kxOa2owBbVMQAOLaSZ_U,kxOa2owBbVMQAOLaSZ_U,2024-01-05 17:09:51.165000+00:00,004, ,, , 
net_lBOa2owBbVMQAOLaSZ_U,lBOa2owBbVMQAOLaSZ_U,2024-01-05 17:09:51.166000+00:00,004, ,, , 
net_lhOa2owBbVMQAOLaSZ_U,lhOa2owBbVMQAOLaSZ_U,2024-01-05 17:09:51.215000+00:00,004, ,, , 
net_mBOa2owBbVMQAOLaSZ_U,mBOa2owBbVMQAOLaSZ_U,2024-01-05 17:09:51.230000+00:00,004, ,, , 
net_yxOw2owBbVMQAOLaS59T,yxOw2owBbVMQAOLaS59T,2024-01-05 17:33:49.191000+00:00,004, ,, , 
net_zBOw2owBbVMQAOLaS59T,zBOw2owBbVMQAOLaS59T,2024-01-05 17:33:49.192000+00:00,004, ,, , 
net_zxOw2owBbVMQAOLaS59T,zxOw2owBbVMQAOLaS59T,2024-01-05 17:33:51.230000+00:00,004, ,, , 
net_0BOw2owBbVMQAOLaS59T,0BOw2owBbVMQAOLaS59T,2024-01-05 17:33:51.230000+00:00,004, ,, , 
net_0ROw2owBbVMQAOLaS59T,0ROw2owBbVMQAOLaS59T,2024-01-05 17:33:51.231000+00:00,004, ,, , 
net_shOl2owBbVMQAOLaXp9A,shOl2owBbVMQAOLaXp9A,2024-01-05 17:21:51.604000+00:00,004, ,, , 
net_tBOl2owBbVMQAOLaXp9A,tBOl2owBbVMQAOLaXp9A,2024-01-05 17:21:51.685000+00:00,004, ,, , 
net_thOl2owBbVMQAOLaXp9A,thOl2owBbVMQAOLaXp9A,2024-01-05 17:21:51.686000+00:00,004, ,, , 
net_ohOf2owBbVMQAOLa3p8R,ohOf2owBbVMQAOLa3p8R,2024-01-05 17:15:49.746000+00:00,004, ,, , 
net_qROf2owBbVMQAOLa3p8R,qROf2owBbVMQAOLa3p8R,2024-01-05 17:15:51.792000+00:00,004, ,, , 
net_yhOv2owBbVMQAOLa6Z-y,yhOv2owBbVMQAOLa6Z-y,2024-01-05 17:33:24.201000+00:00,004, ,, , 
net_qxOg2owBbVMQAOLa3J8t,qxOg2owBbVMQAOLa3J8t,2024-01-05 17:17:02.150000+00:00,004, ,, , 
net_OE1s3YwBSd_mrKXN_lp6,OE1s3YwBSd_mrKXN_lp6,2024-01-06 04:17:34.984000+00:00,004, ,, , 
net_PU1s3YwBSd_mrKXN_lp6,PU1s3YwBSd_mrKXN_lp6,2024-01-06 04:17:34.991000+00:00,004, ,, , 
net_QU1s3YwBSd_mrKXN_lp7,QU1s3YwBSd_mrKXN_lp7,2024-01-06 04:17:35.006000+00:00,004, ,, , 
net_Qk1s3YwBSd_mrKXN_lp7,Qk1s3YwBSd_mrKXN_lp7,2024-01-06 04:17:34.992000+00:00,004, ,, , 
net_Q01s3YwBSd_mrKXN_lp7,Q01s3YwBSd_mrKXN_lp7,2024-01-06 04:17:35.019000+00:00,004, ,, , 
net_SE1s3YwBSd_mrKXN_lp7,SE1s3YwBSd_mrKXN_lp7,2024-01-06 04:17:35.012000+00:00,004, ,, , 
net_Sk1s3YwBSd_mrKXN_lp7,Sk1s3YwBSd_mrKXN_lp7,2024-01-06 04:17:35.060000+00:00,004, ,, , 
net_TE1s3YwBSd_mrKXN_lp7,TE1s3YwBSd_mrKXN_lp7,2024-01-06 04:17:35.067000+00:00,004, ,, , 
net_TU1s3YwBSd_mrKXN_lp7,TU1s3YwBSd_mrKXN_lp7,2024-01-06 04:17:35.100000+00:00,004, ,, , 
net_Tk1s3YwBSd_mrKXN_lp7,Tk1s3YwBSd_mrKXN_lp7,2024-01-06 04:17:35.101000+00:00,004, ,, , 
net_T01s3YwBSd_mrKXN_lp8,T01s3YwBSd_mrKXN_lp8,2024-01-06 04:17:35.101000+00:00,004, ,, , 
net_UE1s3YwBSd_mrKXN_lp8,UE1s3YwBSd_mrKXN_lp8,2024-01-06 04:17:35.103000+00:00,004, ,, , 
net_WU1s3YwBSd_mrKXN_lp8,WU1s3YwBSd_mrKXN_lp8,2024-01-06 04:17:35.256000+00:00,004, ,, , 
net_W01s3YwBSd_mrKXN_lp8,W01s3YwBSd_mrKXN_lp8,2024-01-06 04:17:35.237000+00:00,004, ,, , 
net_ZU1s3YwBSd_mrKXN_lp9,ZU1s3YwBSd_mrKXN_lp9,2024-01-06 04:17:35.285000+00:00,004, ,, , 
net_ak1s3YwBSd_mrKXN_1qV,ak1s3YwBSd_mrKXN_1qV,2024-01-06 04:17:39.278000+00:00,004, ,, , 
net_b01s3YwBSd_mrKXN_1qV,b01s3YwBSd_mrKXN_1qV,2024-01-06 04:17:39.315000+00:00,004, ,, , 
net_c01s3YwBSd_mrKXN_1qV,c01s3YwBSd_mrKXN_1qV,2024-01-06 04:17:39.347000+00:00,004, ,, , 
net_dU1s3YwBSd_mrKXN_1qV,dU1s3YwBSd_mrKXN_1qV,2024-01-06 04:17:39.349000+00:00,004, ,, , 
net_d01s3YwBSd_mrKXN_1qV,d01s3YwBSd_mrKXN_1qV,2024-01-06 04:17:39.353000+00:00,004, ,, , 
net_eE1s3YwBSd_mrKXN_1qV,eE1s3YwBSd_mrKXN_1qV,2024-01-06 04:17:39.356000+00:00,004, ,, , 
net_hU1s3YwBSd_mrKXN_1qW,hU1s3YwBSd_mrKXN_1qW,2024-01-06 04:17:43.201000+00:00,004, ,, , 
net_hk1s3YwBSd_mrKXN_1qW,hk1s3YwBSd_mrKXN_1qW,2024-01-06 04:17:43.206000+00:00,004, ,, , 
net_iE1s3YwBSd_mrKXN_1qW,iE1s3YwBSd_mrKXN_1qW,2024-01-06 04:17:43.229000+00:00,004, ,, , 
net_ik1s3YwBSd_mrKXN_1qW,ik1s3YwBSd_mrKXN_1qW,2024-01-06 04:17:43.254000+00:00,004, ,, , 
net_i01s3YwBSd_mrKXN_1qW,i01s3YwBSd_mrKXN_1qW,2024-01-06 04:17:43.261000+00:00,004, ,, , 
net_jk1s3YwBSd_mrKXN_1qW,jk1s3YwBSd_mrKXN_1qW,2024-01-06 04:17:43.325000+00:00,004, ,, , 
net_kk1s3YwBSd_mrKXN_1qW,kk1s3YwBSd_mrKXN_1qW,2024-01-06 04:17:45.088000+00:00,004, ,, , 
net_l01s3YwBSd_mrKXN_1qW,l01s3YwBSd_mrKXN_1qW,2024-01-06 04:17:45.161000+00:00,004, ,, , 
net_m01t3YwBSd_mrKXNAFrt,m01t3YwBSd_mrKXNAFrt,2024-01-06 04:17:45.268000+00:00,004, ,, , 
net_nU1t3YwBSd_mrKXNAFrt,nU1t3YwBSd_mrKXNAFrt,2024-01-06 04:17:45.309000+00:00,004, ,, , 
net_n01t3YwBSd_mrKXNAFru,n01t3YwBSd_mrKXNAFru,2024-01-06 04:17:45.332000+00:00,004, ,, , 
net_oU1t3YwBSd_mrKXNAFru,oU1t3YwBSd_mrKXNAFru,2024-01-06 04:17:45.337000+00:00,004, ,, , 
net_pU1t3YwBSd_mrKXNAFru,pU1t3YwBSd_mrKXNAFru,2024-01-06 04:17:45.375000+00:00,004, ,, , 
net_pk1t3YwBSd_mrKXNAFru,pk1t3YwBSd_mrKXNAFru,2024-01-06 04:17:45.379000+00:00,004, ,, , 
net_qE1t3YwBSd_mrKXNAFru,qE1t3YwBSd_mrKXNAFru,2024-01-06 04:17:45.385000+00:00,004, ,, , 
net_qU1t3YwBSd_mrKXNAFru,qU1t3YwBSd_mrKXNAFru,2024-01-06 04:17:47.151000+00:00,004, ,, , 
net_q01t3YwBSd_mrKXNAFru,q01t3YwBSd_mrKXNAFru,2024-01-06 04:17:47.168000+00:00,004, ,, , 
net_r01t3YwBSd_mrKXNAFru,r01t3YwBSd_mrKXNAFru,2024-01-06 04:17:47.169000+00:00,004, ,, , 
net_sE1t3YwBSd_mrKXNAFru,sE1t3YwBSd_mrKXNAFru,2024-01-06 04:17:47.170000+00:00,004, ,, , 
net_s01t3YwBSd_mrKXNAFru,s01t3YwBSd_mrKXNAFru,2024-01-06 04:17:47.168000+00:00,004, ,, , 
net_tk1t3YwBSd_mrKXNAFru,tk1t3YwBSd_mrKXNAFru,2024-01-06 04:17:47.256000+00:00,004, ,, , 
net_t01t3YwBSd_mrKXNAFru,t01t3YwBSd_mrKXNAFru,2024-01-06 04:17:47.258000+00:00,004, ,, , 
net_uE1t3YwBSd_mrKXNAFru,uE1t3YwBSd_mrKXNAFru,2024-01-06 04:17:47.353000+00:00,004, ,, , 
net_u01t3YwBSd_mrKXNAFru,u01t3YwBSd_mrKXNAFru,2024-01-06 04:17:49.124000+00:00,004, ,, , 
net_vE1t3YwBSd_mrKXNAFru,vE1t3YwBSd_mrKXNAFru,2024-01-06 04:17:49.126000+00:00,004, ,, , 
net_wE1t3YwBSd_mrKXNAFru,wE1t3YwBSd_mrKXNAFru,2024-01-06 04:17:49.145000+00:00,004, ,, , 
net_wU1t3YwBSd_mrKXNAFru,wU1t3YwBSd_mrKXNAFru,2024-01-06 04:17:49.148000+00:00,004, ,, , 
net_xE1t3YwBSd_mrKXNAFrv,xE1t3YwBSd_mrKXNAFrv,2024-01-06 04:17:49.169000+00:00,004, ,, , 
net_yE1t3YwBSd_mrKXNAFrv,yE1t3YwBSd_mrKXNAFrv,2024-01-06 04:17:49.180000+00:00,004, ,, , 
net_yk1t3YwBSd_mrKXNAFrv,yk1t3YwBSd_mrKXNAFrv,2024-01-06 04:17:49.190000+00:00,004, ,, , 
net_y01t3YwBSd_mrKXNAFrv,y01t3YwBSd_mrKXNAFrv,2024-01-06 04:17:49.195000+00:00,004, ,, , 
net_zE1t3YwBSd_mrKXNAFrv,zE1t3YwBSd_mrKXNAFrv,2024-01-06 04:17:49.197000+00:00,004, ,, , 
net_z01t3YwBSd_mrKXNAloo,z01t3YwBSd_mrKXNAloo,2024-01-06 04:17:49.204000+00:00,004, ,, , 
net_001t3YwBSd_mrKXNAloo,001t3YwBSd_mrKXNAloo,2024-01-06 04:17:49.300000+00:00,004, ,, , 
net_1U1t3YwBSd_mrKXNAloo,1U1t3YwBSd_mrKXNAloo,2024-01-06 04:17:49.312000+00:00,004, ,, , 
net_2k1t3YwBSd_mrKXNAloo,2k1t3YwBSd_mrKXNAloo,2024-01-06 04:17:51.120000+00:00,004, ,, , 
net_4E1t3YwBSd_mrKXNAloo,4E1t3YwBSd_mrKXNAloo,2024-01-06 04:17:51.140000+00:00,004, ,, , 
net_4U1t3YwBSd_mrKXNAloo,4U1t3YwBSd_mrKXNAloo,2024-01-06 04:17:51.145000+00:00,004, ,, , 
net_5E1t3YwBSd_mrKXNAloo,5E1t3YwBSd_mrKXNAloo,2024-01-06 04:17:51.171000+00:00,004, ,, , 
net_6U1t3YwBSd_mrKXNAloo,6U1t3YwBSd_mrKXNAloo,2024-01-06 04:17:51.257000+00:00,004, ,, , 
net_7E1t3YwBSd_mrKXNAloo,7E1t3YwBSd_mrKXNAloo,2024-01-06 04:17:51.260000+00:00,004, ,, , 
net_7k1t3YwBSd_mrKXNAloo,7k1t3YwBSd_mrKXNAloo,2024-01-06 04:17:51.258000+00:00,004, ,, , 
net_801t3YwBSd_mrKXNAloo,801t3YwBSd_mrKXNAloo,2024-01-06 04:17:51.322000+00:00,004, ,, , 
net_9U1t3YwBSd_mrKXNAloo,9U1t3YwBSd_mrKXNAloo,2024-01-06 04:17:51.322000+00:00,004, ,, , 
net_'-U1t3YwBSd_mrKXNAlop,'-U1t3YwBSd_mrKXNAlop,2024-01-06 04:17:51.261000+00:00,004, ,, , 
net_'-01t3YwBSd_mrKXNAlop,'-01t3YwBSd_mrKXNAlop,2024-01-06 04:17:51.258000+00:00,004, ,, , 
net_AE1t3YwBSd_mrKXNAlvw,AE1t3YwBSd_mrKXNAlvw,2024-01-06 04:17:35.345000+00:00,004, ,, , 
net_AU1t3YwBSd_mrKXNAlvw,AU1t3YwBSd_mrKXNAlvw,2024-01-06 04:17:35.348000+00:00,004, ,, , 
net_BE1t3YwBSd_mrKXNAlvw,BE1t3YwBSd_mrKXNAlvw,2024-01-06 04:17:35.357000+00:00,004, ,, , 
net_Bk1t3YwBSd_mrKXNAlvw,Bk1t3YwBSd_mrKXNAlvw,2024-01-06 04:17:35.359000+00:00,004, ,, , 
net_CU1t3YwBSd_mrKXNAlvw,CU1t3YwBSd_mrKXNAlvw,2024-01-06 04:17:35.364000+00:00,004, ,, , 
net_DU1t3YwBSd_mrKXNAlvx,DU1t3YwBSd_mrKXNAlvx,2024-01-06 04:17:35.376000+00:00,004, ,, , 
net_FE1t3YwBSd_mrKXNAlvx,FE1t3YwBSd_mrKXNAlvx,2024-01-06 04:17:37.206000+00:00,004, ,, , 
net_Fk1t3YwBSd_mrKXNAlvx,Fk1t3YwBSd_mrKXNAlvx,2024-01-06 04:17:37.527000+00:00,004, ,, , 
net_GE1t3YwBSd_mrKXNAlvx,GE1t3YwBSd_mrKXNAlvx,2024-01-06 04:17:37.531000+00:00,004, ,, , 
net_HE1t3YwBSd_mrKXNAlvx,HE1t3YwBSd_mrKXNAlvx,2024-01-06 04:17:37.563000+00:00,004, ,, , 
net_HU1t3YwBSd_mrKXNAlvx,HU1t3YwBSd_mrKXNAlvx,2024-01-06 04:17:37.568000+00:00,004, ,, , 
net_IE1t3YwBSd_mrKXNAlvy,IE1t3YwBSd_mrKXNAlvy,2024-01-06 04:17:37.604000+00:00,004, ,, , 
net_KE1t3YwBSd_mrKXNAlvy,KE1t3YwBSd_mrKXNAlvy,2024-01-06 04:17:39.113000+00:00,004, ,, , 
net_LU1t3YwBSd_mrKXNAlvy,LU1t3YwBSd_mrKXNAlvy,2024-01-06 04:17:39.189000+00:00,004, ,, , 
net_Lk1t3YwBSd_mrKXNAlvy,Lk1t3YwBSd_mrKXNAlvy,2024-01-06 04:17:39.190000+00:00,004, ,, , 
net_N01t3YwBSd_mrKXNA1uN,N01t3YwBSd_mrKXNA1uN,2024-01-06 04:17:53.173000+00:00,004, ,, , 
net_O01t3YwBSd_mrKXNA1uN,O01t3YwBSd_mrKXNA1uN,2024-01-06 04:17:53.194000+00:00,004, ,, , 
net_Qk1t3YwBSd_mrKXNA1uN,Qk1t3YwBSd_mrKXNA1uN,2024-01-06 04:17:55.213000+00:00,004, ,, , 
net_Rk1t3YwBSd_mrKXNA1uN,Rk1t3YwBSd_mrKXNA1uN,2024-01-06 04:17:55.214000+00:00,004, ,, , 
net_SE1t3YwBSd_mrKXNA1uN,SE1t3YwBSd_mrKXNA1uN,2024-01-06 04:17:55.214000+00:00,004, ,, , 
net_SU1t3YwBSd_mrKXNA1uN,SU1t3YwBSd_mrKXNA1uN,2024-01-06 04:17:55.223000+00:00,004, ,, , 
net_UU1t3YwBSd_mrKXNA1uN,UU1t3YwBSd_mrKXNA1uN,2024-01-06 04:17:57.182000+00:00,004, ,, , 
net_V01t3YwBSd_mrKXNA1uO,V01t3YwBSd_mrKXNA1uO,2024-01-06 04:17:57.186000+00:00,004, ,, , 
net_WE1t3YwBSd_mrKXNA1uO,WE1t3YwBSd_mrKXNA1uO,2024-01-06 04:17:57.188000+00:00,004, ,, , 
net_YE1t3YwBSd_mrKXNA1uO,YE1t3YwBSd_mrKXNA1uO,2024-01-06 04:17:59.228000+00:00,004, ,, , 
net_Yk1t3YwBSd_mrKXNA1uO,Yk1t3YwBSd_mrKXNA1uO,2024-01-06 04:17:59.252000+00:00,004, ,, , 
net_Z01t3YwBSd_mrKXNBFsb,Z01t3YwBSd_mrKXNBFsb,2024-01-06 04:17:59.284000+00:00,004, ,, , 
net_bE1t3YwBSd_mrKXNBFsb,bE1t3YwBSd_mrKXNBFsb,2024-01-06 04:17:59.308000+00:00,004, ,, , 
net_cE1t3YwBSd_mrKXNBFsb,cE1t3YwBSd_mrKXNBFsb,2024-01-06 04:17:59.313000+00:00,004, ,, , 
net_dU1t3YwBSd_mrKXNBFsb,dU1t3YwBSd_mrKXNBFsb,2024-01-06 04:17:59.339000+00:00,004, ,, , 
net_d01t3YwBSd_mrKXNBFsb,d01t3YwBSd_mrKXNBFsb,2024-01-06 04:17:59.341000+00:00,004, ,, , 
net_eU1t3YwBSd_mrKXNBFsb,eU1t3YwBSd_mrKXNBFsb,2024-01-06 04:17:59.342000+00:00,004, ,, , 
net_f01t3YwBSd_mrKXNBFsb,f01t3YwBSd_mrKXNBFsb,2024-01-06 04:17:59.360000+00:00,004, ,, , 
net_gU1t3YwBSd_mrKXNBFsb,gU1t3YwBSd_mrKXNBFsb,2024-01-06 04:17:59.365000+00:00,004, ,, , 
net_hU1t3YwBSd_mrKXNBFsb,hU1t3YwBSd_mrKXNBFsb,2024-01-06 04:17:59.427000+00:00,004, ,, , 
net_hk1t3YwBSd_mrKXNBFsb,hk1t3YwBSd_mrKXNBFsb,2024-01-06 04:17:59.428000+00:00,004, ,, , 
net_h01t3YwBSd_mrKXNBFsb,h01t3YwBSd_mrKXNBFsb,2024-01-06 04:17:59.440000+00:00,004, ,, , 
net_iU1t3YwBSd_mrKXNBFsb,iU1t3YwBSd_mrKXNBFsb,2024-01-06 04:17:59.449000+00:00,004, ,, , 
net_i01t3YwBSd_mrKXNBFsb,i01t3YwBSd_mrKXNBFsb,2024-01-06 04:17:59.466000+00:00,004, ,, , 
net_j01t3YwBSd_mrKXNBFsb,j01t3YwBSd_mrKXNBFsb,2024-01-06 04:17:59.520000+00:00,004, ,, , 
net_lU1t3YwBSd_mrKXNBFvE,lU1t3YwBSd_mrKXNBFvE,2024-01-06 04:17:59.533000+00:00,004, ,, , 
net_mE1t3YwBSd_mrKXNBFvE,mE1t3YwBSd_mrKXNBFvE,2024-01-06 04:18:01.261000+00:00,004, ,, , 
net_mU1t3YwBSd_mrKXNBFvE,mU1t3YwBSd_mrKXNBFvE,2024-01-06 04:18:01.290000+00:00,004, ,, , 
net_mk1t3YwBSd_mrKXNBFvE,mk1t3YwBSd_mrKXNBFvE,2024-01-06 04:18:01.290000+00:00,004, ,, , 
net_nE1t3YwBSd_mrKXNBFvE,nE1t3YwBSd_mrKXNBFvE,2024-01-06 04:18:01.314000+00:00,004, ,, , 
net_oE1t3YwBSd_mrKXNBFvE,oE1t3YwBSd_mrKXNBFvE,2024-01-06 04:18:03.178000+00:00,004, ,, , 
net_pk1t3YwBSd_mrKXNBFvE,pk1t3YwBSd_mrKXNBFvE,2024-01-06 04:18:03.349000+00:00,004, ,, , 
net_qk1t3YwBSd_mrKXNBFvE,qk1t3YwBSd_mrKXNBFvE,2024-01-06 04:18:03.392000+00:00,004, ,, , 
net_rU1t3YwBSd_mrKXNBFvE,rU1t3YwBSd_mrKXNBFvE,2024-01-06 04:18:05.279000+00:00,004, ,, , 
net_r01t3YwBSd_mrKXNBFvE,r01t3YwBSd_mrKXNBFvE,2024-01-06 04:18:05.285000+00:00,004, ,, , 
net_sE1t3YwBSd_mrKXNBFvE,sE1t3YwBSd_mrKXNBFvE,2024-01-06 04:18:05.285000+00:00,004, ,, , 
net_tE1t3YwBSd_mrKXNBFvE,tE1t3YwBSd_mrKXNBFvE,2024-01-06 04:18:05.351000+00:00,004, ,, , 
net_tU1t3YwBSd_mrKXNBFvE,tU1t3YwBSd_mrKXNBFvE,2024-01-06 04:18:05.347000+00:00,004, ,, , 
net_tk1t3YwBSd_mrKXNBFvE,tk1t3YwBSd_mrKXNBFvE,2024-01-06 04:18:05.357000+00:00,004, ,, , 
net_t01t3YwBSd_mrKXNBFvE,t01t3YwBSd_mrKXNBFvE,2024-01-06 04:18:05.630000+00:00,004, ,, , 
net_u01t3YwBSd_mrKXNBFvE,u01t3YwBSd_mrKXNBFvE,2024-01-06 04:18:05.663000+00:00,004, ,, , 
net_vE1t3YwBSd_mrKXNBFvE,vE1t3YwBSd_mrKXNBFvE,2024-01-06 04:18:05.666000+00:00,004, ,, , 
net_v01t3YwBSd_mrKXNBFvE,v01t3YwBSd_mrKXNBFvE,2024-01-06 04:18:05.682000+00:00,004, ,, , 
net_wU1t3YwBSd_mrKXNBFvE,wU1t3YwBSd_mrKXNBFvE,2024-01-06 04:18:05.700000+00:00,004, ,, , 
net_wk1t3YwBSd_mrKXNBFvE,wk1t3YwBSd_mrKXNBFvE,2024-01-06 04:18:05.700000+00:00,004, ,, , 
net_xk1t3YwBSd_mrKXNBFvF,xk1t3YwBSd_mrKXNBFvF,2024-01-06 04:18:05.773000+00:00,004, ,, , 
net_x01t3YwBSd_mrKXNBVth,x01t3YwBSd_mrKXNBVth,2024-01-06 04:18:05.773000+00:00,004, ,, , 
net_yE1t3YwBSd_mrKXNBVth,yE1t3YwBSd_mrKXNBVth,2024-01-06 04:18:05.773000+00:00,004, ,, , 
net_zE1t3YwBSd_mrKXNBVth,zE1t3YwBSd_mrKXNBVth,2024-01-06 04:18:05.829000+00:00,004, ,, , 
net_0U1t3YwBSd_mrKXNBVth,0U1t3YwBSd_mrKXNBVth,2024-01-06 04:18:05.884000+00:00,004, ,, , 
net_001t3YwBSd_mrKXNBVth,001t3YwBSd_mrKXNBVth,2024-01-06 04:18:05.919000+00:00,004, ,, , 
net_1E1t3YwBSd_mrKXNBVth,1E1t3YwBSd_mrKXNBVth,2024-01-06 04:18:05.955000+00:00,004, ,, , 
net_1U1t3YwBSd_mrKXNBVth,1U1t3YwBSd_mrKXNBVth,2024-01-06 04:18:05.956000+00:00,004, ,, , 
net_201t3YwBSd_mrKXNBVth,201t3YwBSd_mrKXNBVth,2024-01-06 04:18:06.044000+00:00,004, ,, , 
net_4U1t3YwBSd_mrKXNBVth,4U1t3YwBSd_mrKXNBVth,2024-01-06 04:18:09.209000+00:00,004, ,, , 
net_4k1t3YwBSd_mrKXNBVth,4k1t3YwBSd_mrKXNBVth,2024-01-06 04:18:09.212000+00:00,004, ,, , 
net_5E1t3YwBSd_mrKXNBVth,5E1t3YwBSd_mrKXNBVth,2024-01-06 04:18:09.218000+00:00,004, ,, , 
net_501t3YwBSd_mrKXNBVth,501t3YwBSd_mrKXNBVth,2024-01-06 04:18:09.229000+00:00,004, ,, , 
net_6E1t3YwBSd_mrKXNBVth,6E1t3YwBSd_mrKXNBVth,2024-01-06 04:18:09.231000+00:00,004, ,, , 
net_6U1t3YwBSd_mrKXNBVth,6U1t3YwBSd_mrKXNBVth,2024-01-06 04:18:09.235000+00:00,004, ,, , 
net_701t3YwBSd_mrKXNBVth,701t3YwBSd_mrKXNBVth,2024-01-06 04:18:09.264000+00:00,004, ,, , 
net_801t3YwBSd_mrKXNBVth,801t3YwBSd_mrKXNBVth,2024-01-06 04:18:09.271000+00:00,004, ,, , 
net_9E1t3YwBSd_mrKXNBVth,9E1t3YwBSd_mrKXNBVth,2024-01-06 04:18:09.273000+00:00,004, ,, , 
net_9k1t3YwBSd_mrKXNBVth,9k1t3YwBSd_mrKXNBVth,2024-01-06 04:18:09.283000+00:00,004, ,, , 
net_901t3YwBSd_mrKXNBVth,901t3YwBSd_mrKXNBVth,2024-01-06 04:18:09.289000+00:00,004, ,, , 
net_'-01t3YwBSd_mrKXNBVv5,'-01t3YwBSd_mrKXNBVv5,2024-01-06 04:18:11.164000+00:00,004, ,, , 
net_AU1t3YwBSd_mrKXNBVz5,AU1t3YwBSd_mrKXNBVz5,2024-01-06 04:18:11.192000+00:00,004, ,, , 
net_Ak1t3YwBSd_mrKXNBVz5,Ak1t3YwBSd_mrKXNBVz5,2024-01-06 04:18:11.200000+00:00,004, ,, , 
net_BE1t3YwBSd_mrKXNBVz5,BE1t3YwBSd_mrKXNBVz5,2024-01-06 04:18:11.205000+00:00,004, ,, , 
net_CU1t3YwBSd_mrKXNBVz5,CU1t3YwBSd_mrKXNBVz5,2024-01-06 04:18:11.229000+00:00,004, ,, , 
net_Ck1t3YwBSd_mrKXNBVz5,Ck1t3YwBSd_mrKXNBVz5,2024-01-06 04:18:11.250000+00:00,004, ,, , 
net_Dk1t3YwBSd_mrKXNBVz5,Dk1t3YwBSd_mrKXNBVz5,2024-01-06 04:18:11.264000+00:00,004, ,, , 
net_Gk1t3YwBSd_mrKXNBVz5,Gk1t3YwBSd_mrKXNBVz5,2024-01-06 04:18:11.314000+00:00,004, ,, , 
net_HE1t3YwBSd_mrKXNBVz5,HE1t3YwBSd_mrKXNBVz5,2024-01-06 04:18:11.326000+00:00,004, ,, , 
net_Ik1t3YwBSd_mrKXNBVz5,Ik1t3YwBSd_mrKXNBVz5,2024-01-06 04:18:11.348000+00:00,004, ,, , 
net_I01t3YwBSd_mrKXNBVz5,I01t3YwBSd_mrKXNBVz5,2024-01-06 04:18:11.356000+00:00,004, ,, , 
net_JE1t3YwBSd_mrKXNBVz5,JE1t3YwBSd_mrKXNBVz5,2024-01-06 04:18:11.359000+00:00,004, ,, , 
net_KE1t3YwBSd_mrKXNBVz5,KE1t3YwBSd_mrKXNBVz5,2024-01-06 04:18:11.377000+00:00,004, ,, , 
net_Kk1t3YwBSd_mrKXNBVz6,Kk1t3YwBSd_mrKXNBVz6,2024-01-06 04:18:11.425000+00:00,004, ,, , 
net_K01t3YwBSd_mrKXNBlyM,K01t3YwBSd_mrKXNBlyM,2024-01-06 04:18:11.425000+00:00,004, ,, , 
net_M01t3YwBSd_mrKXNBlyN,M01t3YwBSd_mrKXNBlyN,2024-01-06 04:18:13.252000+00:00,004, ,, , 
net_OE1t3YwBSd_mrKXNBlyN,OE1t3YwBSd_mrKXNBlyN,2024-01-06 04:18:13.351000+00:00,004, ,, , 
net_OU1t3YwBSd_mrKXNBlyN,OU1t3YwBSd_mrKXNBlyN,2024-01-06 04:18:13.358000+00:00,004, ,, , 
net_Ok1t3YwBSd_mrKXNBlyN,Ok1t3YwBSd_mrKXNBlyN,2024-01-06 04:18:13.361000+00:00,004, ,, , 
net_PE1t3YwBSd_mrKXNBlyN,PE1t3YwBSd_mrKXNBlyN,2024-01-06 04:18:13.418000+00:00,004, ,, , 
net_QU1t3YwBSd_mrKXNBlyN,QU1t3YwBSd_mrKXNBlyN,2024-01-06 04:18:13.716000+00:00,004, ,, , 
net_RE1t3YwBSd_mrKXNBlyN,RE1t3YwBSd_mrKXNBlyN,2024-01-06 04:18:13.969000+00:00,004, ,, , 
net_Sk1t3YwBSd_mrKXNBlyN,Sk1t3YwBSd_mrKXNBlyN,2024-01-06 04:18:14.112000+00:00,004, ,, , 
net_Tk1t3YwBSd_mrKXNBlyN,Tk1t3YwBSd_mrKXNBlyN,2024-01-06 04:18:14.251000+00:00,004, ,, , 
net_Vk1t3YwBSd_mrKXNBlyN,Vk1t3YwBSd_mrKXNBlyN,2024-01-06 04:18:14.253000+00:00,004, ,, , 
net_WU1t3YwBSd_mrKXNBlyN,WU1t3YwBSd_mrKXNBlyN,2024-01-06 04:18:14.253000+00:00,004, ,, , 
net_Wk1t3YwBSd_mrKXNBlyN,Wk1t3YwBSd_mrKXNBlyN,2024-01-06 04:18:14.254000+00:00,004, ,, , 
net_YE1t3YwBSd_mrKXNB1xW,YE1t3YwBSd_mrKXNB1xW,2024-01-06 04:18:17.174000+00:00,004, ,, , 
net_YU1t3YwBSd_mrKXNB1xW,YU1t3YwBSd_mrKXNB1xW,2024-01-06 04:18:17.177000+00:00,004, ,, , 
net_Zk1t3YwBSd_mrKXNB1xW,Zk1t3YwBSd_mrKXNB1xW,2024-01-06 04:18:17.184000+00:00,004, ,, , 
net_Z01t3YwBSd_mrKXNB1xW,Z01t3YwBSd_mrKXNB1xW,2024-01-06 04:18:17.193000+00:00,004, ,, , 
net_aU1t3YwBSd_mrKXNB1xW,aU1t3YwBSd_mrKXNB1xW,2024-01-06 04:18:17.201000+00:00,004, ,, , 
net_cU1t3YwBSd_mrKXNB1xW,cU1t3YwBSd_mrKXNB1xW,2024-01-06 04:18:17.231000+00:00,004, ,, , 
net_c01t3YwBSd_mrKXNB1xW,c01t3YwBSd_mrKXNB1xW,2024-01-06 04:18:17.240000+00:00,004, ,, , 
net_dk1t3YwBSd_mrKXNB1xW,dk1t3YwBSd_mrKXNB1xW,2024-01-06 04:18:17.243000+00:00,004, ,, , 
net_eE1t3YwBSd_mrKXNB1xW,eE1t3YwBSd_mrKXNB1xW,2024-01-06 04:18:17.249000+00:00,004, ,, , 
net_eU1t3YwBSd_mrKXNB1xW,eU1t3YwBSd_mrKXNB1xW,2024-01-06 04:18:17.254000+00:00,004, ,, , 
net_fE1t3YwBSd_mrKXNB1xW,fE1t3YwBSd_mrKXNB1xW,2024-01-06 04:18:17.257000+00:00,004, ,, , 
net_fk1t3YwBSd_mrKXNB1xW,fk1t3YwBSd_mrKXNB1xW,2024-01-06 04:18:17.295000+00:00,004, ,, , 
net_f01t3YwBSd_mrKXNB1xW,f01t3YwBSd_mrKXNB1xW,2024-01-06 04:18:17.297000+00:00,004, ,, , 
net_g01t3YwBSd_mrKXNB1xW,g01t3YwBSd_mrKXNB1xW,2024-01-06 04:18:19.270000+00:00,004, ,, , 
net_h01t3YwBSd_mrKXNB1xW,h01t3YwBSd_mrKXNB1xW,2024-01-06 04:18:23.172000+00:00,004, ,, , 
net_jE1t3YwBSd_mrKXNB1xW,jE1t3YwBSd_mrKXNB1xW,2024-01-06 04:18:23.180000+00:00,004, ,, , 
net_jk1t3YwBSd_mrKXNB1xW,jk1t3YwBSd_mrKXNB1xW,2024-01-06 04:18:23.186000+00:00,004, ,, , 
net_j01t3YwBSd_mrKXNB1zT,j01t3YwBSd_mrKXNB1zT,2024-01-06 04:18:23.199000+00:00,004, ,, , 
net_kU1t3YwBSd_mrKXNB1zT,kU1t3YwBSd_mrKXNB1zT,2024-01-06 04:18:23.202000+00:00,004, ,, , 
net_lU1t3YwBSd_mrKXNB1zU,lU1t3YwBSd_mrKXNB1zU,2024-01-06 04:18:23.212000+00:00,004, ,, , 
net_mk1t3YwBSd_mrKXNB1zU,mk1t3YwBSd_mrKXNB1zU,2024-01-06 04:18:23.226000+00:00,004, ,, , 
net_nE1t3YwBSd_mrKXNB1zU,nE1t3YwBSd_mrKXNB1zU,2024-01-06 04:18:23.230000+00:00,004, ,, , 
net_nk1t3YwBSd_mrKXNB1zU,nk1t3YwBSd_mrKXNB1zU,2024-01-06 04:18:23.237000+00:00,004, ,, , 
net_pE1t3YwBSd_mrKXNB1zU,pE1t3YwBSd_mrKXNB1zU,2024-01-06 04:18:23.259000+00:00,004, ,, , 
net_qE1t3YwBSd_mrKXNB1zU,qE1t3YwBSd_mrKXNB1zU,2024-01-06 04:18:23.272000+00:00,004, ,, , 
net_qk1t3YwBSd_mrKXNB1zU,qk1t3YwBSd_mrKXNB1zU,2024-01-06 04:18:23.277000+00:00,004, ,, , 
net_r01t3YwBSd_mrKXNB1zU,r01t3YwBSd_mrKXNB1zU,2024-01-06 04:18:23.285000+00:00,004, ,, , 
net_sU1t3YwBSd_mrKXNB1zU,sU1t3YwBSd_mrKXNB1zU,2024-01-06 04:18:23.290000+00:00,004, ,, , 
net_tE1t3YwBSd_mrKXNB1zU,tE1t3YwBSd_mrKXNB1zU,2024-01-06 04:18:23.297000+00:00,004, ,, , 
net_tU1t3YwBSd_mrKXNB1zU,tU1t3YwBSd_mrKXNB1zU,2024-01-06 04:18:23.299000+00:00,004, ,, , 
net_tk1t3YwBSd_mrKXNB1zU,tk1t3YwBSd_mrKXNB1zU,2024-01-06 04:18:23.301000+00:00,004, ,, , 
net_t01t3YwBSd_mrKXNB1zU,t01t3YwBSd_mrKXNB1zU,2024-01-06 04:18:23.303000+00:00,004, ,, , 
net_uE1t3YwBSd_mrKXNB1zU,uE1t3YwBSd_mrKXNB1zU,2024-01-06 04:18:23.306000+00:00,004, ,, , 
net_uU1t3YwBSd_mrKXNB1zU,uU1t3YwBSd_mrKXNB1zU,2024-01-06 04:18:23.308000+00:00,004, ,, , 
net_vk1t3YwBSd_mrKXNB1zU,vk1t3YwBSd_mrKXNB1zU,2024-01-06 04:18:23.319000+00:00,004, ,, , 
net_v01t3YwBSd_mrKXNB1zU,v01t3YwBSd_mrKXNB1zU,2024-01-06 04:18:23.322000+00:00,004, ,, , 
net_wE1t3YwBSd_mrKXNB1zU,wE1t3YwBSd_mrKXNB1zU,2024-01-06 04:18:27.176000+00:00,004, ,, , 
net_wk1t3YwBSd_mrKXNCFxZ,wk1t3YwBSd_mrKXNCFxZ,2024-01-06 04:18:27.183000+00:00,004, ,, , 
net_xk1t3YwBSd_mrKXNCFxZ,xk1t3YwBSd_mrKXNCFxZ,2024-01-06 04:18:27.202000+00:00,004, ,, , 
net_x01t3YwBSd_mrKXNCFxZ,x01t3YwBSd_mrKXNCFxZ,2024-01-06 04:18:27.203000+00:00,004, ,, , 
net_y01t3YwBSd_mrKXNCFxZ,y01t3YwBSd_mrKXNCFxZ,2024-01-06 04:18:27.219000+00:00,004, ,, , 
net_zE1t3YwBSd_mrKXNCFxZ,zE1t3YwBSd_mrKXNCFxZ,2024-01-06 04:18:27.221000+00:00,004, ,, , 
net_zU1t3YwBSd_mrKXNCFxZ,zU1t3YwBSd_mrKXNCFxZ,2024-01-06 04:18:27.224000+00:00,004, ,, , 
net_0E1t3YwBSd_mrKXNCFxZ,0E1t3YwBSd_mrKXNCFxZ,2024-01-06 04:18:27.232000+00:00,004, ,, , 
net_0k1t3YwBSd_mrKXNCFxZ,0k1t3YwBSd_mrKXNCFxZ,2024-01-06 04:18:27.238000+00:00,004, ,, , 
net_001t3YwBSd_mrKXNCFxZ,001t3YwBSd_mrKXNCFxZ,2024-01-06 04:18:27.242000+00:00,004, ,, , 
net_1E1t3YwBSd_mrKXNCFxZ,1E1t3YwBSd_mrKXNCFxZ,2024-01-06 04:18:35.573000+00:00,004, ,, , 
net_2E1t3YwBSd_mrKXNCFxZ,2E1t3YwBSd_mrKXNCFxZ,2024-01-06 06:03:37.207000+00:00,000, ,, , 
net_2U1t3YwBSd_mrKXNCFxZ,2U1t3YwBSd_mrKXNCFxZ,2024-01-06 06:03:37.684000+00:00,004, ,, , 
net_301t3YwBSd_mrKXNCFxZ,301t3YwBSd_mrKXNCFxZ,2024-01-06 06:03:42.625000+00:00,004, ,, , 
net_4U1t3YwBSd_mrKXNCFxZ,4U1t3YwBSd_mrKXNCFxZ,2024-01-06 06:03:42.632000+00:00,004, ,, , 
net_4k1t3YwBSd_mrKXNCFxZ,4k1t3YwBSd_mrKXNCFxZ,2024-01-06 06:03:42.634000+00:00,004, ,, , 
net_5E1t3YwBSd_mrKXNCFxZ,5E1t3YwBSd_mrKXNCFxZ,2024-01-06 06:03:42.636000+00:00,004, ,, , 
net_501t3YwBSd_mrKXNCFxZ,501t3YwBSd_mrKXNCFxZ,2024-01-06 06:03:42.650000+00:00,004, ,, , 
net_7E1t3YwBSd_mrKXNCFxZ,7E1t3YwBSd_mrKXNCFxZ,2024-01-06 06:03:42.678000+00:00,004, ,, , 
net_7U1t3YwBSd_mrKXNCFxZ,7U1t3YwBSd_mrKXNCFxZ,2024-01-06 06:03:42.679000+00:00,004, ,, , 
net_701t3YwBSd_mrKXNCFxa,701t3YwBSd_mrKXNCFxa,2024-01-06 06:03:42.687000+00:00,004, ,, , 
net_8E1t3YwBSd_mrKXNCFxa,8E1t3YwBSd_mrKXNCFxa,2024-01-06 06:03:42.689000+00:00,004, ,, , 
net_8U1t3YwBSd_mrKXNCFxa,8U1t3YwBSd_mrKXNCFxa,2024-01-06 06:03:42.690000+00:00,004, ,, , 
net_8k1t3YwBSd_mrKXNCFzh,8k1t3YwBSd_mrKXNCFzh,2024-01-06 06:03:42.693000+00:00,004, ,, , 
net_801t3YwBSd_mrKXNCFzh,801t3YwBSd_mrKXNCFzh,2024-01-06 06:03:42.695000+00:00,004, ,, , 
net_9U1t3YwBSd_mrKXNCFzh,9U1t3YwBSd_mrKXNCFzh,2024-01-06 06:03:42.700000+00:00,004, ,, , 
net_'-E1t3YwBSd_mrKXNCFzh,'-E1t3YwBSd_mrKXNCFzh,2024-01-06 06:03:42.709000+00:00,004, ,, , 
net_'-k1t3YwBSd_mrKXNCFzh,'-k1t3YwBSd_mrKXNCFzh,2024-01-06 06:03:42.713000+00:00,004, ,, , 
net__U1t3YwBSd_mrKXNCFzh,_U1t3YwBSd_mrKXNCFzh,2024-01-06 06:03:42.720000+00:00,004, ,, , 
net_Ck1t3YwBSd_mrKXNCF3h,Ck1t3YwBSd_mrKXNCF3h,2024-01-06 06:03:42.746000+00:00,004, ,, , 
net_DE1t3YwBSd_mrKXNCF3h,DE1t3YwBSd_mrKXNCF3h,2024-01-06 06:03:42.751000+00:00,004, ,, , 
net_DU1t3YwBSd_mrKXNCF3h,DU1t3YwBSd_mrKXNCF3h,2024-01-06 06:03:42.753000+00:00,004, ,, , 
net_Dk1t3YwBSd_mrKXNCF3h,Dk1t3YwBSd_mrKXNCF3h,2024-01-06 06:03:42.756000+00:00,004, ,, , 
net_EU1t3YwBSd_mrKXNCF3h,EU1t3YwBSd_mrKXNCF3h,2024-01-06 06:03:42.762000+00:00,004, ,, , 
net_E01t3YwBSd_mrKXNCF3h,E01t3YwBSd_mrKXNCF3h,2024-01-06 06:03:42.767000+00:00,004, ,, , 
net_FE1t3YwBSd_mrKXNCF3h,FE1t3YwBSd_mrKXNCF3h,2024-01-06 06:03:42.769000+00:00,004, ,, , 
net_FU1t3YwBSd_mrKXNCF3h,FU1t3YwBSd_mrKXNCF3h,2024-01-06 06:03:42.771000+00:00,004, ,, , 
net_HE1t3YwBSd_mrKXNCF3h,HE1t3YwBSd_mrKXNCF3h,2024-01-06 06:03:42.786000+00:00,004, ,, , 
net_HU1t3YwBSd_mrKXNCF3h,HU1t3YwBSd_mrKXNCF3h,2024-01-06 06:03:42.788000+00:00,004, ,, , 
net_IU1t3YwBSd_mrKXNCF3h,IU1t3YwBSd_mrKXNCF3h,2024-01-06 06:03:42.796000+00:00,004, ,, , 
net_KE1t3YwBSd_mrKXNCV1n,KE1t3YwBSd_mrKXNCV1n,2024-01-06 06:03:42.815000+00:00,004, ,, , 
net_KU1t3YwBSd_mrKXNCV1n,KU1t3YwBSd_mrKXNCV1n,2024-01-06 06:03:42.816000+00:00,004, ,, , 
net_K01t3YwBSd_mrKXNCV1n,K01t3YwBSd_mrKXNCV1n,2024-01-06 06:03:42.822000+00:00,004, ,, , 
net_M01t3YwBSd_mrKXNCV1n,M01t3YwBSd_mrKXNCV1n,2024-01-06 06:03:42.839000+00:00,004, ,, , 
net_N01t3YwBSd_mrKXNCV1n,N01t3YwBSd_mrKXNCV1n,2024-01-06 06:03:42.850000+00:00,004, ,, , 
net_OE1t3YwBSd_mrKXNCV1n,OE1t3YwBSd_mrKXNCV1n,2024-01-06 06:03:42.853000+00:00,004, ,, , 
net_O01t3YwBSd_mrKXNCV1n,O01t3YwBSd_mrKXNCV1n,2024-01-06 06:03:42.861000+00:00,004, ,, , 
net_PE1t3YwBSd_mrKXNCV1n,PE1t3YwBSd_mrKXNCV1n,2024-01-06 06:03:42.863000+00:00,004, ,, , 
net_PU1t3YwBSd_mrKXNCV1n,PU1t3YwBSd_mrKXNCV1n,2024-01-06 06:03:42.864000+00:00,004, ,, , 
net_QU1t3YwBSd_mrKXNCV1n,QU1t3YwBSd_mrKXNCV1n,2024-01-06 06:03:42.875000+00:00,004, ,, , 
net_Qk1t3YwBSd_mrKXNCV1n,Qk1t3YwBSd_mrKXNCV1n,2024-01-06 06:03:42.875000+00:00,004, ,, , 
net_RU1t3YwBSd_mrKXNCV1n,RU1t3YwBSd_mrKXNCV1n,2024-01-06 06:03:42.883000+00:00,004, ,, , 
net_SE1t3YwBSd_mrKXNCV1n,SE1t3YwBSd_mrKXNCV1n,2024-01-06 06:03:42.889000+00:00,004, ,, , 
net_SU1t3YwBSd_mrKXNCV1n,SU1t3YwBSd_mrKXNCV1n,2024-01-06 06:03:42.892000+00:00,004, ,, , 
net_Tk1t3YwBSd_mrKXNCV1n,Tk1t3YwBSd_mrKXNCV1n,2024-01-06 06:03:42.903000+00:00,004, ,, , 
net_UE1t3YwBSd_mrKXNCV1n,UE1t3YwBSd_mrKXNCV1n,2024-01-06 06:03:42.907000+00:00,004, ,, , 
net_UU1t3YwBSd_mrKXNCV1n,UU1t3YwBSd_mrKXNCV1n,2024-01-06 06:03:42.911000+00:00,004, ,, , 
net_VU1t3YwBSd_mrKXNCV1n,VU1t3YwBSd_mrKXNCV1n,2024-01-06 06:03:42.920000+00:00,004, ,, , 
net_XE1t3YwBSd_mrKXNCV30,XE1t3YwBSd_mrKXNCV30,2024-01-06 06:03:42.951000+00:00,004, ,, , 
net_XU1t3YwBSd_mrKXNCV30,XU1t3YwBSd_mrKXNCV30,2024-01-06 06:03:42.955000+00:00,004, ,, , 
net_YE1t3YwBSd_mrKXNCV30,YE1t3YwBSd_mrKXNCV30,2024-01-06 06:03:42.961000+00:00,004, ,, , 
net_YU1t3YwBSd_mrKXNCV30,YU1t3YwBSd_mrKXNCV30,2024-01-06 06:03:42.963000+00:00,004, ,, , 
net_Y01t3YwBSd_mrKXNCV30,Y01t3YwBSd_mrKXNCV30,2024-01-06 06:03:42.974000+00:00,004, ,, , 
net_aU1t3YwBSd_mrKXNCV30,aU1t3YwBSd_mrKXNCV30,2024-01-06 06:03:43.049000+00:00,004, ,, , 
net_ak1t3YwBSd_mrKXNCV30,ak1t3YwBSd_mrKXNCV30,2024-01-06 06:03:43.049000+00:00,004, ,, , 
net_bU1t3YwBSd_mrKXNCV30,bU1t3YwBSd_mrKXNCV30,2024-01-06 06:03:43.055000+00:00,004, ,, , 
net_cU1t3YwBSd_mrKXNCV30,cU1t3YwBSd_mrKXNCV30,2024-01-06 06:03:43.067000+00:00,004, ,, , 
net_d01t3YwBSd_mrKXNCV30,d01t3YwBSd_mrKXNCV30,2024-01-06 06:03:43.082000+00:00,004, ,, , 
net_fk1t3YwBSd_mrKXNCV30,fk1t3YwBSd_mrKXNCV30,2024-01-06 06:03:43.106000+00:00,004, ,, , 
net_gU1t3YwBSd_mrKXNCV30,gU1t3YwBSd_mrKXNCV30,2024-01-06 06:03:43.112000+00:00,004, ,, , 
net_g01t3YwBSd_mrKXNCV30,g01t3YwBSd_mrKXNCV30,2024-01-06 06:03:43.116000+00:00,004, ,, , 
net_hU1t3YwBSd_mrKXNCV30,hU1t3YwBSd_mrKXNCV30,2024-01-06 06:03:43.120000+00:00,004, ,, , 
net_iU1t3YwBSd_mrKXNCl1x,iU1t3YwBSd_mrKXNCl1x,2024-01-06 06:03:43.130000+00:00,004, ,, , 
net_ik1t3YwBSd_mrKXNCl1x,ik1t3YwBSd_mrKXNCl1x,2024-01-06 06:03:43.131000+00:00,004, ,, , 
net_i01t3YwBSd_mrKXNCl1x,i01t3YwBSd_mrKXNCl1x,2024-01-06 06:03:43.134000+00:00,004, ,, , 
net_jU1t3YwBSd_mrKXNCl1x,jU1t3YwBSd_mrKXNCl1x,2024-01-06 06:03:43.137000+00:00,004, ,, , 
net_jk1t3YwBSd_mrKXNCl1x,jk1t3YwBSd_mrKXNCl1x,2024-01-06 06:03:43.140000+00:00,004, ,, , 
net_j01t3YwBSd_mrKXNCl1x,j01t3YwBSd_mrKXNCl1x,2024-01-06 06:03:43.143000+00:00,004, ,, , 
net_kU1t3YwBSd_mrKXNCl1x,kU1t3YwBSd_mrKXNCl1x,2024-01-06 06:03:43.146000+00:00,004, ,, , 
net_nE1t3YwBSd_mrKXNCl1y,nE1t3YwBSd_mrKXNCl1y,2024-01-06 06:03:43.177000+00:00,004, ,, , 
net_nk1t3YwBSd_mrKXNCl1y,nk1t3YwBSd_mrKXNCl1y,2024-01-06 06:03:43.185000+00:00,004, ,, , 
net_o01t3YwBSd_mrKXNCl1y,o01t3YwBSd_mrKXNCl1y,2024-01-06 06:03:43.197000+00:00,004, ,, , 
net_pE1t3YwBSd_mrKXNCl1y,pE1t3YwBSd_mrKXNCl1y,2024-01-06 06:03:43.199000+00:00,004, ,, , 
net_pU1t3YwBSd_mrKXNCl1y,pU1t3YwBSd_mrKXNCl1y,2024-01-06 06:03:43.202000+00:00,004, ,, , 
net_qU1t3YwBSd_mrKXNCl1y,qU1t3YwBSd_mrKXNCl1y,2024-01-06 06:03:43.210000+00:00,004, ,, , 
net_q01t3YwBSd_mrKXNCl1y,q01t3YwBSd_mrKXNCl1y,2024-01-06 06:03:43.214000+00:00,004, ,, , 
net_rE1t3YwBSd_mrKXNCl1y,rE1t3YwBSd_mrKXNCl1y,2024-01-06 06:03:43.217000+00:00,004, ,, , 
net_rU1t3YwBSd_mrKXNCl1y,rU1t3YwBSd_mrKXNCl1y,2024-01-06 06:03:43.218000+00:00,004, ,, , 
net_r01t3YwBSd_mrKXNCl1y,r01t3YwBSd_mrKXNCl1y,2024-01-06 06:03:43.222000+00:00,004, ,, , 
net_sU1t3YwBSd_mrKXNCl1y,sU1t3YwBSd_mrKXNCl1y,2024-01-06 06:03:43.229000+00:00,004, ,, , 
net_s01t3YwBSd_mrKXNCl1y,s01t3YwBSd_mrKXNCl1y,2024-01-06 06:03:43.230000+00:00,004, ,, , 
net_t01t3YwBSd_mrKXNCl1y,t01t3YwBSd_mrKXNCl1y,2024-01-06 06:03:43.252000+00:00,004, ,, , 
net_yU1t3YwBSd_mrKXNCl3r,yU1t3YwBSd_mrKXNCl3r,2024-01-06 06:03:43.317000+00:00,004, ,, , 
net_y01t3YwBSd_mrKXNCl3r,y01t3YwBSd_mrKXNCl3r,2024-01-06 06:03:43.322000+00:00,004, ,, , 
net_zE1t3YwBSd_mrKXNCl3r,zE1t3YwBSd_mrKXNCl3r,2024-01-06 06:03:43.324000+00:00,004, ,, , 
net_001t3YwBSd_mrKXNCl3r,001t3YwBSd_mrKXNCl3r,2024-01-06 06:03:43.386000+00:00,004, ,, , 
net_1E1t3YwBSd_mrKXNCl3r,1E1t3YwBSd_mrKXNCl3r,2024-01-06 06:03:43.390000+00:00,004, ,, , 
net_2E1t3YwBSd_mrKXNCl3r,2E1t3YwBSd_mrKXNCl3r,2024-01-06 06:03:43.398000+00:00,004, ,, , 
net_2k1t3YwBSd_mrKXNCl3r,2k1t3YwBSd_mrKXNCl3r,2024-01-06 06:03:43.402000+00:00,004, ,, , 
net_201t3YwBSd_mrKXNCl3r,201t3YwBSd_mrKXNCl3r,2024-01-06 06:03:43.404000+00:00,004, ,, , 
net_3U1t3YwBSd_mrKXNCl3r,3U1t3YwBSd_mrKXNCl3r,2024-01-06 06:03:43.409000+00:00,004, ,, , 
net_3k1t3YwBSd_mrKXNCl3r,3k1t3YwBSd_mrKXNCl3r,2024-01-06 06:03:43.411000+00:00,004, ,, , 
net_4U1t3YwBSd_mrKXNCl3r,4U1t3YwBSd_mrKXNCl3r,2024-01-06 06:03:43.417000+00:00,004, ,, , 
net_401t3YwBSd_mrKXNCl3r,401t3YwBSd_mrKXNCl3r,2024-01-06 06:03:43.422000+00:00,004, ,, , 
net_5U1t3YwBSd_mrKXNCl3r,5U1t3YwBSd_mrKXNCl3r,2024-01-06 06:03:43.425000+00:00,004, ,, , 
net_5k1t3YwBSd_mrKXNCl3r,5k1t3YwBSd_mrKXNCl3r,2024-01-06 06:03:43.428000+00:00,004, ,, , 
net_501t3YwBSd_mrKXNCl3r,501t3YwBSd_mrKXNCl3r,2024-01-06 06:03:43.430000+00:00,004, ,, , 
net_6U1t3YwBSd_mrKXNCl3r,6U1t3YwBSd_mrKXNCl3r,2024-01-06 06:03:43.434000+00:00,004, ,, , 
net_701t3YwBSd_mrKXNC12V,701t3YwBSd_mrKXNC12V,2024-01-06 06:03:43.449000+00:00,004, ,, , 
net_9E1t3YwBSd_mrKXNC12V,9E1t3YwBSd_mrKXNC12V,2024-01-06 06:03:43.465000+00:00,004, ,, , 
net_9k1t3YwBSd_mrKXNC12V,9k1t3YwBSd_mrKXNC12V,2024-01-06 06:03:43.470000+00:00,004, ,, , 
net__E1t3YwBSd_mrKXNC12V,_E1t3YwBSd_mrKXNC12V,2024-01-06 06:03:43.487000+00:00,004, ,, , 
net_Ak1t3YwBSd_mrKXNC16V,Ak1t3YwBSd_mrKXNC16V,2024-01-06 06:03:43.499000+00:00,004, ,, , 
net_BU1t3YwBSd_mrKXNC16V,BU1t3YwBSd_mrKXNC16V,2024-01-06 06:03:43.508000+00:00,004, ,, , 
net_B01t3YwBSd_mrKXNC16V,B01t3YwBSd_mrKXNC16V,2024-01-06 06:03:43.511000+00:00,004, ,, , 
net_CE1t3YwBSd_mrKXNC16V,CE1t3YwBSd_mrKXNC16V,2024-01-06 06:03:43.513000+00:00,004, ,, , 
net_CU1t3YwBSd_mrKXNC16V,CU1t3YwBSd_mrKXNC16V,2024-01-06 06:03:43.517000+00:00,004, ,, , 
net_DE1t3YwBSd_mrKXNC16V,DE1t3YwBSd_mrKXNC16V,2024-01-06 06:03:43.523000+00:00,004, ,, , 
net_DU1t3YwBSd_mrKXNC16V,DU1t3YwBSd_mrKXNC16V,2024-01-06 06:03:43.525000+00:00,004, ,, , 
net_Dk1t3YwBSd_mrKXNC16V,Dk1t3YwBSd_mrKXNC16V,2024-01-06 06:03:43.527000+00:00,004, ,, , 
net_FU1t3YwBSd_mrKXNC16V,FU1t3YwBSd_mrKXNC16V,2024-01-06 06:03:43.545000+00:00,004, ,, , 
net_F01t3YwBSd_mrKXNC16V,F01t3YwBSd_mrKXNC16V,2024-01-06 06:03:43.549000+00:00,004, ,, , 
net_GE1t3YwBSd_mrKXNC16V,GE1t3YwBSd_mrKXNC16V,2024-01-06 06:03:43.552000+00:00,004, ,, , 
net_Gk1t3YwBSd_mrKXNC16V,Gk1t3YwBSd_mrKXNC16V,2024-01-06 06:03:43.556000+00:00,004, ,, , 
net_IU1t3YwBSd_mrKXNDF4x,IU1t3YwBSd_mrKXNDF4x,2024-01-06 06:03:43.574000+00:00,004, ,, , 
net_Ik1t3YwBSd_mrKXNDF4x,Ik1t3YwBSd_mrKXNDF4x,2024-01-06 06:03:43.577000+00:00,004, ,, , 
net_I01t3YwBSd_mrKXNDF4x,I01t3YwBSd_mrKXNDF4x,2024-01-06 06:03:43.579000+00:00,004, ,, , 
net_JU1t3YwBSd_mrKXNDF4x,JU1t3YwBSd_mrKXNDF4x,2024-01-06 06:03:43.583000+00:00,004, ,, , 
net_J01t3YwBSd_mrKXNDF4x,J01t3YwBSd_mrKXNDF4x,2024-01-06 06:03:43.597000+00:00,004, ,, , 
net_Kk1t3YwBSd_mrKXNDF4x,Kk1t3YwBSd_mrKXNDF4x,2024-01-06 06:03:43.604000+00:00,004, ,, , 
net_K01t3YwBSd_mrKXNDF4x,K01t3YwBSd_mrKXNDF4x,2024-01-06 06:03:43.607000+00:00,004, ,, , 
net_LE1t3YwBSd_mrKXNDF4x,LE1t3YwBSd_mrKXNDF4x,2024-01-06 06:03:43.608000+00:00,004, ,, , 
net_LU1t3YwBSd_mrKXNDF4x,LU1t3YwBSd_mrKXNDF4x,2024-01-06 06:03:43.610000+00:00,004, ,, , 
net_Lk1t3YwBSd_mrKXNDF4x,Lk1t3YwBSd_mrKXNDF4x,2024-01-06 06:03:43.612000+00:00,004, ,, , 
net_Mk1t3YwBSd_mrKXNDF4x,Mk1t3YwBSd_mrKXNDF4x,2024-01-06 06:03:43.621000+00:00,004, ,, , 
net_P01t3YwBSd_mrKXNDF4x,P01t3YwBSd_mrKXNDF4x,2024-01-06 06:03:43.653000+00:00,004, ,, , 
net_QU1t3YwBSd_mrKXNDF4x,QU1t3YwBSd_mrKXNDF4x,2024-01-06 06:03:43.657000+00:00,004, ,, , 
net_Rk1t3YwBSd_mrKXNDF4x,Rk1t3YwBSd_mrKXNDF4x,2024-01-06 06:03:43.669000+00:00,004, ,, , 
net_SE1t3YwBSd_mrKXNDF4x,SE1t3YwBSd_mrKXNDF4x,2024-01-06 06:03:43.674000+00:00,004, ,, , 
net_T01t3YwBSd_mrKXNDF4y,T01t3YwBSd_mrKXNDF4y,2024-01-06 06:03:43.712000+00:00,004, ,, , 
net_UE1t3YwBSd_mrKXNDF7O,UE1t3YwBSd_mrKXNDF7O,2024-01-06 06:03:43.720000+00:00,004, ,, , 
net_UU1t3YwBSd_mrKXNDF7O,UU1t3YwBSd_mrKXNDF7O,2024-01-06 06:03:43.721000+00:00,004, ,, , 
net_VU1t3YwBSd_mrKXNDF7O,VU1t3YwBSd_mrKXNDF7O,2024-01-06 06:03:43.729000+00:00,004, ,, , 
net_Vk1t3YwBSd_mrKXNDF7O,Vk1t3YwBSd_mrKXNDF7O,2024-01-06 06:03:43.732000+00:00,004, ,, , 
net_V01t3YwBSd_mrKXNDF7O,V01t3YwBSd_mrKXNDF7O,2024-01-06 06:03:43.734000+00:00,004, ,, , 
net_WE1t3YwBSd_mrKXNDF7O,WE1t3YwBSd_mrKXNDF7O,2024-01-06 06:03:43.735000+00:00,004, ,, , 
net_XE1t3YwBSd_mrKXNDF7O,XE1t3YwBSd_mrKXNDF7O,2024-01-06 06:03:43.744000+00:00,004, ,, , 
net_XU1t3YwBSd_mrKXNDF7O,XU1t3YwBSd_mrKXNDF7O,2024-01-06 06:03:43.750000+00:00,004, ,, , 
net_X01t3YwBSd_mrKXNDF7O,X01t3YwBSd_mrKXNDF7O,2024-01-06 06:03:43.752000+00:00,004, ,, , 
net_YE1t3YwBSd_mrKXNDF7O,YE1t3YwBSd_mrKXNDF7O,2024-01-06 06:03:43.756000+00:00,004, ,, , 
net_Zk1t3YwBSd_mrKXNDF7O,Zk1t3YwBSd_mrKXNDF7O,2024-01-06 06:03:43.769000+00:00,004, ,, , 
net_Z01t3YwBSd_mrKXNDF7O,Z01t3YwBSd_mrKXNDF7O,2024-01-06 06:03:43.773000+00:00,004, ,, , 
net_aU1t3YwBSd_mrKXNDF7O,aU1t3YwBSd_mrKXNDF7O,2024-01-06 06:03:43.795000+00:00,004, ,, , 
net_ak1t3YwBSd_mrKXNDF7O,ak1t3YwBSd_mrKXNDF7O,2024-01-06 06:03:43.797000+00:00,004, ,, , 
net_cU1t3YwBSd_mrKXNDF7O,cU1t3YwBSd_mrKXNDF7O,2024-01-06 06:03:43.812000+00:00,004, ,, , 
net_c01t3YwBSd_mrKXNDF7O,c01t3YwBSd_mrKXNDF7O,2024-01-06 06:03:43.816000+00:00,004, ,, , 
net_dU1t3YwBSd_mrKXNDF7O,dU1t3YwBSd_mrKXNDF7O,2024-01-06 06:03:43.821000+00:00,004, ,, , 
net_dk1t3YwBSd_mrKXNDF7O,dk1t3YwBSd_mrKXNDF7O,2024-01-06 06:03:43.823000+00:00,004, ,, , 
net_ek1t3YwBSd_mrKXNDF7O,ek1t3YwBSd_mrKXNDF7O,2024-01-06 06:03:43.831000+00:00,004, ,, , 
net_e01t3YwBSd_mrKXNDF7O,e01t3YwBSd_mrKXNDF7O,2024-01-06 06:03:43.833000+00:00,004, ,, , 
net_fE1t3YwBSd_mrKXNDF7O,fE1t3YwBSd_mrKXNDF7O,2024-01-06 06:03:43.835000+00:00,004, ,, , 
net_gE1t3YwBSd_mrKXNDF7O,gE1t3YwBSd_mrKXNDF7O,2024-01-06 06:03:43.847000+00:00,004, ,, , 
net_gk1t3YwBSd_mrKXNDV5U,gk1t3YwBSd_mrKXNDV5U,2024-01-06 06:03:43.851000+00:00,004, ,, , 
net_hk1t3YwBSd_mrKXNDV5U,hk1t3YwBSd_mrKXNDV5U,2024-01-06 06:03:43.861000+00:00,004, ,, , 
net_jU1t3YwBSd_mrKXNDV5U,jU1t3YwBSd_mrKXNDV5U,2024-01-06 06:03:43.874000+00:00,004, ,, , 
net_j01t3YwBSd_mrKXNDV5U,j01t3YwBSd_mrKXNDV5U,2024-01-06 06:03:43.878000+00:00,004, ,, , 
net_kU1t3YwBSd_mrKXNDV5U,kU1t3YwBSd_mrKXNDV5U,2024-01-06 06:03:43.882000+00:00,004, ,, , 
net_lE1t3YwBSd_mrKXNDV5U,lE1t3YwBSd_mrKXNDV5U,2024-01-06 06:03:43.889000+00:00,004, ,, , 
net_lU1t3YwBSd_mrKXNDV5U,lU1t3YwBSd_mrKXNDV5U,2024-01-06 06:03:43.891000+00:00,004, ,, , 
net_mk1t3YwBSd_mrKXNDV5U,mk1t3YwBSd_mrKXNDV5U,2024-01-06 06:03:43.901000+00:00,004, ,, , 
net_m01t3YwBSd_mrKXNDV5U,m01t3YwBSd_mrKXNDV5U,2024-01-06 06:03:43.904000+00:00,004, ,, , 
net_n01t3YwBSd_mrKXNDV5U,n01t3YwBSd_mrKXNDV5U,2024-01-06 06:03:43.914000+00:00,004, ,, , 
net_ok1t3YwBSd_mrKXNDV5U,ok1t3YwBSd_mrKXNDV5U,2024-01-06 06:03:43.920000+00:00,004, ,, , 
net_o01t3YwBSd_mrKXNDV5U,o01t3YwBSd_mrKXNDV5U,2024-01-06 06:03:43.922000+00:00,004, ,, , 
net_p01t3YwBSd_mrKXNDV5U,p01t3YwBSd_mrKXNDV5U,2024-01-06 06:03:43.931000+00:00,004, ,, , 
net_qE1t3YwBSd_mrKXNDV5U,qE1t3YwBSd_mrKXNDV5U,2024-01-06 06:03:43.935000+00:00,004, ,, , 
net_qU1t3YwBSd_mrKXNDV5U,qU1t3YwBSd_mrKXNDV5U,2024-01-06 06:03:43.937000+00:00,004, ,, , 
net_q01t3YwBSd_mrKXNDV5U,q01t3YwBSd_mrKXNDV5U,2024-01-06 06:03:43.941000+00:00,004, ,, , 
net_rU1t3YwBSd_mrKXNDV5U,rU1t3YwBSd_mrKXNDV5U,2024-01-06 06:03:43.946000+00:00,004, ,, , 
net_r01t3YwBSd_mrKXNDV5U,r01t3YwBSd_mrKXNDV5U,2024-01-06 06:03:43.950000+00:00,004, ,, , 
net_sE1t3YwBSd_mrKXNDV5U,sE1t3YwBSd_mrKXNDV5U,2024-01-06 06:03:43.952000+00:00,004, ,, , 
net_tk1t3YwBSd_mrKXNDl4W,tk1t3YwBSd_mrKXNDl4W,2024-01-06 06:03:43.973000+00:00,004, ,, , 
net_uE1t3YwBSd_mrKXNDl4W,uE1t3YwBSd_mrKXNDl4W,2024-01-06 06:03:44.009000+00:00,004, ,, , 
net_uk1t3YwBSd_mrKXNDl4W,uk1t3YwBSd_mrKXNDl4W,2024-01-06 06:03:44.016000+00:00,004, ,, , 
net_v01t3YwBSd_mrKXNDl4W,v01t3YwBSd_mrKXNDl4W,2024-01-06 06:03:44.029000+00:00,004, ,, , 
net_yU1t3YwBSd_mrKXNDl4W,yU1t3YwBSd_mrKXNDl4W,2024-01-06 06:03:44.061000+00:00,004, ,, , 
net_0E1t3YwBSd_mrKXNDl4W,0E1t3YwBSd_mrKXNDl4W,2024-01-06 06:03:44.088000+00:00,004, ,, , 
net_0U1t3YwBSd_mrKXNDl4W,0U1t3YwBSd_mrKXNDl4W,2024-01-06 06:03:44.089000+00:00,004, ,, , 
net_0k1t3YwBSd_mrKXNDl4W,0k1t3YwBSd_mrKXNDl4W,2024-01-06 06:03:44.090000+00:00,004, ,, , 
net_1E1t3YwBSd_mrKXNDl4W,1E1t3YwBSd_mrKXNDl4W,2024-01-06 06:03:44.097000+00:00,004, ,, , 
net_2E1t3YwBSd_mrKXNDl4W,2E1t3YwBSd_mrKXNDl4W,2024-01-06 06:03:44.107000+00:00,004, ,, , 
net_3U1t3YwBSd_mrKXNDl4W,3U1t3YwBSd_mrKXNDl4W,2024-01-06 06:03:44.117000+00:00,004, ,, , 
net_401t3YwBSd_mrKXNDl4W,401t3YwBSd_mrKXNDl4W,2024-01-06 06:03:44.132000+00:00,004, ,, , 
net_5E1t3YwBSd_mrKXNDl4W,5E1t3YwBSd_mrKXNDl4W,2024-01-06 06:03:44.133000+00:00,004, ,, , 
net_5U1t3YwBSd_mrKXNDl4W,5U1t3YwBSd_mrKXNDl4W,2024-01-06 06:03:44.134000+00:00,004, ,, , 
net_5k1t3YwBSd_mrKXNDl6F,5k1t3YwBSd_mrKXNDl6F,2024-01-06 06:03:44.137000+00:00,004, ,, , 
net_6E1t3YwBSd_mrKXNDl6F,6E1t3YwBSd_mrKXNDl6F,2024-01-06 06:03:44.142000+00:00,004, ,, , 
net_6U1t3YwBSd_mrKXNDl6F,6U1t3YwBSd_mrKXNDl6F,2024-01-06 06:03:44.144000+00:00,004, ,, , 
net_6k1t3YwBSd_mrKXNDl6F,6k1t3YwBSd_mrKXNDl6F,2024-01-06 06:03:44.147000+00:00,004, ,, , 
net_601t3YwBSd_mrKXNDl6F,601t3YwBSd_mrKXNDl6F,2024-01-06 06:03:44.149000+00:00,004, ,, , 
net_701t3YwBSd_mrKXNDl6F,701t3YwBSd_mrKXNDl6F,2024-01-06 06:03:44.157000+00:00,004, ,, , 
net_8U1t3YwBSd_mrKXNDl6F,8U1t3YwBSd_mrKXNDl6F,2024-01-06 06:03:44.162000+00:00,004, ,, , 
net_8k1t3YwBSd_mrKXNDl6F,8k1t3YwBSd_mrKXNDl6F,2024-01-06 06:03:44.164000+00:00,004, ,, , 
net_801t3YwBSd_mrKXNDl6F,801t3YwBSd_mrKXNDl6F,2024-01-06 06:03:44.166000+00:00,004, ,, , 
net_901t3YwBSd_mrKXNDl6F,901t3YwBSd_mrKXNDl6F,2024-01-06 06:03:44.175000+00:00,004, ,, , 
net_'-E1t3YwBSd_mrKXNDl6F,'-E1t3YwBSd_mrKXNDl6F,2024-01-06 06:03:44.177000+00:00,004, ,, , 
net_'-U1t3YwBSd_mrKXNDl6F,'-U1t3YwBSd_mrKXNDl6F,2024-01-06 06:03:44.179000+00:00,004, ,, , 
net__01t3YwBSd_mrKXNDl6F,_01t3YwBSd_mrKXNDl6F,2024-01-06 06:03:44.242000+00:00,004, ,, , 
net_Ak1t3YwBSd_mrKXNDl-F,Ak1t3YwBSd_mrKXNDl-F,2024-01-06 06:03:44.249000+00:00,004, ,, , 
net_Bk1t3YwBSd_mrKXNDl-F,Bk1t3YwBSd_mrKXNDl-F,2024-01-06 06:03:44.257000+00:00,004, ,, , 
net_DE1t3YwBSd_mrKXNDl-F,DE1t3YwBSd_mrKXNDl-F,2024-01-06 06:03:44.270000+00:00,004, ,, , 
net_DU1t3YwBSd_mrKXNDl-F,DU1t3YwBSd_mrKXNDl-F,2024-01-06 06:03:44.272000+00:00,004, ,, , 
net_EU1t3YwBSd_mrKXNDl-F,EU1t3YwBSd_mrKXNDl-F,2024-01-06 06:03:44.281000+00:00,004, ,, , 
net_Fk1t3YwBSd_mrKXNDl-F,Fk1t3YwBSd_mrKXNDl-F,2024-01-06 06:03:44.298000+00:00,004, ,, , 
net_GE1t3YwBSd_mrKXND18j,GE1t3YwBSd_mrKXND18j,2024-01-06 06:03:44.302000+00:00,004, ,, , 
net_Gk1t3YwBSd_mrKXND18j,Gk1t3YwBSd_mrKXND18j,2024-01-06 06:03:44.307000+00:00,004, ,, , 
net_I01t3YwBSd_mrKXND18j,I01t3YwBSd_mrKXND18j,2024-01-06 06:03:44.328000+00:00,004, ,, , 
net_KE1t3YwBSd_mrKXND18j,KE1t3YwBSd_mrKXND18j,2024-01-06 06:03:44.339000+00:00,004, ,, , 
net_Kk1t3YwBSd_mrKXND18j,Kk1t3YwBSd_mrKXND18j,2024-01-06 06:03:44.343000+00:00,004, ,, , 
net_ME1t3YwBSd_mrKXND18j,ME1t3YwBSd_mrKXND18j,2024-01-06 06:03:44.356000+00:00,004, ,, , 
net_MU1t3YwBSd_mrKXND18j,MU1t3YwBSd_mrKXND18j,2024-01-06 06:03:44.357000+00:00,004, ,, , 
net_NU1t3YwBSd_mrKXND18k,NU1t3YwBSd_mrKXND18k,2024-01-06 06:03:44.366000+00:00,004, ,, , 
net_Nk1t3YwBSd_mrKXND18k,Nk1t3YwBSd_mrKXND18k,2024-01-06 06:03:44.369000+00:00,004, ,, , 
net_OU1t3YwBSd_mrKXND18k,OU1t3YwBSd_mrKXND18k,2024-01-06 06:03:44.375000+00:00,004, ,, , 
net_PU1t3YwBSd_mrKXND18k,PU1t3YwBSd_mrKXND18k,2024-01-06 06:03:44.383000+00:00,004, ,, , 
net_Qk1t3YwBSd_mrKXND18k,Qk1t3YwBSd_mrKXND18k,2024-01-06 06:03:44.393000+00:00,004, ,, , 
net_RE1t3YwBSd_mrKXND18k,RE1t3YwBSd_mrKXND18k,2024-01-06 06:03:44.398000+00:00,004, ,, , 
net_SE1t3YwBSd_mrKXND18k,SE1t3YwBSd_mrKXND18k,2024-01-06 06:03:44.407000+00:00,004, ,, , 
net_Sk1t3YwBSd_mrKXND1-Q,Sk1t3YwBSd_mrKXND1-Q,2024-01-06 06:03:44.411000+00:00,004, ,, , 
net_Tk1t3YwBSd_mrKXND1-Q,Tk1t3YwBSd_mrKXND1-Q,2024-01-06 06:03:44.419000+00:00,004, ,, , 
net_UE1t3YwBSd_mrKXND1-Q,UE1t3YwBSd_mrKXND1-Q,2024-01-06 06:03:44.423000+00:00,004, ,, , 
net_V01t3YwBSd_mrKXND1-Q,V01t3YwBSd_mrKXND1-Q,2024-01-06 06:03:44.438000+00:00,004, ,, , 
net_WE1t3YwBSd_mrKXND1-Q,WE1t3YwBSd_mrKXND1-Q,2024-01-06 06:03:44.440000+00:00,004, ,, , 
net_W01t3YwBSd_mrKXND1-Q,W01t3YwBSd_mrKXND1-Q,2024-01-06 06:03:44.447000+00:00,004, ,, , 
net_Xk1t3YwBSd_mrKXND1-Q,Xk1t3YwBSd_mrKXND1-Q,2024-01-06 06:03:44.453000+00:00,004, ,, , 
net_X01t3YwBSd_mrKXND1-Q,X01t3YwBSd_mrKXND1-Q,2024-01-06 06:03:44.455000+00:00,004, ,, , 
net_YE1t3YwBSd_mrKXND1-Q,YE1t3YwBSd_mrKXND1-Q,2024-01-06 06:03:44.457000+00:00,004, ,, , 
net_YU1t3YwBSd_mrKXND1-Q,YU1t3YwBSd_mrKXND1-Q,2024-01-06 06:03:44.460000+00:00,004, ,, , 
net_Y01t3YwBSd_mrKXND1-Q,Y01t3YwBSd_mrKXND1-Q,2024-01-06 06:03:44.463000+00:00,004, ,, , 
net_ZU1t3YwBSd_mrKXND1-Q,ZU1t3YwBSd_mrKXND1-Q,2024-01-06 06:03:44.468000+00:00,004, ,, , 
net_Z01t3YwBSd_mrKXND1-Q,Z01t3YwBSd_mrKXND1-Q,2024-01-06 06:03:44.472000+00:00,004, ,, , 
net_a01t3YwBSd_mrKXND1-Q,a01t3YwBSd_mrKXND1-Q,2024-01-06 06:03:44.479000+00:00,004, ,, , 
net_bU1t3YwBSd_mrKXND1-Q,bU1t3YwBSd_mrKXND1-Q,2024-01-06 06:03:44.484000+00:00,004, ,, , 
net_bk1t3YwBSd_mrKXND1-Q,bk1t3YwBSd_mrKXND1-Q,2024-01-06 06:03:44.487000+00:00,004, ,, , 
net_cU1t3YwBSd_mrKXND1-Q,cU1t3YwBSd_mrKXND1-Q,2024-01-06 06:03:44.492000+00:00,004, ,, , 
net_ck1t3YwBSd_mrKXND1-Q,ck1t3YwBSd_mrKXND1-Q,2024-01-06 06:03:44.495000+00:00,004, ,, , 
net_c01t3YwBSd_mrKXND1-Q,c01t3YwBSd_mrKXND1-Q,2024-01-06 06:03:44.497000+00:00,004, ,, , 
net_eE1t3YwBSd_mrKXND1-Q,eE1t3YwBSd_mrKXND1-Q,2024-01-06 06:03:44.508000+00:00,004, ,, , 
net_eU1t3YwBSd_mrKXND1-Q,eU1t3YwBSd_mrKXND1-Q,2024-01-06 06:03:44.509000+00:00,004, ,, , 
net_hE1t3YwBSd_mrKXNEF8B,hE1t3YwBSd_mrKXNEF8B,2024-01-06 06:03:44.605000+00:00,004, ,, , 
net_hU1t3YwBSd_mrKXNEF8B,hU1t3YwBSd_mrKXNEF8B,2024-01-06 06:03:44.608000+00:00,004, ,, , 
net_iE1t3YwBSd_mrKXNEF8B,iE1t3YwBSd_mrKXNEF8B,2024-01-06 06:03:44.614000+00:00,004, ,, , 
net_i01t3YwBSd_mrKXNEF8B,i01t3YwBSd_mrKXNEF8B,2024-01-06 06:03:44.620000+00:00,004, ,, , 
net_jU1t3YwBSd_mrKXNEF8B,jU1t3YwBSd_mrKXNEF8B,2024-01-06 06:03:44.624000+00:00,004, ,, , 
net_jk1t3YwBSd_mrKXNEF8B,jk1t3YwBSd_mrKXNEF8B,2024-01-06 06:03:44.627000+00:00,004, ,, , 
net_j01t3YwBSd_mrKXNEF8B,j01t3YwBSd_mrKXNEF8B,2024-01-06 06:03:44.629000+00:00,004, ,, , 
net_k01t3YwBSd_mrKXNEF8B,k01t3YwBSd_mrKXNEF8B,2024-01-06 06:03:44.638000+00:00,004, ,, , 
net_lU1t3YwBSd_mrKXNEF8B,lU1t3YwBSd_mrKXNEF8B,2024-01-06 06:03:44.642000+00:00,004, ,, , 
net_mE1t3YwBSd_mrKXNEF8B,mE1t3YwBSd_mrKXNEF8B,2024-01-06 06:03:44.649000+00:00,004, ,, , 
net_mU1t3YwBSd_mrKXNEF8B,mU1t3YwBSd_mrKXNEF8B,2024-01-06 06:03:44.650000+00:00,004, ,, , 
net_nE1t3YwBSd_mrKXNEF8B,nE1t3YwBSd_mrKXNEF8B,2024-01-06 06:03:44.657000+00:00,004, ,, , 
net_n01t3YwBSd_mrKXNEF8B,n01t3YwBSd_mrKXNEF8B,2024-01-06 06:03:44.664000+00:00,004, ,, , 
net_oE1t3YwBSd_mrKXNEF8B,oE1t3YwBSd_mrKXNEF8B,2024-01-06 06:03:44.666000+00:00,004, ,, , 
net_ok1t3YwBSd_mrKXNEF8B,ok1t3YwBSd_mrKXNEF8B,2024-01-06 06:03:44.670000+00:00,004, ,, , 
net_pE1t3YwBSd_mrKXNEF8B,pE1t3YwBSd_mrKXNEF8B,2024-01-06 06:03:44.674000+00:00,004, ,, , 
net_qE1t3YwBSd_mrKXNEF8B,qE1t3YwBSd_mrKXNEF8B,2024-01-06 06:03:44.689000+00:00,004, ,, , 
net_r01t3YwBSd_mrKXNEF-c,r01t3YwBSd_mrKXNEF-c,2024-01-06 06:03:44.704000+00:00,004, ,, , 
net_sE1t3YwBSd_mrKXNEF-c,sE1t3YwBSd_mrKXNEF-c,2024-01-06 06:03:44.706000+00:00,004, ,, , 
net_s01t3YwBSd_mrKXNEF-c,s01t3YwBSd_mrKXNEF-c,2024-01-06 06:03:44.712000+00:00,004, ,, , 
net_tE1t3YwBSd_mrKXNEF-c,tE1t3YwBSd_mrKXNEF-c,2024-01-06 06:03:44.715000+00:00,004, ,, , 
net_tk1t3YwBSd_mrKXNEF-c,tk1t3YwBSd_mrKXNEF-c,2024-01-06 06:03:44.719000+00:00,004, ,, , 
net_v01t3YwBSd_mrKXNEF-c,v01t3YwBSd_mrKXNEF-c,2024-01-06 06:03:44.740000+00:00,004, ,, , 
net_wU1t3YwBSd_mrKXNEF-c,wU1t3YwBSd_mrKXNEF-c,2024-01-06 06:03:44.745000+00:00,004, ,, , 
net_xU1t3YwBSd_mrKXNEF-c,xU1t3YwBSd_mrKXNEF-c,2024-01-06 06:03:44.753000+00:00,004, ,, , 
net_x01t3YwBSd_mrKXNEF-c,x01t3YwBSd_mrKXNEF-c,2024-01-06 06:03:44.757000+00:00,004, ,, , 
net_yE1t3YwBSd_mrKXNEF-c,yE1t3YwBSd_mrKXNEF-c,2024-01-06 06:03:44.759000+00:00,004, ,, , 
net_yk1t3YwBSd_mrKXNEF-c,yk1t3YwBSd_mrKXNEF-c,2024-01-06 06:03:44.763000+00:00,004, ,, , 
net_y01t3YwBSd_mrKXNEF-c,y01t3YwBSd_mrKXNEF-c,2024-01-06 06:03:44.766000+00:00,004, ,, , 
net_zE1t3YwBSd_mrKXNEF-c,zE1t3YwBSd_mrKXNEF-c,2024-01-06 06:03:44.767000+00:00,004, ,, , 
net_zU1t3YwBSd_mrKXNEF-c,zU1t3YwBSd_mrKXNEF-c,2024-01-06 06:03:44.770000+00:00,004, ,, , 
net_0E1t3YwBSd_mrKXNEF-c,0E1t3YwBSd_mrKXNEF-c,2024-01-06 06:03:44.776000+00:00,004, ,, , 
net_0k1t3YwBSd_mrKXNEF-c,0k1t3YwBSd_mrKXNEF-c,2024-01-06 06:03:44.780000+00:00,004, ,, , 
net_1U1t3YwBSd_mrKXNEF-c,1U1t3YwBSd_mrKXNEF-c,2024-01-06 06:03:44.786000+00:00,004, ,, , 
net_101t3YwBSd_mrKXNEF-c,101t3YwBSd_mrKXNEF-c,2024-01-06 06:03:44.791000+00:00,004, ,, , 
net_2E1t3YwBSd_mrKXNEF-c,2E1t3YwBSd_mrKXNEF-c,2024-01-06 06:03:44.793000+00:00,004, ,, , 
net_2U1t3YwBSd_mrKXNEF-c,2U1t3YwBSd_mrKXNEF-c,2024-01-06 06:03:44.802000+00:00,004, ,, , 
net_3k1t3YwBSd_mrKXNEF-c,3k1t3YwBSd_mrKXNEF-c,2024-01-06 06:03:44.811000+00:00,004, ,, , 
net_4k1t3YwBSd_mrKXNEF_7,4k1t3YwBSd_mrKXNEF_7,2024-01-06 06:03:44.824000+00:00,004, ,, , 
net_5k1t3YwBSd_mrKXNEF_7,5k1t3YwBSd_mrKXNEF_7,2024-01-06 06:03:44.832000+00:00,004, ,, , 
net_6k1t3YwBSd_mrKXNEF_7,6k1t3YwBSd_mrKXNEF_7,2024-01-06 06:03:44.840000+00:00,004, ,, , 
net_601t3YwBSd_mrKXNEF_7,601t3YwBSd_mrKXNEF_7,2024-01-06 06:03:44.864000+00:00,004, ,, , 
net_7U1t3YwBSd_mrKXNEF_7,7U1t3YwBSd_mrKXNEF_7,2024-01-06 06:03:44.868000+00:00,004, ,, , 
net_7k1t3YwBSd_mrKXNEF_7,7k1t3YwBSd_mrKXNEF_7,2024-01-06 06:03:44.872000+00:00,004, ,, , 
net_8E1t3YwBSd_mrKXNEF_7,8E1t3YwBSd_mrKXNEF_7,2024-01-06 06:03:44.876000+00:00,004, ,, , 
net_901t3YwBSd_mrKXNEF_8,901t3YwBSd_mrKXNEF_8,2024-01-06 06:03:44.891000+00:00,004, ,, , 
net__E1t3YwBSd_mrKXNEF_8,_E1t3YwBSd_mrKXNEF_8,2024-01-06 06:03:44.903000+00:00,004, ,, , 
net__k1t3YwBSd_mrKXNEF_8,_k1t3YwBSd_mrKXNEF_8,2024-01-06 06:03:44.906000+00:00,004, ,, , 
net_AU1t3YwBSd_mrKXNEGD8,AU1t3YwBSd_mrKXNEGD8,2024-01-06 06:03:44.920000+00:00,004, ,, , 
net_Ak1t3YwBSd_mrKXNEGD8,Ak1t3YwBSd_mrKXNEGD8,2024-01-06 06:03:44.920000+00:00,004, ,, , 
net_A01t3YwBSd_mrKXNEGD8,A01t3YwBSd_mrKXNEGD8,2024-01-06 06:03:44.920000+00:00,004, ,, , 
net_BE1t3YwBSd_mrKXNEGD8,BE1t3YwBSd_mrKXNEGD8,2024-01-06 06:03:44.926000+00:00,004, ,, , 
net_CE1t3YwBSd_mrKXNEGD8,CE1t3YwBSd_mrKXNEGD8,2024-01-06 06:03:44.952000+00:00,004, ,, , 
net_C01t3YwBSd_mrKXNEGD8,C01t3YwBSd_mrKXNEGD8,2024-01-06 06:03:44.958000+00:00,004, ,, , 
net_EU1t3YwBSd_mrKXNEGD8,EU1t3YwBSd_mrKXNEGD8,2024-01-06 06:03:44.983000+00:00,004, ,, , 
net_Ek1t3YwBSd_mrKXNEWB3,Ek1t3YwBSd_mrKXNEWB3,2024-01-06 06:03:44.983000+00:00,004, ,, , 
net_E01t3YwBSd_mrKXNEWB3,E01t3YwBSd_mrKXNEWB3,2024-01-06 06:03:48.046000+00:00,000, ,, , 
net_FE1t3YwBSd_mrKXNEWB3,FE1t3YwBSd_mrKXNEWB3,2024-01-06 06:04:00.778000+00:00,004, ,, , 
net_FU1t3YwBSd_mrKXNEWB3,FU1t3YwBSd_mrKXNEWB3,2024-01-06 06:04:00.784000+00:00,004, ,, , 
net_Fk1t3YwBSd_mrKXNEWB3,Fk1t3YwBSd_mrKXNEWB3,2024-01-06 06:04:00.784000+00:00,004, ,, , 
net_GE1t3YwBSd_mrKXNEWB3,GE1t3YwBSd_mrKXNEWB3,2024-01-06 06:04:00.791000+00:00,004, ,, , 
net_Gk1t3YwBSd_mrKXNEWB3,Gk1t3YwBSd_mrKXNEWB3,2024-01-06 06:04:00.792000+00:00,004, ,, , 
net_Ik1t3YwBSd_mrKXNEWB3,Ik1t3YwBSd_mrKXNEWB3,2024-01-06 06:04:00.813000+00:00,004, ,, , 
net_I01t3YwBSd_mrKXNEWB3,I01t3YwBSd_mrKXNEWB3,2024-01-06 06:04:00.815000+00:00,004, ,, , 
net_KU1t3YwBSd_mrKXNEWB3,KU1t3YwBSd_mrKXNEWB3,2024-01-06 06:04:00.831000+00:00,004, ,, , 
net_Kk1t3YwBSd_mrKXNEWB3,Kk1t3YwBSd_mrKXNEWB3,2024-01-06 06:04:00.837000+00:00,004, ,, , 
net_L01t3YwBSd_mrKXNEWB3,L01t3YwBSd_mrKXNEWB3,2024-01-06 06:04:00.843000+00:00,004, ,, , 
net_Mk1t3YwBSd_mrKXNEWB3,Mk1t3YwBSd_mrKXNEWB3,2024-01-06 06:04:00.850000+00:00,004, ,, , 
net_M01t3YwBSd_mrKXNEWB3,M01t3YwBSd_mrKXNEWB3,2024-01-06 06:04:00.899000+00:00,004, ,, , 
net_NU1t3YwBSd_mrKXNEWB3,NU1t3YwBSd_mrKXNEWB3,2024-01-06 06:04:00.987000+00:00,004, ,, , 
net_Nk1t3YwBSd_mrKXNEWB3,Nk1t3YwBSd_mrKXNEWB3,2024-01-06 06:04:00.987000+00:00,004, ,, , 
net_N01t3YwBSd_mrKXNEWB3,N01t3YwBSd_mrKXNEWB3,2024-01-06 06:04:00.987000+00:00,004, ,, , 
net_Ok1t3YwBSd_mrKXNEWB3,Ok1t3YwBSd_mrKXNEWB3,2024-01-06 06:04:02.815000+00:00,004, ,, , 
net_P01t3YwBSd_mrKXNEWB3,P01t3YwBSd_mrKXNEWB3,2024-01-06 06:04:02.815000+00:00,004, ,, , 
net_QE1t3YwBSd_mrKXNEWB3,QE1t3YwBSd_mrKXNEWB3,2024-01-06 06:04:02.815000+00:00,004, ,, , 
net_4U1_3YwBSd_mrKXNJGVN,4U1_3YwBSd_mrKXNJGVN,2024-01-06 06:39:01.464000+00:00,004, ,, , 
net_5k1_3YwBSd_mrKXNJGVN,5k1_3YwBSd_mrKXNJGVN,2024-01-06 06:39:01.479000+00:00,004, ,, , 
net_6U1_3YwBSd_mrKXNJGVN,6U1_3YwBSd_mrKXNJGVN,2024-01-06 06:39:03.445000+00:00,004, ,, , 
net_601_3YwBSd_mrKXNJGVN,601_3YwBSd_mrKXNJGVN,2024-01-06 06:39:03.450000+00:00,004, ,, , 
net_7E1_3YwBSd_mrKXNJGVN,7E1_3YwBSd_mrKXNJGVN,2024-01-06 06:39:03.452000+00:00,004, ,, , 
net_7U1_3YwBSd_mrKXNJGVN,7U1_3YwBSd_mrKXNJGVN,2024-01-06 06:39:03.454000+00:00,004, ,, , 
net_701_3YwBSd_mrKXNJGVN,701_3YwBSd_mrKXNJGVN,2024-01-06 06:39:03.459000+00:00,004, ,, , 
net_8U1_3YwBSd_mrKXNJGVN,8U1_3YwBSd_mrKXNJGVN,2024-01-06 06:39:03.463000+00:00,004, ,, , 
net_9k1_3YwBSd_mrKXNJGVN,9k1_3YwBSd_mrKXNJGVN,2024-01-06 06:39:03.474000+00:00,004, ,, , 
net_901_3YwBSd_mrKXNJGVN,901_3YwBSd_mrKXNJGVN,2024-01-06 06:39:03.475000+00:00,004, ,, , 
net_'-k1_3YwBSd_mrKXNL2XJ,'-k1_3YwBSd_mrKXNL2XJ,2024-01-06 06:39:07.503000+00:00,004, ,, , 
net_'-01_3YwBSd_mrKXNL2XJ,'-01_3YwBSd_mrKXNL2XJ,2024-01-06 06:39:07.505000+00:00,004, ,, , 
net__E1_3YwBSd_mrKXNL2XJ,_E1_3YwBSd_mrKXNL2XJ,2024-01-06 06:39:07.507000+00:00,004, ,, , 
net__U1_3YwBSd_mrKXNL2XJ,_U1_3YwBSd_mrKXNL2XJ,2024-01-06 06:39:07.509000+00:00,004, ,, , 
net_AE1_3YwBSd_mrKXNL2bJ,AE1_3YwBSd_mrKXNL2bJ,2024-01-06 06:39:07.518000+00:00,004, ,, , 
net_wk153YwBSd_mrKXNuWU8,wk153YwBSd_mrKXNuWU8,2024-01-06 06:33:02.939000+00:00,004, ,,sohaib,root
net_w0153YwBSd_mrKXNuWU8,w0153YwBSd_mrKXNuWU8,2024-01-06 06:33:02.939000+00:00,004, ,,sohaib,root(uid=0)
net_xU153YwBSd_mrKXNuWU8,xU153YwBSd_mrKXNuWU8,2024-01-06 06:33:02.947000+00:00,004, ,, , 
net_xk153YwBSd_mrKXNuWU8,xk153YwBSd_mrKXNuWU8,2024-01-06 06:33:02.948000+00:00,004, ,, , 
net_yE153YwBSd_mrKXNuWU8,yE153YwBSd_mrKXNuWU8,2024-01-06 06:33:02.958000+00:00,004, ,, , 
net_1U153YwBSd_mrKXNuWU8,1U153YwBSd_mrKXNuWU8,2024-01-06 06:33:07.003000+00:00,004, ,, , 
net_1k153YwBSd_mrKXNuWU8,1k153YwBSd_mrKXNuWU8,2024-01-06 06:33:07.005000+00:00,004, ,, , 
net_2U153YwBSd_mrKXNuWU8,2U153YwBSd_mrKXNuWU8,2024-01-06 06:33:07.011000+00:00,004, ,, , 
net_GU2K3YwBSd_mrKXNQ2bt,GU2K3YwBSd_mrKXNQ2bt,2024-01-06 06:51:08.402000+00:00,004, ,, , 
net_HU2K3YwBSd_mrKXNQ2bt,HU2K3YwBSd_mrKXNQ2bt,2024-01-06 06:51:08.426000+00:00,004, ,, , 
net_H02K3YwBSd_mrKXNQ2bt,H02K3YwBSd_mrKXNQ2bt,2024-01-06 06:51:08.434000+00:00,004, ,, , 
net_IE2K3YwBSd_mrKXNQ2bt,IE2K3YwBSd_mrKXNQ2bt,2024-01-06 06:51:08.434000+00:00,004, ,, , 
net_v0143YwBSd_mrKXNb2V5,v0143YwBSd_mrKXNb2V5,2024-01-06 06:31:36.834000+00:00,004, ,, , 
net_2k153YwBSd_mrKXN82Wx,2k153YwBSd_mrKXN82Wx,2024-01-06 06:33:23.026000+00:00,004, ,, , 
net_20153YwBSd_mrKXN82Wx,20153YwBSd_mrKXN82Wx,2024-01-06 06:33:23.072000+00:00,004, ,, , 
net_E02G3YwBSd_mrKXNTGYU,E02G3YwBSd_mrKXNTGYU,2024-01-06 06:46:48.099000+00:00,004, ,, , 
net_IU2L3YwBSd_mrKXNGmaF,IU2L3YwBSd_mrKXNGmaF,2024-01-06 06:52:04.460000+00:00,004, ,, , 
net_Dk2E3YwBSd_mrKXNsWbn,Dk2E3YwBSd_mrKXNsWbn,2024-01-06 06:45:07.981000+00:00,004, ,, , 
net_KE2P3YwBSd_mrKXNYWaz,KE2P3YwBSd_mrKXNYWaz,2024-01-06 06:56:43.660000+00:00,000, ,, , 
net_Qk2V3YwBSd_mrKXNVGaK,Qk2V3YwBSd_mrKXNVGaK,2024-01-06 07:03:09.410000+00:00,004, ,, , 
net_Q02V3YwBSd_mrKXNVGaK,Q02V3YwBSd_mrKXNVGaK,2024-01-06 07:03:09.412000+00:00,004, ,, , 
net_RU2V3YwBSd_mrKXNVGaK,RU2V3YwBSd_mrKXNVGaK,2024-01-06 07:03:09.416000+00:00,004, ,, , 
net_Rk2V3YwBSd_mrKXNVGaL,Rk2V3YwBSd_mrKXNVGaL,2024-01-06 07:03:09.419000+00:00,004, ,, , 
net_R02V3YwBSd_mrKXNVGaL,R02V3YwBSd_mrKXNVGaL,2024-01-06 07:03:09.423000+00:00,004, ,, , 
net_W02X3YwBSd_mrKXNzWa9,W02X3YwBSd_mrKXNzWa9,2024-01-06 07:05:59.704000+00:00,004, ,, , 
net_XU2X3YwBSd_mrKXNzWa9,XU2X3YwBSd_mrKXNzWa9,2024-01-06 07:05:59.709000+00:00,004, ,, , 
net_Y02a3YwBSd_mrKXNtWbS,Y02a3YwBSd_mrKXNtWbS,2024-01-06 07:09:10.278000+00:00,004, ,, , 
net_ZE2a3YwBSd_mrKXNtWbS,ZE2a3YwBSd_mrKXNtWbS,2024-01-06 07:09:10.277000+00:00,004, ,, , 
net_Uk2X3YwBSd_mrKXNs2Z5,Uk2X3YwBSd_mrKXNs2Z5,2024-01-06 07:05:53.652000+00:00,004, ,, , 
net_V02X3YwBSd_mrKXNwmaF,V02X3YwBSd_mrKXNwmaF,2024-01-06 07:05:57.636000+00:00,004, ,, , 
net_Lk2P3YwBSd_mrKXNtmau,Lk2P3YwBSd_mrKXNtmau,2024-01-06 06:57:09.451000+00:00,004, ,, , 
net_Nk2R3YwBSd_mrKXNaGZX,Nk2R3YwBSd_mrKXNaGZX,2024-01-06 06:59:01.014000+00:00,004, ,, , 
net_ak2a3YwBSd_mrKXNwWbF,ak2a3YwBSd_mrKXNwWbF,2024-01-06 07:09:14.278000+00:00,004, ,, , 
net_PU2U3YwBSd_mrKXNsWZE,PU2U3YwBSd_mrKXNsWZE,2024-01-06 07:02:30.915000+00:00,000, ,, , 
net_Pk2U3YwBSd_mrKXNsWZE,Pk2U3YwBSd_mrKXNsWZE,2024-01-06 07:02:30.916000+00:00,000, ,, , 
net_P02U3YwBSd_mrKXNsWZE,P02U3YwBSd_mrKXNsWZE,2024-01-06 07:02:32.619000+00:00,000, ,, , 
net_Xk2a3YwBSd_mrKXNLWbR,Xk2a3YwBSd_mrKXNLWbR,2024-01-06 07:08:33.802000+00:00,000, ,, , 
net_bE2b3YwBSd_mrKXNAGZl,bE2b3YwBSd_mrKXNAGZl,2024-01-06 07:09:30.302000+00:00,004, ,, , 
net_bU2b3YwBSd_mrKXNAGZl,bU2b3YwBSd_mrKXNAGZl,2024-01-06 07:09:30.301000+00:00,004, ,, , 
net_cE2b3YwBSd_mrKXNAGZl,cE2b3YwBSd_mrKXNAGZl,2024-01-06 07:09:30.310000+00:00,004, ,, , 
net_ck2b3YwBSd_mrKXNAGZl,ck2b3YwBSd_mrKXNAGZl,2024-01-06 07:09:30.316000+00:00,004, ,, , 
net_c02b3YwBSd_mrKXNBGZW,c02b3YwBSd_mrKXNBGZW,2024-01-06 07:09:30.316000+00:00,004, ,, , 
net_dE2b3YwBSd_mrKXNBGZW,dE2b3YwBSd_mrKXNBGZW,2024-01-06 07:09:32.301000+00:00,004, ,, , 
net_uk2i3YwBSd_mrKXNQWYI,uk2i3YwBSd_mrKXNQWYI,2024-01-06 07:17:20.956000+00:00,004, ,, , 
net_u02i3YwBSd_mrKXNQWYI,u02i3YwBSd_mrKXNQWYI,2024-01-06 07:17:20.957000+00:00,004, ,, , 
net_vE2i3YwBSd_mrKXNQWYI,vE2i3YwBSd_mrKXNQWYI,2024-01-06 07:17:21+00:00,004, ,, , 
net_sk2h3YwBSd_mrKXN6mbg,sk2h3YwBSd_mrKXN6mbg,2024-01-06 07:16:58.926000+00:00,004, ,, , 
net_tE2h3YwBSd_mrKXN6mbg,tE2h3YwBSd_mrKXN6mbg,2024-01-06 07:16:58.972000+00:00,004, ,, , 
net_ek2b3YwBSd_mrKXNvGZL,ek2b3YwBSd_mrKXNvGZL,2024-01-06 07:10:16.344000+00:00,004, ,, , 
net_e02b3YwBSd_mrKXNvGZL,e02b3YwBSd_mrKXNvGZL,2024-01-06 07:10:16.345000+00:00,004, ,, , 
net_gE2b3YwBSd_mrKXNvGZL,gE2b3YwBSd_mrKXNvGZL,2024-01-06 07:10:16.355000+00:00,004, ,, , 
net_m02g3YwBSd_mrKXNUGaE,m02g3YwBSd_mrKXNUGaE,2024-01-06 07:15:10.819000+00:00,004, ,, , 
net_nE2g3YwBSd_mrKXNUGaE,nE2g3YwBSd_mrKXNUGaE,2024-01-06 07:15:10.819000+00:00,004, ,, , 
net_nk2g3YwBSd_mrKXNUGaE,nk2g3YwBSd_mrKXNUGaE,2024-01-06 07:15:10.841000+00:00,004, ,, , 
net_ok2g3YwBSd_mrKXNUGaE,ok2g3YwBSd_mrKXNUGaE,2024-01-06 07:15:10.907000+00:00,004, ,, , 
net_jE2e3YwBSd_mrKXNb2by,jE2e3YwBSd_mrKXNb2by,2024-01-06 07:13:08.564000+00:00,004, ,, , 
net_t02i3YwBSd_mrKXNBmZO,t02i3YwBSd_mrKXNBmZO,2024-01-06 07:17:08.953000+00:00,004, ,, , 
net_qk2h3YwBSd_mrKXNZWbP,qk2h3YwBSd_mrKXNZWbP,2024-01-06 07:16:20.896000+00:00,004, ,, , 
net_q02h3YwBSd_mrKXNZWbP,q02h3YwBSd_mrKXNZWbP,2024-01-06 07:16:20.896000+00:00,004, ,, , 
net_pU2g3YwBSd_mrKXNVGZW,pU2g3YwBSd_mrKXNVGZW,2024-01-06 07:15:18.851000+00:00,004, ,, , 
net_SU1t3YwBSd_mrKXNEWDp,SU1t3YwBSd_mrKXNEWDp,2024-01-06 06:04:02.828000+00:00,004, ,, , 
net_Sk1t3YwBSd_mrKXNEWDp,Sk1t3YwBSd_mrKXNEWDp,2024-01-06 06:04:02.828000+00:00,004, ,, , 
net_Tk1t3YwBSd_mrKXNEWDp,Tk1t3YwBSd_mrKXNEWDp,2024-01-06 06:04:02.836000+00:00,004, ,, , 
net_UE1t3YwBSd_mrKXNEWDp,UE1t3YwBSd_mrKXNEWDp,2024-01-06 06:04:02.841000+00:00,004, ,, , 
net_UU1t3YwBSd_mrKXNEWDp,UU1t3YwBSd_mrKXNEWDp,2024-01-06 06:04:02.841000+00:00,004, ,, , 
net_VU1t3YwBSd_mrKXNEWDp,VU1t3YwBSd_mrKXNEWDp,2024-01-06 06:04:02.855000+00:00,004, ,, , 
net_Vk1t3YwBSd_mrKXNEWDp,Vk1t3YwBSd_mrKXNEWDp,2024-01-06 06:04:02.855000+00:00,004, ,, , 
net_V01t3YwBSd_mrKXNEWDp,V01t3YwBSd_mrKXNEWDp,2024-01-06 06:04:02.856000+00:00,004, ,, , 
net_XE1t3YwBSd_mrKXNEWDp,XE1t3YwBSd_mrKXNEWDp,2024-01-06 06:04:02.872000+00:00,004, ,, , 
net_ak1t3YwBSd_mrKXNEWDp,ak1t3YwBSd_mrKXNEWDp,2024-01-06 06:04:04.797000+00:00,004, ,, , 
net_bE1t3YwBSd_mrKXNEWDp,bE1t3YwBSd_mrKXNEWDp,2024-01-06 06:04:04.799000+00:00,004, ,, , 
net_bU1t3YwBSd_mrKXNEWDp,bU1t3YwBSd_mrKXNEWDp,2024-01-06 06:04:04.801000+00:00,004, ,, , 
net_cE1t3YwBSd_mrKXNEWDp,cE1t3YwBSd_mrKXNEWDp,2024-01-06 06:04:04.808000+00:00,004, ,, , 
net_cU1t3YwBSd_mrKXNEWDp,cU1t3YwBSd_mrKXNEWDp,2024-01-06 06:04:04.837000+00:00,004, ,, , 
net_ck1t3YwBSd_mrKXNEWDp,ck1t3YwBSd_mrKXNEWDp,2024-01-06 06:04:04.837000+00:00,004, ,, , 
net_dE1t3YwBSd_mrKXNEWDp,dE1t3YwBSd_mrKXNEWDp,2024-01-06 06:04:04.842000+00:00,004, ,, , 
net_eE1t3YwBSd_mrKXNEmBn,eE1t3YwBSd_mrKXNEmBn,2024-01-06 06:04:04.857000+00:00,004, ,, , 
net_eU1t3YwBSd_mrKXNEmBn,eU1t3YwBSd_mrKXNEmBn,2024-01-06 06:04:04.857000+00:00,004, ,, , 
net_ek1t3YwBSd_mrKXNEmBn,ek1t3YwBSd_mrKXNEmBn,2024-01-06 06:04:04.858000+00:00,004, ,, , 
net_fU1t3YwBSd_mrKXNEmBn,fU1t3YwBSd_mrKXNEmBn,2024-01-06 06:04:04.863000+00:00,004, ,, , 
net_f01t3YwBSd_mrKXNEmBn,f01t3YwBSd_mrKXNEmBn,2024-01-06 06:04:04.864000+00:00,004, ,, , 
net_gU1t3YwBSd_mrKXNEmBn,gU1t3YwBSd_mrKXNEmBn,2024-01-06 06:04:04.869000+00:00,004, ,, , 
net_hE1t3YwBSd_mrKXNEmBn,hE1t3YwBSd_mrKXNEmBn,2024-01-06 06:04:04.879000+00:00,004, ,, , 
net_i01t3YwBSd_mrKXNEmBn,i01t3YwBSd_mrKXNEmBn,2024-01-06 06:04:04.898000+00:00,004, ,, , 
net_j01t3YwBSd_mrKXNEmBn,j01t3YwBSd_mrKXNEmBn,2024-01-06 06:04:04.921000+00:00,004, ,, , 
net_kk1t3YwBSd_mrKXNEmBn,kk1t3YwBSd_mrKXNEmBn,2024-01-06 06:04:05.029000+00:00,004, ,, , 
net_k01t3YwBSd_mrKXNEmBn,k01t3YwBSd_mrKXNEmBn,2024-01-06 06:04:05.029000+00:00,004, ,, , 
net_lk1t3YwBSd_mrKXNEmBn,lk1t3YwBSd_mrKXNEmBn,2024-01-06 06:04:05.031000+00:00,004, ,, , 
net_l01t3YwBSd_mrKXNEmBn,l01t3YwBSd_mrKXNEmBn,2024-01-06 06:04:05.031000+00:00,004, ,, , 
net_mE1t3YwBSd_mrKXNEmBn,mE1t3YwBSd_mrKXNEmBn,2024-01-06 06:04:06.803000+00:00,004, ,, , 
net_m01t3YwBSd_mrKXNEmBn,m01t3YwBSd_mrKXNEmBn,2024-01-06 06:04:06.809000+00:00,004, ,, , 
net_n01t3YwBSd_mrKXNEmBn,n01t3YwBSd_mrKXNEmBn,2024-01-06 06:04:06.816000+00:00,004, ,, , 
net_oE1t3YwBSd_mrKXNEmBn,oE1t3YwBSd_mrKXNEmBn,2024-01-06 06:04:06.829000+00:00,004, ,, , 
net_o01t3YwBSd_mrKXNEmBn,o01t3YwBSd_mrKXNEmBn,2024-01-06 06:04:06.845000+00:00,004, ,, , 
net_pk1t3YwBSd_mrKXNEmBn,pk1t3YwBSd_mrKXNEmBn,2024-01-06 06:04:06.852000+00:00,004, ,, , 
net_qE1t3YwBSd_mrKXNE2AP,qE1t3YwBSd_mrKXNE2AP,2024-01-06 06:04:06.852000+00:00,004, ,, , 
net_q01t3YwBSd_mrKXNE2AP,q01t3YwBSd_mrKXNE2AP,2024-01-06 06:04:06.858000+00:00,004, ,, , 
net_rE1t3YwBSd_mrKXNE2AP,rE1t3YwBSd_mrKXNE2AP,2024-01-06 06:04:06.865000+00:00,004, ,, , 
net_rU1t3YwBSd_mrKXNE2AP,rU1t3YwBSd_mrKXNE2AP,2024-01-06 06:04:06.866000+00:00,004, ,, , 
net_r01t3YwBSd_mrKXNE2AP,r01t3YwBSd_mrKXNE2AP,2024-01-06 06:04:06.871000+00:00,004, ,, , 
net_sU1t3YwBSd_mrKXNE2AP,sU1t3YwBSd_mrKXNE2AP,2024-01-06 06:04:06.872000+00:00,004, ,, , 
net_sk1t3YwBSd_mrKXNE2AP,sk1t3YwBSd_mrKXNE2AP,2024-01-06 06:04:06.878000+00:00,004, ,, , 
net_t01t3YwBSd_mrKXNE2AQ,t01t3YwBSd_mrKXNE2AQ,2024-01-06 06:04:06.897000+00:00,004, ,, , 
net_uk1t3YwBSd_mrKXNE2AQ,uk1t3YwBSd_mrKXNE2AQ,2024-01-06 06:04:06.903000+00:00,004, ,, , 
net_u01t3YwBSd_mrKXNE2AQ,u01t3YwBSd_mrKXNE2AQ,2024-01-06 06:04:06.910000+00:00,004, ,, , 
net_vE1t3YwBSd_mrKXNE2AQ,vE1t3YwBSd_mrKXNE2AQ,2024-01-06 06:04:06.910000+00:00,004, ,, , 
net_vU1t3YwBSd_mrKXNE2AQ,vU1t3YwBSd_mrKXNE2AQ,2024-01-06 06:04:06.910000+00:00,004, ,, , 
net_vk1t3YwBSd_mrKXNE2AQ,vk1t3YwBSd_mrKXNE2AQ,2024-01-06 06:04:06.918000+00:00,004, ,, , 
net_v01t3YwBSd_mrKXNE2AQ,v01t3YwBSd_mrKXNE2AQ,2024-01-06 06:04:06.918000+00:00,004, ,, , 
net_wE1t3YwBSd_mrKXNE2AQ,wE1t3YwBSd_mrKXNE2AQ,2024-01-06 06:04:07.013000+00:00,004, ,, , 
net_zE1t3YwBSd_mrKXNE2AQ,zE1t3YwBSd_mrKXNE2AQ,2024-01-06 06:04:08.814000+00:00,004, ,, , 
net_zU1t3YwBSd_mrKXNE2AQ,zU1t3YwBSd_mrKXNE2AQ,2024-01-06 06:04:08.817000+00:00,004, ,, , 
net_1k1t3YwBSd_mrKXNE2AQ,1k1t3YwBSd_mrKXNE2AQ,2024-01-06 06:04:08.837000+00:00,004, ,, , 
net_201t3YwBSd_mrKXNE2Cd,201t3YwBSd_mrKXNE2Cd,2024-01-06 06:04:08.848000+00:00,004, ,, , 
net_3E1t3YwBSd_mrKXNE2Cd,3E1t3YwBSd_mrKXNE2Cd,2024-01-06 06:04:08.851000+00:00,004, ,, , 
net_3k1t3YwBSd_mrKXNE2Cd,3k1t3YwBSd_mrKXNE2Cd,2024-01-06 06:04:08.858000+00:00,004, ,, , 
net_301t3YwBSd_mrKXNE2Cd,301t3YwBSd_mrKXNE2Cd,2024-01-06 06:04:08.863000+00:00,004, ,, , 
net_4k1t3YwBSd_mrKXNE2Cd,4k1t3YwBSd_mrKXNE2Cd,2024-01-06 06:04:08.867000+00:00,004, ,, , 
net_5E1t3YwBSd_mrKXNE2Cd,5E1t3YwBSd_mrKXNE2Cd,2024-01-06 06:04:08.872000+00:00,004, ,, , 
net_5U1t3YwBSd_mrKXNE2Cd,5U1t3YwBSd_mrKXNE2Cd,2024-01-06 06:04:08.874000+00:00,004, ,, , 
net_501t3YwBSd_mrKXNE2Cd,501t3YwBSd_mrKXNE2Cd,2024-01-06 06:04:08.878000+00:00,004, ,, , 
net_6E1t3YwBSd_mrKXNE2Cd,6E1t3YwBSd_mrKXNE2Cd,2024-01-06 06:04:08.881000+00:00,004, ,, , 
net_6U1t3YwBSd_mrKXNE2Cd,6U1t3YwBSd_mrKXNE2Cd,2024-01-06 06:04:08.882000+00:00,004, ,, , 
net_6k1t3YwBSd_mrKXNE2Cd,6k1t3YwBSd_mrKXNE2Cd,2024-01-06 06:04:08.885000+00:00,004, ,, , 
net_7E1t3YwBSd_mrKXNE2Cd,7E1t3YwBSd_mrKXNE2Cd,2024-01-06 06:04:09.003000+00:00,004, ,, , 
net_8E1t3YwBSd_mrKXNE2Cd,8E1t3YwBSd_mrKXNE2Cd,2024-01-06 06:04:09.050000+00:00,004, ,, , 
net_9U1t3YwBSd_mrKXNE2Cd,9U1t3YwBSd_mrKXNE2Cd,2024-01-06 06:04:10.822000+00:00,004, ,, , 
net_'-U1t3YwBSd_mrKXNE2Cd,'-U1t3YwBSd_mrKXNE2Cd,2024-01-06 06:04:10.834000+00:00,004, ,, , 
net_'-k1t3YwBSd_mrKXNE2Cd,'-k1t3YwBSd_mrKXNE2Cd,2024-01-06 06:04:10.834000+00:00,004, ,, , 
net_AU1t3YwBSd_mrKXNE2Gd,AU1t3YwBSd_mrKXNE2Gd,2024-01-06 06:04:10.847000+00:00,004, ,, , 
net_A01t3YwBSd_mrKXNE2Gd,A01t3YwBSd_mrKXNE2Gd,2024-01-06 06:04:10.853000+00:00,004, ,, , 
net_Bk1t3YwBSd_mrKXNE2Gd,Bk1t3YwBSd_mrKXNE2Gd,2024-01-06 06:04:10.860000+00:00,004, ,, , 
net_B01t3YwBSd_mrKXNE2Gd,B01t3YwBSd_mrKXNE2Gd,2024-01-06 06:04:10.860000+00:00,004, ,, , 
net_Fk1t3YwBSd_mrKXNFGEL,Fk1t3YwBSd_mrKXNFGEL,2024-01-06 06:04:10.896000+00:00,004, ,, , 
net_GE1t3YwBSd_mrKXNFGEL,GE1t3YwBSd_mrKXNFGEL,2024-01-06 06:04:10.902000+00:00,004, ,, , 
net_Gk1t3YwBSd_mrKXNFGEL,Gk1t3YwBSd_mrKXNFGEL,2024-01-06 06:04:10.946000+00:00,004, ,, , 
net_HU1t3YwBSd_mrKXNFGEL,HU1t3YwBSd_mrKXNFGEL,2024-01-06 06:04:11.008000+00:00,004, ,, , 
net_I01t3YwBSd_mrKXNFGEL,I01t3YwBSd_mrKXNFGEL,2024-01-06 06:04:12.846000+00:00,004, ,, , 
net_K01t3YwBSd_mrKXNFGEL,K01t3YwBSd_mrKXNFGEL,2024-01-06 06:04:12.848000+00:00,004, ,, , 
net_Mk1t3YwBSd_mrKXNFGEL,Mk1t3YwBSd_mrKXNFGEL,2024-01-06 06:04:12.860000+00:00,004, ,, , 
net_NU1t3YwBSd_mrKXNFGEL,NU1t3YwBSd_mrKXNFGEL,2024-01-06 06:04:12.863000+00:00,004, ,, , 
net_PU1t3YwBSd_mrKXNFGEL,PU1t3YwBSd_mrKXNFGEL,2024-01-06 06:04:12.882000+00:00,004, ,, , 
net_Pk1t3YwBSd_mrKXNFGGD,Pk1t3YwBSd_mrKXNFGGD,2024-01-06 06:04:12.882000+00:00,004, ,, , 
net_RE1t3YwBSd_mrKXNFGGD,RE1t3YwBSd_mrKXNFGGD,2024-01-06 06:04:12.895000+00:00,004, ,, , 
net_R01t3YwBSd_mrKXNFGGD,R01t3YwBSd_mrKXNFGGD,2024-01-06 06:04:12.902000+00:00,004, ,, , 
net_SE1t3YwBSd_mrKXNFGGD,SE1t3YwBSd_mrKXNFGGD,2024-01-06 06:04:12.950000+00:00,004, ,, , 
net_Sk1t3YwBSd_mrKXNFGGD,Sk1t3YwBSd_mrKXNFGGD,2024-01-06 06:04:13.046000+00:00,004, ,, , 
net_S01t3YwBSd_mrKXNFGGD,S01t3YwBSd_mrKXNFGGD,2024-01-06 06:04:13.050000+00:00,004, ,, , 
net_TE1t3YwBSd_mrKXNFGGD,TE1t3YwBSd_mrKXNFGGD,2024-01-06 06:04:13.050000+00:00,004, ,, , 
net_TU1t3YwBSd_mrKXNFGGD,TU1t3YwBSd_mrKXNFGGD,2024-01-06 06:04:13.050000+00:00,004, ,, , 
net_T01t3YwBSd_mrKXNFGGD,T01t3YwBSd_mrKXNFGGD,2024-01-06 06:04:14.824000+00:00,004, ,, , 
net_Uk1t3YwBSd_mrKXNFGGD,Uk1t3YwBSd_mrKXNFGGD,2024-01-06 06:04:14.828000+00:00,004, ,, , 
net_VE1t3YwBSd_mrKXNFGGD,VE1t3YwBSd_mrKXNFGGD,2024-01-06 06:04:14.832000+00:00,004, ,, , 
net_Vk1t3YwBSd_mrKXNFGGD,Vk1t3YwBSd_mrKXNFGGD,2024-01-06 06:04:14.836000+00:00,004, ,, , 
net_WE1t3YwBSd_mrKXNFGGD,WE1t3YwBSd_mrKXNFGGD,2024-01-06 06:04:14.841000+00:00,004, ,, , 
net_ZU1t3YwBSd_mrKXNFGGD,ZU1t3YwBSd_mrKXNFGGD,2024-01-06 06:04:14.869000+00:00,004, ,, , 
net_Zk1t3YwBSd_mrKXNFGGD,Zk1t3YwBSd_mrKXNFGGD,2024-01-06 06:04:14.871000+00:00,004, ,, , 
net_Z01t3YwBSd_mrKXNFGGD,Z01t3YwBSd_mrKXNFGGD,2024-01-06 06:04:14.873000+00:00,004, ,, , 
net_ak1t3YwBSd_mrKXNFGGD,ak1t3YwBSd_mrKXNFGGD,2024-01-06 06:04:14.880000+00:00,004, ,, , 
net_dE1t3YwBSd_mrKXNFWEQ,dE1t3YwBSd_mrKXNFWEQ,2024-01-06 06:04:14.905000+00:00,004, ,, , 
net_ek1t3YwBSd_mrKXNFWEQ,ek1t3YwBSd_mrKXNFWEQ,2024-01-06 06:04:15.015000+00:00,004, ,, , 
net_e01t3YwBSd_mrKXNFWEQ,e01t3YwBSd_mrKXNFWEQ,2024-01-06 06:04:15.018000+00:00,004, ,, , 
net_gE1t3YwBSd_mrKXNFWER,gE1t3YwBSd_mrKXNFWER,2024-01-06 06:04:16.829000+00:00,004, ,, , 
net_gU1t3YwBSd_mrKXNFWER,gU1t3YwBSd_mrKXNFWER,2024-01-06 06:04:16.830000+00:00,004, ,, , 
net_gk1t3YwBSd_mrKXNFWER,gk1t3YwBSd_mrKXNFWER,2024-01-06 06:04:16.833000+00:00,004, ,, , 
net_iU1t3YwBSd_mrKXNFWER,iU1t3YwBSd_mrKXNFWER,2024-01-06 06:04:16.850000+00:00,004, ,, , 
net_jk1t3YwBSd_mrKXNFWER,jk1t3YwBSd_mrKXNFWER,2024-01-06 06:04:16.858000+00:00,004, ,, , 
net_j01t3YwBSd_mrKXNFWER,j01t3YwBSd_mrKXNFWER,2024-01-06 06:04:16.865000+00:00,004, ,, , 
net_kU1t3YwBSd_mrKXNFWER,kU1t3YwBSd_mrKXNFWER,2024-01-06 06:04:16.867000+00:00,004, ,, , 
net_kk1t3YwBSd_mrKXNFWER,kk1t3YwBSd_mrKXNFWER,2024-01-06 06:04:16.868000+00:00,004, ,, , 
net_lU1t3YwBSd_mrKXNFWER,lU1t3YwBSd_mrKXNFWER,2024-01-06 06:04:16.874000+00:00,004, ,, , 
net_mE1t3YwBSd_mrKXNFWER,mE1t3YwBSd_mrKXNFWER,2024-01-06 06:04:16.880000+00:00,004, ,, , 
net_mU1t3YwBSd_mrKXNFWER,mU1t3YwBSd_mrKXNFWER,2024-01-06 06:04:16.882000+00:00,004, ,, , 
net_nU1t3YwBSd_mrKXNFWER,nU1t3YwBSd_mrKXNFWER,2024-01-06 06:04:16.891000+00:00,004, ,, , 
net_nk1t3YwBSd_mrKXNFWER,nk1t3YwBSd_mrKXNFWER,2024-01-06 06:04:16.893000+00:00,004, ,, , 
net_oE1t3YwBSd_mrKXNFWER,oE1t3YwBSd_mrKXNFWER,2024-01-06 06:04:16.897000+00:00,004, ,, , 
net_p01t3YwBSd_mrKXNFWGC,p01t3YwBSd_mrKXNFWGC,2024-01-06 06:04:18.853000+00:00,004, ,, , 
net_qU1t3YwBSd_mrKXNFWGC,qU1t3YwBSd_mrKXNFWGC,2024-01-06 06:04:18.860000+00:00,004, ,, , 
net_qk1t3YwBSd_mrKXNFWGC,qk1t3YwBSd_mrKXNFWGC,2024-01-06 06:04:18.862000+00:00,004, ,, , 
net_tE1t3YwBSd_mrKXNFWGD,tE1t3YwBSd_mrKXNFWGD,2024-01-06 06:04:18.883000+00:00,004, ,, , 
net_tk1t3YwBSd_mrKXNFWGG,tk1t3YwBSd_mrKXNFWGG,2024-01-06 06:04:18.884000+00:00,004, ,, , 
net_uE1t3YwBSd_mrKXNFWGG,uE1t3YwBSd_mrKXNFWGG,2024-01-06 06:04:18.890000+00:00,004, ,, , 
net_uU1t3YwBSd_mrKXNFWGG,uU1t3YwBSd_mrKXNFWGG,2024-01-06 06:04:18.890000+00:00,004, ,, , 
net_u01t3YwBSd_mrKXNFWGG,u01t3YwBSd_mrKXNFWGG,2024-01-06 06:04:18.896000+00:00,004, ,, , 
net_vE1t3YwBSd_mrKXNFWGG,vE1t3YwBSd_mrKXNFWGG,2024-01-06 06:04:18.897000+00:00,004, ,, , 
net_vU1t3YwBSd_mrKXNFWGG,vU1t3YwBSd_mrKXNFWGG,2024-01-06 06:04:18.903000+00:00,004, ,, , 
net_wk1t3YwBSd_mrKXNFWGG,wk1t3YwBSd_mrKXNFWGG,2024-01-06 06:04:18.910000+00:00,004, ,, , 
net_y01t3YwBSd_mrKXNFWGG,y01t3YwBSd_mrKXNFWGG,2024-01-06 06:04:19.017000+00:00,004, ,, , 
net_zE1t3YwBSd_mrKXNFWGG,zE1t3YwBSd_mrKXNFWGG,2024-01-06 06:04:19.017000+00:00,004, ,, , 
net_z01t3YwBSd_mrKXNFWGG,z01t3YwBSd_mrKXNFWGG,2024-01-06 06:04:20.839000+00:00,004, ,, , 
net_0E1t3YwBSd_mrKXNFWGG,0E1t3YwBSd_mrKXNFWGG,2024-01-06 06:04:20.839000+00:00,004, ,, , 
net_0k1t3YwBSd_mrKXNFWGG,0k1t3YwBSd_mrKXNFWGG,2024-01-06 06:04:20.845000+00:00,004, ,, , 
net_3U1t3YwBSd_mrKXNFWHt,3U1t3YwBSd_mrKXNFWHt,2024-01-06 06:04:20.875000+00:00,004, ,, , 
net_4U1t3YwBSd_mrKXNFWHt,4U1t3YwBSd_mrKXNFWHt,2024-01-06 06:04:20.888000+00:00,004, ,, , 
net_5E1t3YwBSd_mrKXNFWHt,5E1t3YwBSd_mrKXNFWHt,2024-01-06 06:04:20.889000+00:00,004, ,, , 
net_5k1t3YwBSd_mrKXNFWHt,5k1t3YwBSd_mrKXNFWHt,2024-01-06 06:04:20.902000+00:00,004, ,, , 
net_7E1t3YwBSd_mrKXNFWHt,7E1t3YwBSd_mrKXNFWHt,2024-01-06 06:04:20.909000+00:00,004, ,, , 
net_8E1t3YwBSd_mrKXNFWHt,8E1t3YwBSd_mrKXNFWHt,2024-01-06 06:04:20.915000+00:00,004, ,, , 
net_8k1t3YwBSd_mrKXNFWHt,8k1t3YwBSd_mrKXNFWHt,2024-01-06 06:04:20.922000+00:00,004, ,, , 
net_801t3YwBSd_mrKXNFWHt,801t3YwBSd_mrKXNFWHt,2024-01-06 06:04:20.922000+00:00,004, ,, , 
net_9E1t3YwBSd_mrKXNFWHt,9E1t3YwBSd_mrKXNFWHt,2024-01-06 06:04:21.015000+00:00,004, ,, , 
net_'-E1t3YwBSd_mrKXNFWHt,'-E1t3YwBSd_mrKXNFWHt,2024-01-06 06:04:22.845000+00:00,004, ,, , 
net_'-U1t3YwBSd_mrKXNFWHt,'-U1t3YwBSd_mrKXNFWHt,2024-01-06 06:04:22.846000+00:00,004, ,, , 
net_'-01t3YwBSd_mrKXNFWHt,'-01t3YwBSd_mrKXNFWHt,2024-01-06 06:04:22.848000+00:00,004, ,, , 
net__01t3YwBSd_mrKXNFWHt,_01t3YwBSd_mrKXNFWHt,2024-01-06 06:04:22.861000+00:00,004, ,, , 
net_AU1t3YwBSd_mrKXNFWLt,AU1t3YwBSd_mrKXNFWLt,2024-01-06 06:04:22.863000+00:00,004, ,, , 
net_BE1t3YwBSd_mrKXNFWLt,BE1t3YwBSd_mrKXNFWLt,2024-01-06 06:04:22.871000+00:00,004, ,, , 
net_BU1t3YwBSd_mrKXNFWLt,BU1t3YwBSd_mrKXNFWLt,2024-01-06 06:04:22.876000+00:00,004, ,, , 
net_C01t3YwBSd_mrKXNFmJf,C01t3YwBSd_mrKXNFmJf,2024-01-06 06:04:22.892000+00:00,004, ,, , 
net_DU1t3YwBSd_mrKXNFmJf,DU1t3YwBSd_mrKXNFmJf,2024-01-06 06:04:22.892000+00:00,004, ,, , 
net_Dk1t3YwBSd_mrKXNFmJf,Dk1t3YwBSd_mrKXNFmJf,2024-01-06 06:04:22.897000+00:00,004, ,, , 
net_D01t3YwBSd_mrKXNFmJf,D01t3YwBSd_mrKXNFmJf,2024-01-06 06:04:22.898000+00:00,004, ,, , 
net_HU1t3YwBSd_mrKXNFmJf,HU1t3YwBSd_mrKXNFmJf,2024-01-06 06:04:24.850000+00:00,004, ,, , 
net_H01t3YwBSd_mrKXNFmJf,H01t3YwBSd_mrKXNFmJf,2024-01-06 06:04:24.850000+00:00,004, ,, , 
net_IE1t3YwBSd_mrKXNFmJf,IE1t3YwBSd_mrKXNFmJf,2024-01-06 06:04:24.856000+00:00,004, ,, , 
net_IU1t3YwBSd_mrKXNFmJf,IU1t3YwBSd_mrKXNFmJf,2024-01-06 06:04:24.856000+00:00,004, ,, , 
net_I01t3YwBSd_mrKXNFmJf,I01t3YwBSd_mrKXNFmJf,2024-01-06 06:04:24.877000+00:00,004, ,, , 
net_KE1t3YwBSd_mrKXNFmJf,KE1t3YwBSd_mrKXNFmJf,2024-01-06 06:04:24.884000+00:00,004, ,, , 
net_KU1t3YwBSd_mrKXNFmJf,KU1t3YwBSd_mrKXNFmJf,2024-01-06 06:04:24.886000+00:00,004, ,, , 
net_LE1t3YwBSd_mrKXNFmJf,LE1t3YwBSd_mrKXNFmJf,2024-01-06 06:04:24.893000+00:00,004, ,, , 
net_L01t3YwBSd_mrKXNFmJf,L01t3YwBSd_mrKXNFmJf,2024-01-06 06:04:24.904000+00:00,004, ,, , 
net_OU1t3YwBSd_mrKXNFmLw,OU1t3YwBSd_mrKXNFmLw,2024-01-06 06:04:24.934000+00:00,004, ,, , 
net_PU1t3YwBSd_mrKXNFmLw,PU1t3YwBSd_mrKXNFmLw,2024-01-06 06:04:24.940000+00:00,004, ,, , 
net_Pk1t3YwBSd_mrKXNFmLw,Pk1t3YwBSd_mrKXNFmLw,2024-01-06 06:04:24.940000+00:00,004, ,, , 
net_QU1t3YwBSd_mrKXNFmLw,QU1t3YwBSd_mrKXNFmLw,2024-01-06 06:04:25.028000+00:00,004, ,, , 
net_RE1t3YwBSd_mrKXNFmLw,RE1t3YwBSd_mrKXNFmLw,2024-01-06 06:04:25.074000+00:00,004, ,, , 
net_Rk1t3YwBSd_mrKXNFmLw,Rk1t3YwBSd_mrKXNFmLw,2024-01-06 06:04:26.846000+00:00,004, ,, , 
net_R01t3YwBSd_mrKXNFmLw,R01t3YwBSd_mrKXNFmLw,2024-01-06 06:04:26.848000+00:00,004, ,, , 
net_S01t3YwBSd_mrKXNFmLw,S01t3YwBSd_mrKXNFmLw,2024-01-06 06:04:26.854000+00:00,004, ,, , 
net_UE1t3YwBSd_mrKXNFmLw,UE1t3YwBSd_mrKXNFmLw,2024-01-06 06:04:26.865000+00:00,004, ,, , 
net_Vk1t3YwBSd_mrKXNFmLw,Vk1t3YwBSd_mrKXNFmLw,2024-01-06 06:04:26.881000+00:00,004, ,, , 
net_V01t3YwBSd_mrKXNFmLw,V01t3YwBSd_mrKXNFmLw,2024-01-06 06:04:26.881000+00:00,004, ,, , 
net_Wk1t3YwBSd_mrKXNFmLw,Wk1t3YwBSd_mrKXNFmLw,2024-01-06 06:04:26.887000+00:00,004, ,, , 
net_XU1t3YwBSd_mrKXNFmLw,XU1t3YwBSd_mrKXNFmLw,2024-01-06 06:04:26.895000+00:00,004, ,, , 
net_X01t3YwBSd_mrKXNFmLw,X01t3YwBSd_mrKXNFmLw,2024-01-06 06:04:26.898000+00:00,004, ,, , 
net_Y01t3YwBSd_mrKXNFmLw,Y01t3YwBSd_mrKXNFmLw,2024-01-06 06:04:26.908000+00:00,004, ,, , 
net_ZE1t3YwBSd_mrKXNFmLw,ZE1t3YwBSd_mrKXNFmLw,2024-01-06 06:04:26.910000+00:00,004, ,, , 
net_ZU1t3YwBSd_mrKXNFmLw,ZU1t3YwBSd_mrKXNFmLw,2024-01-06 06:04:26.912000+00:00,004, ,, , 
net_ak1t3YwBSd_mrKXNF2Jr,ak1t3YwBSd_mrKXNF2Jr,2024-01-06 06:04:28.881000+00:00,004, ,, , 
net_b01t3YwBSd_mrKXNF2Jr,b01t3YwBSd_mrKXNF2Jr,2024-01-06 06:04:28.890000+00:00,004, ,, , 
net_ck1t3YwBSd_mrKXNF2Jr,ck1t3YwBSd_mrKXNF2Jr,2024-01-06 06:04:28.896000+00:00,004, ,, , 
net_c01t3YwBSd_mrKXNF2Jr,c01t3YwBSd_mrKXNF2Jr,2024-01-06 06:04:28.898000+00:00,004, ,, , 
net_dE1t3YwBSd_mrKXNF2Jr,dE1t3YwBSd_mrKXNF2Jr,2024-01-06 06:04:28.900000+00:00,004, ,, , 
net_dU1t3YwBSd_mrKXNF2Jr,dU1t3YwBSd_mrKXNF2Jr,2024-01-06 06:04:28.902000+00:00,004, ,, , 
net_dk1t3YwBSd_mrKXNF2Jr,dk1t3YwBSd_mrKXNF2Jr,2024-01-06 06:04:28.905000+00:00,004, ,, , 
net_d01t3YwBSd_mrKXNF2Jr,d01t3YwBSd_mrKXNF2Jr,2024-01-06 06:04:28.907000+00:00,004, ,, , 
net_f01t3YwBSd_mrKXNF2Jr,f01t3YwBSd_mrKXNF2Jr,2024-01-06 06:04:28.924000+00:00,004, ,, , 
net_gk1t3YwBSd_mrKXNF2Jr,gk1t3YwBSd_mrKXNF2Jr,2024-01-06 06:04:28.932000+00:00,004, ,, , 
net_hk1t3YwBSd_mrKXNF2Jr,hk1t3YwBSd_mrKXNF2Jr,2024-01-06 06:04:28.940000+00:00,004, ,, , 
net_jE1t3YwBSd_mrKXNF2Jr,jE1t3YwBSd_mrKXNF2Jr,2024-01-06 06:04:29.078000+00:00,004, ,, , 
net_jU1t3YwBSd_mrKXNF2Jr,jU1t3YwBSd_mrKXNF2Jr,2024-01-06 06:04:29.078000+00:00,004, ,, , 
net_kk1t3YwBSd_mrKXNF2Jr,kk1t3YwBSd_mrKXNF2Jr,2024-01-06 06:04:30.858000+00:00,004, ,, , 
net_mk1t3YwBSd_mrKXNF2Jr,mk1t3YwBSd_mrKXNF2Jr,2024-01-06 06:04:30.875000+00:00,004, ,, , 
net_m01t3YwBSd_mrKXNF2Jr,m01t3YwBSd_mrKXNF2Jr,2024-01-06 06:04:30.877000+00:00,004, ,, , 
net_nE1t3YwBSd_mrKXNF2Lv,nE1t3YwBSd_mrKXNF2Lv,2024-01-06 06:04:30.880000+00:00,004, ,, , 
net_nU1t3YwBSd_mrKXNF2Lv,nU1t3YwBSd_mrKXNF2Lv,2024-01-06 06:04:30.881000+00:00,004, ,, , 
net_n01t3YwBSd_mrKXNF2Lv,n01t3YwBSd_mrKXNF2Lv,2024-01-06 06:04:30.886000+00:00,004, ,, , 
net_oE1t3YwBSd_mrKXNF2Lv,oE1t3YwBSd_mrKXNF2Lv,2024-01-06 06:04:30.888000+00:00,004, ,, , 
net_oU1t3YwBSd_mrKXNF2Lv,oU1t3YwBSd_mrKXNF2Lv,2024-01-06 06:04:30.890000+00:00,004, ,, , 
net_o01t3YwBSd_mrKXNF2Lv,o01t3YwBSd_mrKXNF2Lv,2024-01-06 06:04:30.894000+00:00,004, ,, , 
net_pE1t3YwBSd_mrKXNF2Lv,pE1t3YwBSd_mrKXNF2Lv,2024-01-06 06:04:30.897000+00:00,004, ,, , 
net_pU1t3YwBSd_mrKXNF2Lv,pU1t3YwBSd_mrKXNF2Lv,2024-01-06 06:04:30.900000+00:00,004, ,, , 
net_rE1t3YwBSd_mrKXNF2Lv,rE1t3YwBSd_mrKXNF2Lv,2024-01-06 06:04:30.914000+00:00,004, ,, , 
net_sU1t3YwBSd_mrKXNF2Lv,sU1t3YwBSd_mrKXNF2Lv,2024-01-06 06:04:31.057000+00:00,004, ,, , 
net_sk1t3YwBSd_mrKXNF2Lv,sk1t3YwBSd_mrKXNF2Lv,2024-01-06 06:04:32.866000+00:00,004, ,, , 
net_tk1t3YwBSd_mrKXNF2Lv,tk1t3YwBSd_mrKXNF2Lv,2024-01-06 06:04:32.872000+00:00,004, ,, , 
net_uE1t3YwBSd_mrKXNF2Lv,uE1t3YwBSd_mrKXNF2Lv,2024-01-06 06:04:32.876000+00:00,004, ,, , 
net_vU1t3YwBSd_mrKXNF2Lv,vU1t3YwBSd_mrKXNF2Lv,2024-01-06 06:04:32.886000+00:00,004, ,, , 
net_wE1t3YwBSd_mrKXNF2Lv,wE1t3YwBSd_mrKXNF2Lv,2024-01-06 06:04:32.893000+00:00,004, ,, , 
net_wU1t3YwBSd_mrKXNF2Lv,wU1t3YwBSd_mrKXNF2Lv,2024-01-06 06:04:32.895000+00:00,004, ,, , 
net_w01t3YwBSd_mrKXNF2Lv,w01t3YwBSd_mrKXNF2Lv,2024-01-06 06:04:32.899000+00:00,004, ,, , 
net_xk1t3YwBSd_mrKXNF2Lv,xk1t3YwBSd_mrKXNF2Lv,2024-01-06 06:04:32.905000+00:00,004, ,, , 
net_x01t3YwBSd_mrKXNF2Lv,x01t3YwBSd_mrKXNF2Lv,2024-01-06 06:04:32.907000+00:00,004, ,, , 
net_z01t3YwBSd_mrKXNGGKG,z01t3YwBSd_mrKXNGGKG,2024-01-06 06:04:32.926000+00:00,004, ,, , 
net_0E1t3YwBSd_mrKXNGGKG,0E1t3YwBSd_mrKXNGGKG,2024-01-06 06:04:32.950000+00:00,004, ,, , 
net_1U1t3YwBSd_mrKXNGGKG,1U1t3YwBSd_mrKXNGGKG,2024-01-06 06:04:32.950000+00:00,004, ,, , 
net_2k1t3YwBSd_mrKXNGGKG,2k1t3YwBSd_mrKXNGGKG,2024-01-06 06:04:34.900000+00:00,004, ,, , 
net_201t3YwBSd_mrKXNGGKG,201t3YwBSd_mrKXNGGKG,2024-01-06 06:04:34.902000+00:00,004, ,, , 
net_3k1t3YwBSd_mrKXNGGKG,3k1t3YwBSd_mrKXNGGKG,2024-01-06 06:04:34.908000+00:00,004, ,, , 
net_301t3YwBSd_mrKXNGGKG,301t3YwBSd_mrKXNGGKG,2024-01-06 06:04:34.911000+00:00,004, ,, , 
net_4E1t3YwBSd_mrKXNGGKG,4E1t3YwBSd_mrKXNGGKG,2024-01-06 06:04:34.913000+00:00,004, ,, , 
net_4U1t3YwBSd_mrKXNGGKG,4U1t3YwBSd_mrKXNGGKG,2024-01-06 06:04:34.916000+00:00,004, ,, , 
net_401t3YwBSd_mrKXNGGKG,401t3YwBSd_mrKXNGGKG,2024-01-06 06:04:34.919000+00:00,004, ,, , 
net_5E1t3YwBSd_mrKXNGGKG,5E1t3YwBSd_mrKXNGGKG,2024-01-06 06:04:34.922000+00:00,004, ,, , 
net_6E1t3YwBSd_mrKXNGGKG,6E1t3YwBSd_mrKXNGGKG,2024-01-06 06:04:34.930000+00:00,004, ,, , 
net_6k1t3YwBSd_mrKXNGGKG,6k1t3YwBSd_mrKXNGGKG,2024-01-06 06:04:34.934000+00:00,004, ,, , 
net_601t3YwBSd_mrKXNGGKG,601t3YwBSd_mrKXNGGKG,2024-01-06 06:04:34.937000+00:00,004, ,, , 
net_7U1t3YwBSd_mrKXNGGKG,7U1t3YwBSd_mrKXNGGKG,2024-01-06 06:04:34.941000+00:00,004, ,, , 
net_7k1t3YwBSd_mrKXNGGKG,7k1t3YwBSd_mrKXNGGKG,2024-01-06 06:04:34.943000+00:00,004, ,, , 
net_8U1t3YwBSd_mrKXNGGKG,8U1t3YwBSd_mrKXNGGKG,2024-01-06 06:04:35.056000+00:00,004, ,, , 
net_9U1t3YwBSd_mrKXNGGKG,9U1t3YwBSd_mrKXNGGKG,2024-01-06 06:04:36.886000+00:00,004, ,, , 
net_9k1t3YwBSd_mrKXNGGKG,9k1t3YwBSd_mrKXNGGKG,2024-01-06 06:04:36.888000+00:00,004, ,, , 
net_'-E1t3YwBSd_mrKXNGGKG,'-E1t3YwBSd_mrKXNGGKG,2024-01-06 06:04:36.892000+00:00,004, ,, , 
net_'-01t3YwBSd_mrKXNGGKG,'-01t3YwBSd_mrKXNGGKG,2024-01-06 06:04:36.899000+00:00,004, ,, , 
net__U1t3YwBSd_mrKXNGGKG,_U1t3YwBSd_mrKXNGGKG,2024-01-06 06:04:36.903000+00:00,004, ,, , 
net__01t3YwBSd_mrKXNGWIC,_01t3YwBSd_mrKXNGWIC,2024-01-06 06:04:36.907000+00:00,004, ,, , 
net_AE1t3YwBSd_mrKXNGWMC,AE1t3YwBSd_mrKXNGWMC,2024-01-06 06:04:36.909000+00:00,004, ,, , 
net_BE1t3YwBSd_mrKXNGWMC,BE1t3YwBSd_mrKXNGWMC,2024-01-06 06:04:36.918000+00:00,004, ,, , 
net_Bk1t3YwBSd_mrKXNGWMC,Bk1t3YwBSd_mrKXNGWMC,2024-01-06 06:04:36.922000+00:00,004, ,, , 
net_FE1t3YwBSd_mrKXNGWMC,FE1t3YwBSd_mrKXNGWMC,2024-01-06 06:04:38.890000+00:00,004, ,, , 
net_H01t3YwBSd_mrKXNGWMD,H01t3YwBSd_mrKXNGWMD,2024-01-06 06:04:38.919000+00:00,004, ,, , 
net_IE1t3YwBSd_mrKXNGWMD,IE1t3YwBSd_mrKXNGWMD,2024-01-06 06:04:38.921000+00:00,004, ,, , 
net_JE1t3YwBSd_mrKXNGWMD,JE1t3YwBSd_mrKXNGWMD,2024-01-06 06:04:38.924000+00:00,004, ,, , 
net_JU1t3YwBSd_mrKXNGWMD,JU1t3YwBSd_mrKXNGWMD,2024-01-06 06:04:38.926000+00:00,004, ,, , 
net_Jk1t3YwBSd_mrKXNGWMD,Jk1t3YwBSd_mrKXNGWMD,2024-01-06 06:04:38.932000+00:00,004, ,, , 
net_J01t3YwBSd_mrKXNGWMD,J01t3YwBSd_mrKXNGWMD,2024-01-06 06:04:38.933000+00:00,004, ,, , 
net_KE1t3YwBSd_mrKXNGWMD,KE1t3YwBSd_mrKXNGWMD,2024-01-06 06:04:38.935000+00:00,004, ,, , 
net_Kk1t3YwBSd_mrKXNGWMD,Kk1t3YwBSd_mrKXNGWMD,2024-01-06 06:04:38.960000+00:00,004, ,, , 
net_K01t3YwBSd_mrKXNGWMD,K01t3YwBSd_mrKXNGWMD,2024-01-06 06:04:38.962000+00:00,004, ,, , 
net_NE1t3YwBSd_mrKXNGWN9,NE1t3YwBSd_mrKXNGWN9,2024-01-06 06:04:39.082000+00:00,004, ,, , 
net_Nk1t3YwBSd_mrKXNGWN9,Nk1t3YwBSd_mrKXNGWN9,2024-01-06 06:04:40.948000+00:00,004, ,, , 
net_N01t3YwBSd_mrKXNGWN9,N01t3YwBSd_mrKXNGWN9,2024-01-06 06:04:40.949000+00:00,004, ,, , 
net_OU1t3YwBSd_mrKXNGWN9,OU1t3YwBSd_mrKXNGWN9,2024-01-06 06:04:40.951000+00:00,004, ,, , 
net_PU1t3YwBSd_mrKXNGWN9,PU1t3YwBSd_mrKXNGWN9,2024-01-06 06:04:40.954000+00:00,004, ,, , 
net_P01t3YwBSd_mrKXNGWN9,P01t3YwBSd_mrKXNGWN9,2024-01-06 06:04:40.955000+00:00,004, ,, , 
net_RE1t3YwBSd_mrKXNGWN9,RE1t3YwBSd_mrKXNGWN9,2024-01-06 06:04:40.968000+00:00,004, ,, , 
net_RU1t3YwBSd_mrKXNGWN9,RU1t3YwBSd_mrKXNGWN9,2024-01-06 06:04:40.973000+00:00,004, ,, , 
net_SU1t3YwBSd_mrKXNGWN9,SU1t3YwBSd_mrKXNGWN9,2024-01-06 06:04:40.978000+00:00,004, ,, , 
net_S01t3YwBSd_mrKXNGWN9,S01t3YwBSd_mrKXNGWN9,2024-01-06 06:04:40.984000+00:00,004, ,, , 
net_TE1t3YwBSd_mrKXNGWN9,TE1t3YwBSd_mrKXNGWN9,2024-01-06 06:04:40.987000+00:00,004, ,, , 
net_TU1t3YwBSd_mrKXNGWN9,TU1t3YwBSd_mrKXNGWN9,2024-01-06 06:04:40.991000+00:00,004, ,, , 
net_UU1t3YwBSd_mrKXNGWN9,UU1t3YwBSd_mrKXNGWN9,2024-01-06 06:04:41.003000+00:00,004, ,, , 
net_VU1t3YwBSd_mrKXNGWN9,VU1t3YwBSd_mrKXNGWN9,2024-01-06 06:04:42.887000+00:00,004, ,, , 
net_V01t3YwBSd_mrKXNGWN9,V01t3YwBSd_mrKXNGWN9,2024-01-06 06:04:42.896000+00:00,004, ,, , 
net_WU1t3YwBSd_mrKXNGWN9,WU1t3YwBSd_mrKXNGWN9,2024-01-06 06:04:42.899000+00:00,004, ,, , 
net_ZE1t3YwBSd_mrKXNGmMM,ZE1t3YwBSd_mrKXNGmMM,2024-01-06 06:04:42.924000+00:00,004, ,, , 
net_Zk1t3YwBSd_mrKXNGmMM,Zk1t3YwBSd_mrKXNGmMM,2024-01-06 06:04:42.928000+00:00,004, ,, , 
net_aE1t3YwBSd_mrKXNGmMM,aE1t3YwBSd_mrKXNGmMM,2024-01-06 06:04:42.933000+00:00,004, ,, , 
net_aU1t3YwBSd_mrKXNGmMM,aU1t3YwBSd_mrKXNGmMM,2024-01-06 06:04:42.934000+00:00,004, ,, , 
net_a01t3YwBSd_mrKXNGmMM,a01t3YwBSd_mrKXNGmMM,2024-01-06 06:04:42.938000+00:00,004, ,, , 
net_cE1t3YwBSd_mrKXNGmMM,cE1t3YwBSd_mrKXNGmMM,2024-01-06 06:04:42.949000+00:00,004, ,, , 
net_ck1t3YwBSd_mrKXNGmMM,ck1t3YwBSd_mrKXNGmMM,2024-01-06 06:04:42.954000+00:00,004, ,, , 
net_eE1t3YwBSd_mrKXNGmMM,eE1t3YwBSd_mrKXNGmMM,2024-01-06 06:04:43.066000+00:00,004, ,, , 
net_eU1t3YwBSd_mrKXNGmMM,eU1t3YwBSd_mrKXNGmMM,2024-01-06 06:04:43.068000+00:00,004, ,, , 
net_ek1t3YwBSd_mrKXNGmMM,ek1t3YwBSd_mrKXNGmMM,2024-01-06 06:04:44.889000+00:00,004, ,, , 
net_fE1t3YwBSd_mrKXNGmMM,fE1t3YwBSd_mrKXNGmMM,2024-01-06 06:04:44.891000+00:00,004, ,, , 
net_fk1t3YwBSd_mrKXNGmMM,fk1t3YwBSd_mrKXNGmMM,2024-01-06 06:04:44.894000+00:00,004, ,, , 
net_f01t3YwBSd_mrKXNGmMM,f01t3YwBSd_mrKXNGmMM,2024-01-06 06:04:44.897000+00:00,004, ,, , 
net_gE1t3YwBSd_mrKXNGmMM,gE1t3YwBSd_mrKXNGmMM,2024-01-06 06:04:44.899000+00:00,004, ,, , 
net_gU1t3YwBSd_mrKXNGmMM,gU1t3YwBSd_mrKXNGmMM,2024-01-06 06:04:44.901000+00:00,004, ,, , 
net_hE1t3YwBSd_mrKXNGmMM,hE1t3YwBSd_mrKXNGmMM,2024-01-06 06:04:44.907000+00:00,004, ,, , 
net_hU1t3YwBSd_mrKXNGmMM,hU1t3YwBSd_mrKXNGmMM,2024-01-06 06:04:44.910000+00:00,004, ,, , 
net_iE1t3YwBSd_mrKXNGmMM,iE1t3YwBSd_mrKXNGmMM,2024-01-06 06:04:44.916000+00:00,004, ,, , 
net_jU1t3YwBSd_mrKXNGmMM,jU1t3YwBSd_mrKXNGmMM,2024-01-06 06:04:44.929000+00:00,004, ,, , 
net_lE1t3YwBSd_mrKXNGmO1,lE1t3YwBSd_mrKXNGmO1,2024-01-06 06:04:44.944000+00:00,004, ,, , 
net_l01t3YwBSd_mrKXNGmO1,l01t3YwBSd_mrKXNGmO1,2024-01-06 06:04:44.951000+00:00,004, ,, , 
net_mE1t3YwBSd_mrKXNGmO1,mE1t3YwBSd_mrKXNGmO1,2024-01-06 06:04:44.953000+00:00,004, ,, , 
net_mk1t3YwBSd_mrKXNGmO1,mk1t3YwBSd_mrKXNGmO1,2024-01-06 06:04:44.958000+00:00,004, ,, , 
net_nE1t3YwBSd_mrKXNGmO1,nE1t3YwBSd_mrKXNGmO1,2024-01-06 06:04:44.962000+00:00,004, ,, , 
net_nU1t3YwBSd_mrKXNGmO1,nU1t3YwBSd_mrKXNGmO1,2024-01-06 06:04:44.964000+00:00,004, ,, , 
net_o01t3YwBSd_mrKXNGmO1,o01t3YwBSd_mrKXNGmO1,2024-01-06 06:04:45.073000+00:00,004, ,, , 
net_pU1t3YwBSd_mrKXNGmO1,pU1t3YwBSd_mrKXNGmO1,2024-01-06 06:04:46.898000+00:00,004, ,, , 
net_p01t3YwBSd_mrKXNGmO1,p01t3YwBSd_mrKXNGmO1,2024-01-06 06:04:46.900000+00:00,004, ,, , 
net_rU1t3YwBSd_mrKXNGmO1,rU1t3YwBSd_mrKXNGmO1,2024-01-06 06:04:46.911000+00:00,004, ,, , 
net_sk1t3YwBSd_mrKXNGmO1,sk1t3YwBSd_mrKXNGmO1,2024-01-06 06:04:46.922000+00:00,004, ,, , 
net_uE1t3YwBSd_mrKXNGmO1,uE1t3YwBSd_mrKXNGmO1,2024-01-06 06:04:46.936000+00:00,004, ,, , 
net_uk1t3YwBSd_mrKXNGmO1,uk1t3YwBSd_mrKXNGmO1,2024-01-06 06:04:46.940000+00:00,004, ,, , 
net_vE1t3YwBSd_mrKXNGmO1,vE1t3YwBSd_mrKXNGmO1,2024-01-06 06:04:46.944000+00:00,004, ,, , 
net_vU1t3YwBSd_mrKXNGmO1,vU1t3YwBSd_mrKXNGmO1,2024-01-06 06:04:46.946000+00:00,004, ,, , 
net_vk1t3YwBSd_mrKXNGmO1,vk1t3YwBSd_mrKXNGmO1,2024-01-06 06:04:46.948000+00:00,004, ,, , 
net_v01t3YwBSd_mrKXNGmO1,v01t3YwBSd_mrKXNGmO1,2024-01-06 06:04:46.950000+00:00,004, ,, , 
net_wE1t3YwBSd_mrKXNGmO1,wE1t3YwBSd_mrKXNGmO1,2024-01-06 06:04:46.953000+00:00,004, ,, , 
net_wk1t3YwBSd_mrKXNGmO1,wk1t3YwBSd_mrKXNGmO1,2024-01-06 06:04:46.957000+00:00,004, ,, , 
net_w01t3YwBSd_mrKXNGmO1,w01t3YwBSd_mrKXNGmO1,2024-01-06 06:04:46.959000+00:00,004, ,, , 
net_xk1t3YwBSd_mrKXNG2Mo,xk1t3YwBSd_mrKXNG2Mo,2024-01-06 06:04:46.969000+00:00,004, ,, , 
net_zU1t3YwBSd_mrKXNG2Mo,zU1t3YwBSd_mrKXNG2Mo,2024-01-06 06:04:47.069000+00:00,004, ,, , 
net_zk1t3YwBSd_mrKXNG2Mo,zk1t3YwBSd_mrKXNG2Mo,2024-01-06 06:04:47.071000+00:00,004, ,, , 
net_0k1t3YwBSd_mrKXNG2Mo,0k1t3YwBSd_mrKXNG2Mo,2024-01-06 06:04:48.900000+00:00,004, ,, , 
net_1E1t3YwBSd_mrKXNG2Mo,1E1t3YwBSd_mrKXNG2Mo,2024-01-06 06:04:48.906000+00:00,004, ,, , 
net_1U1t3YwBSd_mrKXNG2Mo,1U1t3YwBSd_mrKXNG2Mo,2024-01-06 06:04:48.906000+00:00,004, ,, , 
net_2E1t3YwBSd_mrKXNG2Mo,2E1t3YwBSd_mrKXNG2Mo,2024-01-06 06:04:48.914000+00:00,004, ,, , 
net_2k1t3YwBSd_mrKXNG2Mp,2k1t3YwBSd_mrKXNG2Mp,2024-01-06 06:04:48.920000+00:00,004, ,, , 
net_3E1t3YwBSd_mrKXNG2Mp,3E1t3YwBSd_mrKXNG2Mp,2024-01-06 06:04:48.923000+00:00,004, ,, , 
net_401t3YwBSd_mrKXNG2Mp,401t3YwBSd_mrKXNG2Mp,2024-01-06 06:04:48.940000+00:00,004, ,, , 
net_5U1t3YwBSd_mrKXNG2Mp,5U1t3YwBSd_mrKXNG2Mp,2024-01-06 06:04:48.941000+00:00,004, ,, , 
net_5k1t3YwBSd_mrKXNG2Mp,5k1t3YwBSd_mrKXNG2Mp,2024-01-06 06:04:48.947000+00:00,004, ,, , 
net_501t3YwBSd_mrKXNG2Mp,501t3YwBSd_mrKXNG2Mp,2024-01-06 06:04:48.947000+00:00,004, ,, , 
net_6k1t3YwBSd_mrKXNG2Mp,6k1t3YwBSd_mrKXNG2Mp,2024-01-06 06:04:48.953000+00:00,004, ,, , 
net_7k1t3YwBSd_mrKXNG2Mp,7k1t3YwBSd_mrKXNG2Mp,2024-01-06 06:04:48.959000+00:00,004, ,, , 
net_701t3YwBSd_mrKXNG2Mp,701t3YwBSd_mrKXNG2Mp,2024-01-06 06:04:48.965000+00:00,004, ,, , 
net_8U1t3YwBSd_mrKXNG2Mp,8U1t3YwBSd_mrKXNG2Mp,2024-01-06 06:04:48.966000+00:00,004, ,, , 
net_801t3YwBSd_mrKXNG2Mp,801t3YwBSd_mrKXNG2Mp,2024-01-06 06:04:48.972000+00:00,004, ,, , 
net_9E1t3YwBSd_mrKXNG2Mp,9E1t3YwBSd_mrKXNG2Mp,2024-01-06 06:04:48.972000+00:00,004, ,, , 
net_9U1t3YwBSd_mrKXNG2Mp,9U1t3YwBSd_mrKXNG2Mp,2024-01-06 06:04:48.978000+00:00,004, ,, , 
net_9k1t3YwBSd_mrKXNG2Mp,9k1t3YwBSd_mrKXNG2Mp,2024-01-06 06:04:48.978000+00:00,004, ,, , 
net__k1t3YwBSd_mrKXNG2OO,_k1t3YwBSd_mrKXNG2OO,2024-01-06 06:04:50.898000+00:00,004, ,, , 
net_C01t3YwBSd_mrKXNG2SO,C01t3YwBSd_mrKXNG2SO,2024-01-06 06:04:50.928000+00:00,004, ,, , 
net_DU1t3YwBSd_mrKXNG2SO,DU1t3YwBSd_mrKXNG2SO,2024-01-06 06:04:50.931000+00:00,004, ,, , 
net_D01t3YwBSd_mrKXNG2SO,D01t3YwBSd_mrKXNG2SO,2024-01-06 06:04:50.940000+00:00,004, ,, , 
net_EU1t3YwBSd_mrKXNG2SO,EU1t3YwBSd_mrKXNG2SO,2024-01-06 06:04:50.948000+00:00,004, ,, , 
net_Ek1t3YwBSd_mrKXNG2SO,Ek1t3YwBSd_mrKXNG2SO,2024-01-06 06:04:50.950000+00:00,004, ,, , 
net_FE1t3YwBSd_mrKXNG2SO,FE1t3YwBSd_mrKXNG2SO,2024-01-06 06:04:50.950000+00:00,004, ,, , 
net_FU1t3YwBSd_mrKXNG2SO,FU1t3YwBSd_mrKXNG2SO,2024-01-06 06:04:50.950000+00:00,004, ,, , 
net_Fk1t3YwBSd_mrKXNG2SO,Fk1t3YwBSd_mrKXNG2SO,2024-01-06 06:04:50.951000+00:00,004, ,, , 
net_GU1t3YwBSd_mrKXNG2SO,GU1t3YwBSd_mrKXNG2SO,2024-01-06 06:04:50.957000+00:00,004, ,, , 
net_HU1t3YwBSd_mrKXNG2SO,HU1t3YwBSd_mrKXNG2SO,2024-01-06 06:04:50.965000+00:00,004, ,, , 
net_Hk1t3YwBSd_mrKXNG2SO,Hk1t3YwBSd_mrKXNG2SO,2024-01-06 06:04:50.968000+00:00,004, ,, , 
net_Ik1t3YwBSd_mrKXNG2SO,Ik1t3YwBSd_mrKXNG2SO,2024-01-06 06:04:51.078000+00:00,004, ,, , 
net_JU1t3YwBSd_mrKXNG2SO,JU1t3YwBSd_mrKXNG2SO,2024-01-06 06:04:52.905000+00:00,004, ,, , 
net_Jk1t3YwBSd_mrKXNG2SO,Jk1t3YwBSd_mrKXNG2SO,2024-01-06 06:04:52.907000+00:00,004, ,, , 
net_J01t3YwBSd_mrKXNG2SO,J01t3YwBSd_mrKXNG2SO,2024-01-06 06:04:52.909000+00:00,004, ,, , 
net_KE1t3YwBSd_mrKXNG2SO,KE1t3YwBSd_mrKXNG2SO,2024-01-06 06:04:52.911000+00:00,004, ,, , 
net_LU1t3YwBSd_mrKXNG2T3,LU1t3YwBSd_mrKXNG2T3,2024-01-06 06:04:52.953000+00:00,004, ,, , 
net_Mk1t3YwBSd_mrKXNG2T3,Mk1t3YwBSd_mrKXNG2T3,2024-01-06 06:04:52.959000+00:00,004, ,, , 
net_M01t3YwBSd_mrKXNG2T3,M01t3YwBSd_mrKXNG2T3,2024-01-06 06:04:52.961000+00:00,004, ,, , 
net_Ok1t3YwBSd_mrKXNG2T3,Ok1t3YwBSd_mrKXNG2T3,2024-01-06 06:04:52.978000+00:00,004, ,, , 
net_PU1t3YwBSd_mrKXNG2T3,PU1t3YwBSd_mrKXNG2T3,2024-01-06 06:04:52.985000+00:00,004, ,, , 
net_RE1t3YwBSd_mrKXNG2T3,RE1t3YwBSd_mrKXNG2T3,2024-01-06 06:04:52.999000+00:00,004, ,, , 
net_RU1t3YwBSd_mrKXNG2T3,RU1t3YwBSd_mrKXNG2T3,2024-01-06 06:04:53.001000+00:00,004, ,, , 
net_R01t3YwBSd_mrKXNG2T3,R01t3YwBSd_mrKXNG2T3,2024-01-06 06:04:53.076000+00:00,004, ,, , 
net_SE1t3YwBSd_mrKXNG2T3,SE1t3YwBSd_mrKXNG2T3,2024-01-06 06:04:53.076000+00:00,004, ,, , 
net_Tk1t3YwBSd_mrKXNG2T3,Tk1t3YwBSd_mrKXNG2T3,2024-01-06 06:04:54.916000+00:00,004, ,, , 
net_T01t3YwBSd_mrKXNG2T3,T01t3YwBSd_mrKXNG2T3,2024-01-06 06:04:54.919000+00:00,004, ,, , 
net_UE1t3YwBSd_mrKXNG2T3,UE1t3YwBSd_mrKXNG2T3,2024-01-06 06:04:54.924000+00:00,004, ,, , 
net_VU1t3YwBSd_mrKXNG2T3,VU1t3YwBSd_mrKXNG2T3,2024-01-06 06:04:54.935000+00:00,004, ,, , 
net_V01t3YwBSd_mrKXNG2T3,V01t3YwBSd_mrKXNG2T3,2024-01-06 06:04:54.939000+00:00,004, ,, , 
net_WE1t3YwBSd_mrKXNG2T3,WE1t3YwBSd_mrKXNG2T3,2024-01-06 06:04:54.941000+00:00,004, ,, , 
net_Wk1t3YwBSd_mrKXNG2T3,Wk1t3YwBSd_mrKXNG2T3,2024-01-06 06:04:54.949000+00:00,004, ,, , 
net_YU1t3YwBSd_mrKXNHGRY,YU1t3YwBSd_mrKXNHGRY,2024-01-06 06:04:54.961000+00:00,004, ,, , 
net_aU1t3YwBSd_mrKXNHGRY,aU1t3YwBSd_mrKXNHGRY,2024-01-06 06:04:54.981000+00:00,004, ,, , 
net_bk1t3YwBSd_mrKXNHGRY,bk1t3YwBSd_mrKXNHGRY,2024-01-06 06:04:54.991000+00:00,004, ,, , 
net_ek1t3YwBSd_mrKXNHGRY,ek1t3YwBSd_mrKXNHGRY,2024-01-06 06:04:56.921000+00:00,004, ,, , 
net_gE1t3YwBSd_mrKXNHGRY,gE1t3YwBSd_mrKXNHGRY,2024-01-06 06:04:56.934000+00:00,004, ,, , 
net_i01t3YwBSd_mrKXNHGRY,i01t3YwBSd_mrKXNHGRY,2024-01-06 06:04:56.957000+00:00,004, ,, , 
net_jE1t3YwBSd_mrKXNHGRY,jE1t3YwBSd_mrKXNHGRY,2024-01-06 06:04:56.959000+00:00,004, ,, , 
net_jU1t3YwBSd_mrKXNHGRY,jU1t3YwBSd_mrKXNHGRY,2024-01-06 06:04:56.961000+00:00,004, ,, , 
net_jk1t3YwBSd_mrKXNHGTI,jk1t3YwBSd_mrKXNHGTI,2024-01-06 06:04:56.963000+00:00,004, ,, , 
net_kU1t3YwBSd_mrKXNHGTI,kU1t3YwBSd_mrKXNHGTI,2024-01-06 06:04:56.970000+00:00,004, ,, , 
net_l01t3YwBSd_mrKXNHGTI,l01t3YwBSd_mrKXNHGTI,2024-01-06 06:04:57.095000+00:00,004, ,, , 
net_oE1t3YwBSd_mrKXNHGTI,oE1t3YwBSd_mrKXNHGTI,2024-01-06 06:04:58.927000+00:00,004, ,, , 
net_oU1t3YwBSd_mrKXNHGTI,oU1t3YwBSd_mrKXNHGTI,2024-01-06 06:04:58.928000+00:00,004, ,, , 
net_pU1t3YwBSd_mrKXNHGTI,pU1t3YwBSd_mrKXNHGTI,2024-01-06 06:05:06.921000+00:00,004, ,, , 
net_r01t3YwBSd_mrKXNHGTI,r01t3YwBSd_mrKXNHGTI,2024-01-06 06:05:06.942000+00:00,004, ,, , 
net_sk1t3YwBSd_mrKXNHGTI,sk1t3YwBSd_mrKXNHGTI,2024-01-06 06:05:06.949000+00:00,004, ,, , 
net_tk1t3YwBSd_mrKXNHGTI,tk1t3YwBSd_mrKXNHGTI,2024-01-06 06:05:06.966000+00:00,004, ,, , 
net_uE1t3YwBSd_mrKXNHGTI,uE1t3YwBSd_mrKXNHGTI,2024-01-06 06:05:07.089000+00:00,004, ,, , 
net_uk1t3YwBSd_mrKXNHGTI,uk1t3YwBSd_mrKXNHGTI,2024-01-06 06:05:08.922000+00:00,004, ,, , 
net_u01t3YwBSd_mrKXNHGTI,u01t3YwBSd_mrKXNHGTI,2024-01-06 06:05:08.927000+00:00,004, ,, , 
net_wU1t3YwBSd_mrKXNHmQj,wU1t3YwBSd_mrKXNHmQj,2024-01-06 06:05:08.942000+00:00,004, ,, , 
net_xk1t3YwBSd_mrKXNHmQj,xk1t3YwBSd_mrKXNHmQj,2024-01-06 06:05:08.948000+00:00,004, ,, , 
net_zE1t3YwBSd_mrKXNHmQj,zE1t3YwBSd_mrKXNHmQj,2024-01-06 06:05:08.961000+00:00,004, ,, , 
net_z01t3YwBSd_mrKXNHmQj,z01t3YwBSd_mrKXNHmQj,2024-01-06 06:05:08.967000+00:00,004, ,, , 
net_0U1t3YwBSd_mrKXNHmQj,0U1t3YwBSd_mrKXNHmQj,2024-01-06 06:05:08.973000+00:00,004, ,, , 
net_1k1t3YwBSd_mrKXNHmQj,1k1t3YwBSd_mrKXNHmQj,2024-01-06 06:05:08.987000+00:00,004, ,, , 
net_2U1t3YwBSd_mrKXNHmQj,2U1t3YwBSd_mrKXNHmQj,2024-01-06 06:05:09.036000+00:00,004, ,, , 
net_2k1t3YwBSd_mrKXNHmQj,2k1t3YwBSd_mrKXNHmQj,2024-01-06 06:05:09.030000+00:00,004, ,, , 
net_6U1t3YwBSd_mrKXNHmQj,6U1t3YwBSd_mrKXNHmQj,2024-01-06 06:07:46.774000+00:00,004, ,, , 
net_7E1t3YwBSd_mrKXNHmQj,7E1t3YwBSd_mrKXNHmQj,2024-01-06 06:07:46.780000+00:00,004, ,, , 
net_7k1t3YwBSd_mrKXNHmQj,7k1t3YwBSd_mrKXNHmQj,2024-01-06 06:07:46.786000+00:00,004, ,, , 
net_701t3YwBSd_mrKXNHmQj,701t3YwBSd_mrKXNHmQj,2024-01-06 06:07:46.786000+00:00,004, ,, , 
net_8E1t3YwBSd_mrKXNHmQj,8E1t3YwBSd_mrKXNHmQj,2024-01-06 06:07:46.786000+00:00,004, ,, , 
net_8k1t3YwBSd_mrKXNHmSl,8k1t3YwBSd_mrKXNHmSl,2024-01-06 06:07:46.793000+00:00,004, ,, , 
net__E1t3YwBSd_mrKXNHmSl,_E1t3YwBSd_mrKXNHmSl,2024-01-06 06:09:02.839000+00:00,004, ,, , 
net_AE1t3YwBSd_mrKXNHmWl,AE1t3YwBSd_mrKXNHmWl,2024-01-06 06:09:05.026000+00:00,004, ,, , 
net_AU1t3YwBSd_mrKXNHmWl,AU1t3YwBSd_mrKXNHmWl,2024-01-06 06:09:05.029000+00:00,004, ,, , 
net_CE1t3YwBSd_mrKXNHmWl,CE1t3YwBSd_mrKXNHmWl,2024-01-06 06:09:30.823000+00:00,004, ,, , 
net_Ck1t3YwBSd_mrKXNHmWl,Ck1t3YwBSd_mrKXNHmWl,2024-01-06 06:09:30.828000+00:00,004, ,, , 
net_DE1t3YwBSd_mrKXNHmWl,DE1t3YwBSd_mrKXNHmWl,2024-01-06 06:09:30.835000+00:00,004, ,, , 
net_FE1t3YwBSd_mrKXNHmWl,FE1t3YwBSd_mrKXNHmWl,2024-01-06 06:09:30.859000+00:00,004, ,, , 
net_F01t3YwBSd_mrKXNHmWl,F01t3YwBSd_mrKXNHmWl,2024-01-06 06:09:30.865000+00:00,004, ,, , 
net_GU1t3YwBSd_mrKXNHmWl,GU1t3YwBSd_mrKXNHmWl,2024-01-06 06:09:30.865000+00:00,004, ,, , 
net_IU1t3YwBSd_mrKXNHmWl,IU1t3YwBSd_mrKXNHmWl,2024-01-06 06:14:35.283000+00:00,004, ,, , 
net_KU1t3YwBSd_mrKXNHmX5,KU1t3YwBSd_mrKXNHmX5,2024-01-06 06:15:05.363000+00:00,004, ,, , 
net_Kk1t3YwBSd_mrKXNHmX5,Kk1t3YwBSd_mrKXNHmX5,2024-01-06 06:15:05.362000+00:00,004, ,, , 
net_LU1t3YwBSd_mrKXNHmX5,LU1t3YwBSd_mrKXNHmX5,2024-01-06 06:15:05.370000+00:00,004, ,, , 
net_Lk1t3YwBSd_mrKXNHmX5,Lk1t3YwBSd_mrKXNHmX5,2024-01-06 06:15:05.377000+00:00,004, ,, , 
net_ME1t3YwBSd_mrKXNHmX5,ME1t3YwBSd_mrKXNHmX5,2024-01-06 06:15:05.378000+00:00,004, ,, , 
net_MU1t3YwBSd_mrKXNHmX5,MU1t3YwBSd_mrKXNHmX5,2024-01-06 06:16:09.471000+00:00,004, ,, , 
net_Mk1t3YwBSd_mrKXNHmX5,Mk1t3YwBSd_mrKXNHmX5,2024-01-06 06:16:09.472000+00:00,004, ,, , 
net_NE1t3YwBSd_mrKXNHmX5,NE1t3YwBSd_mrKXNHmX5,2024-01-06 06:16:09.477000+00:00,004, ,, , 
net_NU1t3YwBSd_mrKXNHmX5,NU1t3YwBSd_mrKXNHmX5,2024-01-06 06:16:09.479000+00:00,004, ,, , 
net_Nk1t3YwBSd_mrKXNHmX5,Nk1t3YwBSd_mrKXNHmX5,2024-01-06 06:16:09.479000+00:00,004, ,, , 
net_N01t3YwBSd_mrKXNHmX5,N01t3YwBSd_mrKXNHmX5,2024-01-06 06:16:09.523000+00:00,004, ,, , 
net_OE1t3YwBSd_mrKXNHmX5,OE1t3YwBSd_mrKXNHmX5,2024-01-06 06:17:01.848000+00:00,004, ,, , 
net_Ok1t3YwBSd_mrKXNHmX5,Ok1t3YwBSd_mrKXNHmX5,2024-01-06 06:17:47.935000+00:00,004, ,, , 
net_pBP93IwBbVMQAOLa2aH_,pBP93IwBbVMQAOLa2aH_,2024-01-06 04:17:34.991000+00:00,004, ,, , 
net_pRP93IwBbVMQAOLa2aH_,pRP93IwBbVMQAOLa2aH_,2024-01-06 04:17:34.991000+00:00,004, ,, , 
net_phP93IwBbVMQAOLa2aH_,phP93IwBbVMQAOLa2aH_,2024-01-06 04:17:34.992000+00:00,004, ,, , 
net_qBP93IwBbVMQAOLa2aH_,qBP93IwBbVMQAOLa2aH_,2024-01-06 04:17:34.995000+00:00,004, ,, , 
net_qxP93IwBbVMQAOLa2aH_,qxP93IwBbVMQAOLa2aH_,2024-01-06 04:17:35.019000+00:00,004, ,, , 
net_rBP93IwBbVMQAOLa2aH_,rBP93IwBbVMQAOLa2aH_,2024-01-06 04:17:35.022000+00:00,004, ,, , 
net_tBP93IwBbVMQAOLa2aH_,tBP93IwBbVMQAOLa2aH_,2024-01-06 04:17:35.067000+00:00,004, ,, , 
net_tRP93IwBbVMQAOLa2aH_,tRP93IwBbVMQAOLa2aH_,2024-01-06 04:17:35.100000+00:00,004, ,, , 
net_uhP93IwBbVMQAOLa2aH_,uhP93IwBbVMQAOLa2aH_,2024-01-06 04:17:35.116000+00:00,004, ,, , 
net_vBP93IwBbVMQAOLa2aH_,vBP93IwBbVMQAOLa2aH_,2024-01-06 04:17:35.168000+00:00,004, ,, , 
net_vhP93IwBbVMQAOLa2aH_,vhP93IwBbVMQAOLa2aH_,2024-01-06 04:17:35.195000+00:00,004, ,, , 
net_vxP93IwBbVMQAOLa2aH_,vxP93IwBbVMQAOLa2aH_,2024-01-06 04:17:35.256000+00:00,004, ,, , 
net_wBP93IwBbVMQAOLa2aH_,wBP93IwBbVMQAOLa2aH_,2024-01-06 04:17:35.256000+00:00,004, ,, , 
net_yBP93IwBbVMQAOLa2aH_,yBP93IwBbVMQAOLa2aH_,2024-01-06 04:17:35.270000+00:00,004, ,, , 
net_yxP93IwBbVMQAOLa2aH_,yxP93IwBbVMQAOLa2aH_,2024-01-06 04:17:35.271000+00:00,004, ,, , 
net_zRP93IwBbVMQAOLa2aH_,zRP93IwBbVMQAOLa2aH_,2024-01-06 04:17:35.285000+00:00,004, ,, , 
net_zxP93IwBbVMQAOLa2aH_,zxP93IwBbVMQAOLa2aH_,2024-01-06 04:17:35.268000+00:00,004, ,, , 
net_1BP93IwBbVMQAOLa6KH7,1BP93IwBbVMQAOLa6KH7,2024-01-06 04:17:35.349000+00:00,004, ,, , 
net_1RP93IwBbVMQAOLa6KH7,1RP93IwBbVMQAOLa6KH7,2024-01-06 04:17:35.349000+00:00,004, ,, , 
net_1hP93IwBbVMQAOLa6KH7,1hP93IwBbVMQAOLa6KH7,2024-01-06 04:17:35.357000+00:00,004, ,, , 
net_3hP93IwBbVMQAOLa6KH7,3hP93IwBbVMQAOLa6KH7,2024-01-06 04:17:35.375000+00:00,004, ,, , 
net_3xP93IwBbVMQAOLa6KH7,3xP93IwBbVMQAOLa6KH7,2024-01-06 04:17:35.376000+00:00,004, ,, , 
net_4BP93IwBbVMQAOLa6KH7,4BP93IwBbVMQAOLa6KH7,2024-01-06 04:17:35.377000+00:00,004, ,, , 
net_4hP93IwBbVMQAOLa6KH7,4hP93IwBbVMQAOLa6KH7,2024-01-06 04:17:35.401000+00:00,004, ,, , 
net_5RP93IwBbVMQAOLa6KH8,5RP93IwBbVMQAOLa6KH8,2024-01-06 04:17:37.135000+00:00,004, ,, , 
net_5hP93IwBbVMQAOLa6KH8,5hP93IwBbVMQAOLa6KH8,2024-01-06 04:17:37.206000+00:00,004, ,, , 
net_6BP93IwBbVMQAOLa6KH8,6BP93IwBbVMQAOLa6KH8,2024-01-06 04:17:37.527000+00:00,004, ,, , 
net_6xP93IwBbVMQAOLa6KH8,6xP93IwBbVMQAOLa6KH8,2024-01-06 04:17:37.540000+00:00,004, ,, , 
net_7BP93IwBbVMQAOLa6KH8,7BP93IwBbVMQAOLa6KH8,2024-01-06 04:17:37.563000+00:00,004, ,, , 
net_8BP93IwBbVMQAOLa6KH8,8BP93IwBbVMQAOLa6KH8,2024-01-06 04:17:37.573000+00:00,004, ,, , 
net_8hP93IwBbVMQAOLa6KH8,8hP93IwBbVMQAOLa6KH8,2024-01-06 04:17:37.604000+00:00,004, ,, , 
net_9BP93IwBbVMQAOLa6KH8,9BP93IwBbVMQAOLa6KH8,2024-01-06 04:17:37.648000+00:00,004, ,, , 
net_9hP93IwBbVMQAOLa6KH8,9hP93IwBbVMQAOLa6KH8,2024-01-06 04:17:37.675000+00:00,004, ,, , 
net_9xP93IwBbVMQAOLa6KH8,9xP93IwBbVMQAOLa6KH8,2024-01-06 04:17:37.728000+00:00,004, ,, , 
net_'-RP93IwBbVMQAOLa6KH8,'-RP93IwBbVMQAOLa6KH8,2024-01-06 04:17:39.108000+00:00,004, ,, , 
net__BP93IwBbVMQAOLa6KH8,_BP93IwBbVMQAOLa6KH8,2024-01-06 04:17:39.157000+00:00,004, ,, , 
net__hP93IwBbVMQAOLa6KH8,_hP93IwBbVMQAOLa6KH8,2024-01-06 04:17:39.173000+00:00,004, ,, , 
net__xP93IwBbVMQAOLa6KH8,_xP93IwBbVMQAOLa6KH8,2024-01-06 04:17:39.189000+00:00,004, ,, , 
net_ABP93IwBbVMQAOLa6KL8,ABP93IwBbVMQAOLa6KL8,2024-01-06 04:17:39.190000+00:00,004, ,, , 
net_AhP93IwBbVMQAOLa6KL8,AhP93IwBbVMQAOLa6KL8,2024-01-06 04:17:39.208000+00:00,004, ,, , 
net_AxP93IwBbVMQAOLa8KJ2,AxP93IwBbVMQAOLa8KJ2,2024-01-06 04:17:39.272000+00:00,004, ,, , 
net_BRP93IwBbVMQAOLa8KJ2,BRP93IwBbVMQAOLa8KJ2,2024-01-06 04:17:39.281000+00:00,004, ,, , 
net_BhP93IwBbVMQAOLa8KJ2,BhP93IwBbVMQAOLa8KJ2,2024-01-06 04:17:39.284000+00:00,004, ,, , 
net_EBP93IwBbVMQAOLa8KJ2,EBP93IwBbVMQAOLa8KJ2,2024-01-06 04:17:39.355000+00:00,004, ,, , 
net_FhP93IwBbVMQAOLa8KJ2,FhP93IwBbVMQAOLa8KJ2,2024-01-06 04:17:39.971000+00:00,000, ,, , 
net_GBP93IwBbVMQAOLa8KJ2,GBP93IwBbVMQAOLa8KJ2,2024-01-06 04:17:41.117000+00:00,004, ,, , 
net_GxP93IwBbVMQAOLa8KJ2,GxP93IwBbVMQAOLa8KJ2,2024-01-06 04:17:41.266000+00:00,004, ,, , 
net_HhP93IwBbVMQAOLa8KJ2,HhP93IwBbVMQAOLa8KJ2,2024-01-06 04:17:41.284000+00:00,004, ,, , 
net_IhP93IwBbVMQAOLa8KJ2,IhP93IwBbVMQAOLa8KJ2,2024-01-06 04:17:43.229000+00:00,004, ,, , 
net_KRP93IwBbVMQAOLa8KJ2,KRP93IwBbVMQAOLa8KJ2,2024-01-06 04:17:43.327000+00:00,004, ,, , 
net_LBP93IwBbVMQAOLa8KJ2,LBP93IwBbVMQAOLa8KJ2,2024-01-06 04:17:45.088000+00:00,004, ,, , 
net_LRP93IwBbVMQAOLa8KJ2,LRP93IwBbVMQAOLa8KJ2,2024-01-06 04:17:45.102000+00:00,004, ,, , 
net_LhP93IwBbVMQAOLa8KJ2,LhP93IwBbVMQAOLa8KJ2,2024-01-06 04:17:45.116000+00:00,004, ,, , 
net_NhP93IwBbVMQAOLa_6Jl,NhP93IwBbVMQAOLa_6Jl,2024-01-06 04:17:45.271000+00:00,004, ,, , 
net_OBP93IwBbVMQAOLa_6Jl,OBP93IwBbVMQAOLa_6Jl,2024-01-06 04:17:45.310000+00:00,004, ,, , 
net_OhP93IwBbVMQAOLa_6Jm,OhP93IwBbVMQAOLa_6Jm,2024-01-06 04:17:45.333000+00:00,004, ,, , 
net_OxP93IwBbVMQAOLa_6Jm,OxP93IwBbVMQAOLa_6Jm,2024-01-06 04:17:45.337000+00:00,004, ,, , 
net_QBP93IwBbVMQAOLa_6Jm,QBP93IwBbVMQAOLa_6Jm,2024-01-06 04:17:45.379000+00:00,004, ,, , 
net_QRP93IwBbVMQAOLa_6Jm,QRP93IwBbVMQAOLa_6Jm,2024-01-06 04:17:45.385000+00:00,004, ,, , 
net_QhP93IwBbVMQAOLa_6Jm,QhP93IwBbVMQAOLa_6Jm,2024-01-06 04:17:45.385000+00:00,004, ,, , 
net_RxP93IwBbVMQAOLa_6Jm,RxP93IwBbVMQAOLa_6Jm,2024-01-06 04:17:47.169000+00:00,004, ,, , 
net_SRP93IwBbVMQAOLa_6Jm,SRP93IwBbVMQAOLa_6Jm,2024-01-06 04:17:47.169000+00:00,004, ,, , 
net_SxP93IwBbVMQAOLa_6Jm,SxP93IwBbVMQAOLa_6Jm,2024-01-06 04:17:47.169000+00:00,004, ,, , 
net_TBP93IwBbVMQAOLa_6Jm,TBP93IwBbVMQAOLa_6Jm,2024-01-06 04:17:47.169000+00:00,004, ,, , 
net_ThP93IwBbVMQAOLa_6Jm,ThP93IwBbVMQAOLa_6Jm,2024-01-06 04:17:47.170000+00:00,004, ,, , 
net_UhP93IwBbVMQAOLa_6Jm,UhP93IwBbVMQAOLa_6Jm,2024-01-06 04:17:47.353000+00:00,004, ,, , 
net_UxP93IwBbVMQAOLa_6Jm,UxP93IwBbVMQAOLa_6Jm,2024-01-06 04:17:49.105000+00:00,004, ,, , 
net_WBP93IwBbVMQAOLa_6Jm,WBP93IwBbVMQAOLa_6Jm,2024-01-06 04:17:49.129000+00:00,004, ,, , 
net_WRP93IwBbVMQAOLa_6Jm,WRP93IwBbVMQAOLa_6Jm,2024-01-06 04:17:49.131000+00:00,004, ,, , 
net_WxP93IwBbVMQAOLa_6Jm,WxP93IwBbVMQAOLa_6Jm,2024-01-06 04:17:49.148000+00:00,004, ,, , 
net_XRP93IwBbVMQAOLa_6Jm,XRP93IwBbVMQAOLa_6Jm,2024-01-06 04:17:49.155000+00:00,004, ,, , 
net_XhP93IwBbVMQAOLa_6Jm,XhP93IwBbVMQAOLa_6Jm,2024-01-06 04:17:49.169000+00:00,004, ,, , 
net_XxP93IwBbVMQAOLa_6Jm,XxP93IwBbVMQAOLa_6Jm,2024-01-06 04:17:49.171000+00:00,004, ,, , 
net_YRP93IwBbVMQAOLa_6Jm,YRP93IwBbVMQAOLa_6Jm,2024-01-06 04:17:49.177000+00:00,004, ,, , 
net_YxP93IwBbVMQAOLa_6Jm,YxP93IwBbVMQAOLa_6Jm,2024-01-06 04:17:49.189000+00:00,004, ,, , 
net_ZRP93IwBbVMQAOLa_6Jn,ZRP93IwBbVMQAOLa_6Jn,2024-01-06 04:17:49.195000+00:00,004, ,, , 
net_ZxP-3IwBbVMQAOLaAqKA,ZxP-3IwBbVMQAOLaAqKA,2024-01-06 04:17:49.199000+00:00,004, ,, , 
net_aRP-3IwBbVMQAOLaAqKA,aRP-3IwBbVMQAOLaAqKA,2024-01-06 04:17:49.204000+00:00,004, ,, , 
net_axP-3IwBbVMQAOLaAqKA,axP-3IwBbVMQAOLaAqKA,2024-01-06 04:17:49.298000+00:00,004, ,, , 
net_bBP-3IwBbVMQAOLaAqKA,bBP-3IwBbVMQAOLaAqKA,2024-01-06 04:17:49.299000+00:00,004, ,, , 
net_bhP-3IwBbVMQAOLaAqKA,bhP-3IwBbVMQAOLaAqKA,2024-01-06 04:17:49.302000+00:00,004, ,, , 
net_bxP-3IwBbVMQAOLaAqKA,bxP-3IwBbVMQAOLaAqKA,2024-01-06 04:17:49.312000+00:00,004, ,, , 
net_cRP-3IwBbVMQAOLaAqKA,cRP-3IwBbVMQAOLaAqKA,2024-01-06 04:17:49.312000+00:00,004, ,, , 
net_dhP-3IwBbVMQAOLaAqKA,dhP-3IwBbVMQAOLaAqKA,2024-01-06 04:17:51.129000+00:00,004, ,, , 
net_eRP-3IwBbVMQAOLaAqKA,eRP-3IwBbVMQAOLaAqKA,2024-01-06 04:17:51.140000+00:00,004, ,, , 
net_ehP-3IwBbVMQAOLaAqKA,ehP-3IwBbVMQAOLaAqKA,2024-01-06 04:17:51.140000+00:00,004, ,, , 
net_fhP-3IwBbVMQAOLaAqKA,fhP-3IwBbVMQAOLaAqKA,2024-01-06 04:17:51.171000+00:00,004, ,, , 
net_gxP-3IwBbVMQAOLaAqKB,gxP-3IwBbVMQAOLaAqKB,2024-01-06 04:17:51.257000+00:00,004, ,, , 
net_jBP-3IwBbVMQAOLaAqKB,jBP-3IwBbVMQAOLaAqKB,2024-01-06 04:17:51.322000+00:00,004, ,, , 
net_jhP-3IwBbVMQAOLaAqKB,jhP-3IwBbVMQAOLaAqKB,2024-01-06 04:17:51.322000+00:00,004, ,, , 
net_kBP-3IwBbVMQAOLaAqKB,kBP-3IwBbVMQAOLaAqKB,2024-01-06 04:17:51.322000+00:00,004, ,, , 
net_kRP-3IwBbVMQAOLaAqKB,kRP-3IwBbVMQAOLaAqKB,2024-01-06 04:17:51.322000+00:00,004, ,, , 
net_lRP-3IwBbVMQAOLaAqKB,lRP-3IwBbVMQAOLaAqKB,2024-01-06 04:17:51.258000+00:00,004, ,, , 
net_lxP-3IwBbVMQAOLaAqKB,lxP-3IwBbVMQAOLaAqKB,2024-01-06 04:17:51.323000+00:00,004, ,, , 
net_nBP-3IwBbVMQAOLaBKLO,nBP-3IwBbVMQAOLaBKLO,2024-01-06 04:17:53.160000+00:00,004, ,, , 
net_nRP-3IwBbVMQAOLaBKLO,nRP-3IwBbVMQAOLaBKLO,2024-01-06 04:17:53.161000+00:00,004, ,, , 
net_oBP-3IwBbVMQAOLaBKLO,oBP-3IwBbVMQAOLaBKLO,2024-01-06 04:17:53.173000+00:00,004, ,, , 
net_pRP-3IwBbVMQAOLaBKLO,pRP-3IwBbVMQAOLaBKLO,2024-01-06 04:17:53.207000+00:00,004, ,, , 
net_qxP-3IwBbVMQAOLaBKLO,qxP-3IwBbVMQAOLaBKLO,2024-01-06 04:17:55.215000+00:00,004, ,, , 
net_rRP-3IwBbVMQAOLaBKLO,rRP-3IwBbVMQAOLaBKLO,2024-01-06 04:17:55.218000+00:00,004, ,, , 
net_rhP-3IwBbVMQAOLaBKLO,rhP-3IwBbVMQAOLaBKLO,2024-01-06 04:17:55.214000+00:00,004, ,, , 
net_sxP-3IwBbVMQAOLaBKLO,sxP-3IwBbVMQAOLaBKLO,2024-01-06 04:17:55.223000+00:00,004, ,, , 
net_tRP-3IwBbVMQAOLaBKLO,tRP-3IwBbVMQAOLaBKLO,2024-01-06 04:17:55.225000+00:00,004, ,, , 
net_thP-3IwBbVMQAOLaBKLO,thP-3IwBbVMQAOLaBKLO,2024-01-06 04:17:55.225000+00:00,004, ,, , 
net_txP-3IwBbVMQAOLaBKLO,txP-3IwBbVMQAOLaBKLO,2024-01-06 04:17:55.407000+00:00,004, ,, , 
net_uRP-3IwBbVMQAOLaBKLO,uRP-3IwBbVMQAOLaBKLO,2024-01-06 04:17:57.182000+00:00,004, ,, , 
net_wRP-3IwBbVMQAOLaBKLO,wRP-3IwBbVMQAOLaBKLO,2024-01-06 04:17:57.188000+00:00,004, ,, , 
net_wxP-3IwBbVMQAOLaBKLO,wxP-3IwBbVMQAOLaBKLO,2024-01-06 04:17:59.162000+00:00,004, ,, , 
net_yBP-3IwBbVMQAOLaBKLO,yBP-3IwBbVMQAOLaBKLO,2024-01-06 04:17:59.228000+00:00,004, ,, , 
net_yRP-3IwBbVMQAOLaBKLO,yRP-3IwBbVMQAOLaBKLO,2024-01-06 04:17:59.228000+00:00,004, ,, , 
net_yhP-3IwBbVMQAOLaBKLO,yhP-3IwBbVMQAOLaBKLO,2024-01-06 04:17:59.252000+00:00,004, ,, , 
net_zRP-3IwBbVMQAOLaB6Lh,zRP-3IwBbVMQAOLaB6Lh,2024-01-06 04:17:59.282000+00:00,004, ,, , 
net_1hP-3IwBbVMQAOLaB6Lh,1hP-3IwBbVMQAOLaB6Lh,2024-01-06 04:17:59.311000+00:00,004, ,, , 
net_1xP-3IwBbVMQAOLaB6Lh,1xP-3IwBbVMQAOLaB6Lh,2024-01-06 04:17:59.311000+00:00,004, ,, , 
net_2BP-3IwBbVMQAOLaB6Lh,2BP-3IwBbVMQAOLaB6Lh,2024-01-06 04:17:59.313000+00:00,004, ,, , 
net_3BP-3IwBbVMQAOLaB6Li,3BP-3IwBbVMQAOLaB6Li,2024-01-06 04:17:59.337000+00:00,004, ,, , 
net_3RP-3IwBbVMQAOLaB6Li,3RP-3IwBbVMQAOLaB6Li,2024-01-06 04:17:59.339000+00:00,004, ,, , 
net_4RP-3IwBbVMQAOLaB6Li,4RP-3IwBbVMQAOLaB6Li,2024-01-06 04:17:59.342000+00:00,004, ,, , 
net_4xP-3IwBbVMQAOLaB6Li,4xP-3IwBbVMQAOLaB6Li,2024-01-06 04:17:59.343000+00:00,004, ,, , 
net_5xP-3IwBbVMQAOLaB6Li,5xP-3IwBbVMQAOLaB6Li,2024-01-06 04:17:59.360000+00:00,004, ,, , 
net_6BP-3IwBbVMQAOLaB6Li,6BP-3IwBbVMQAOLaB6Li,2024-01-06 04:17:59.361000+00:00,004, ,, , 
net_7RP-3IwBbVMQAOLaB6Li,7RP-3IwBbVMQAOLaB6Li,2024-01-06 04:17:59.427000+00:00,004, ,, , 
net_7xP-3IwBbVMQAOLaB6Li,7xP-3IwBbVMQAOLaB6Li,2024-01-06 04:17:59.440000+00:00,004, ,, , 
net_8hP-3IwBbVMQAOLaB6Li,8hP-3IwBbVMQAOLaB6Li,2024-01-06 04:17:59.465000+00:00,004, ,, , 
net_BBP-3IwBbVMQAOLaCaP8,BBP-3IwBbVMQAOLaCaP8,2024-01-06 04:18:01.314000+00:00,004, ,, , 
net_BhP-3IwBbVMQAOLaCaP8,BhP-3IwBbVMQAOLaCaP8,2024-01-06 04:18:03.174000+00:00,004, ,, , 
net_BxP-3IwBbVMQAOLaCaP8,BxP-3IwBbVMQAOLaCaP8,2024-01-06 04:18:03.176000+00:00,004, ,, , 
net_CRP-3IwBbVMQAOLaCaP9,CRP-3IwBbVMQAOLaCaP9,2024-01-06 04:18:03.182000+00:00,004, ,, , 
net_DhP-3IwBbVMQAOLaCaP9,DhP-3IwBbVMQAOLaCaP9,2024-01-06 04:18:03.349000+00:00,004, ,, , 
net_DxP-3IwBbVMQAOLaCaP9,DxP-3IwBbVMQAOLaCaP9,2024-01-06 04:18:03.355000+00:00,004, ,, , 
net_ERP-3IwBbVMQAOLaCaP9,ERP-3IwBbVMQAOLaCaP9,2024-01-06 04:18:03.362000+00:00,004, ,, , 
net_FRP-3IwBbVMQAOLaD6Nc,FRP-3IwBbVMQAOLaD6Nc,2024-01-06 04:18:05.279000+00:00,004, ,, , 
net_FhP-3IwBbVMQAOLaD6Nc,FhP-3IwBbVMQAOLaD6Nc,2024-01-06 04:18:05.280000+00:00,004, ,, , 
net_GhP-3IwBbVMQAOLaD6Nc,GhP-3IwBbVMQAOLaD6Nc,2024-01-06 04:18:05.321000+00:00,004, ,, , 
net_HRP-3IwBbVMQAOLaD6Nc,HRP-3IwBbVMQAOLaD6Nc,2024-01-06 04:18:05.347000+00:00,004, ,, , 
net_HhP-3IwBbVMQAOLaD6Nc,HhP-3IwBbVMQAOLaD6Nc,2024-01-06 04:18:05.357000+00:00,004, ,, , 
net_IBP-3IwBbVMQAOLaFKMA,IBP-3IwBbVMQAOLaFKMA,2024-01-06 04:18:05.649000+00:00,004, ,, , 
net_IxP-3IwBbVMQAOLaFKMA,IxP-3IwBbVMQAOLaFKMA,2024-01-06 04:18:05.663000+00:00,004, ,, , 
net_JBP-3IwBbVMQAOLaFKMA,JBP-3IwBbVMQAOLaFKMA,2024-01-06 04:18:05.666000+00:00,004, ,, , 
net_KRP-3IwBbVMQAOLaFKMA,KRP-3IwBbVMQAOLaFKMA,2024-01-06 04:18:05.700000+00:00,004, ,, , 
net_LhP-3IwBbVMQAOLaFKMA,LhP-3IwBbVMQAOLaFKMA,2024-01-06 04:18:05.773000+00:00,004, ,, , 
net_MhP-3IwBbVMQAOLaFKMA,MhP-3IwBbVMQAOLaFKMA,2024-01-06 04:18:05.805000+00:00,004, ,, , 
net_ORP-3IwBbVMQAOLaFKMB,ORP-3IwBbVMQAOLaFKMB,2024-01-06 04:18:05.884000+00:00,004, ,, , 
net_PhP-3IwBbVMQAOLaFKMB,PhP-3IwBbVMQAOLaFKMB,2024-01-06 04:18:05.985000+00:00,004, ,, , 
net_QhP-3IwBbVMQAOLaFKMB,QhP-3IwBbVMQAOLaFKMB,2024-01-06 04:18:06.012000+00:00,004, ,, , 
net_QxP-3IwBbVMQAOLaFKMB,QxP-3IwBbVMQAOLaFKMB,2024-01-06 04:18:06.044000+00:00,004, ,, , 
net_RBP-3IwBbVMQAOLaFKMB,RBP-3IwBbVMQAOLaFKMB,2024-01-06 04:18:06.046000+00:00,004, ,, , 
net_SBP-3IwBbVMQAOLaG6Pz,SBP-3IwBbVMQAOLaG6Pz,2024-01-06 04:18:09.166000+00:00,004, ,, , 
net_TxP-3IwBbVMQAOLaG6Pz,TxP-3IwBbVMQAOLaG6Pz,2024-01-06 04:18:09.229000+00:00,004, ,, , 
net_UhP-3IwBbVMQAOLaG6Pz,UhP-3IwBbVMQAOLaG6Pz,2024-01-06 04:18:09.244000+00:00,004, ,, , 
net_WBP-3IwBbVMQAOLaG6P0,WBP-3IwBbVMQAOLaG6P0,2024-01-06 04:18:09.264000+00:00,004, ,, , 
net_WRP-3IwBbVMQAOLaG6P0,WRP-3IwBbVMQAOLaG6P0,2024-01-06 04:18:09.264000+00:00,004, ,, , 
net_XBP-3IwBbVMQAOLaG6P0,XBP-3IwBbVMQAOLaG6P0,2024-01-06 04:18:09.273000+00:00,004, ,, , 
net_YRP-3IwBbVMQAOLaKKPa,YRP-3IwBbVMQAOLaKKPa,2024-01-06 04:18:11.155000+00:00,004, ,, , 
net_YxP-3IwBbVMQAOLaKKPa,YxP-3IwBbVMQAOLaKKPa,2024-01-06 04:18:11.164000+00:00,004, ,, , 
net_aRP-3IwBbVMQAOLaKKPa,aRP-3IwBbVMQAOLaKKPa,2024-01-06 04:18:11.192000+00:00,004, ,, , 
net_axP-3IwBbVMQAOLaKKPa,axP-3IwBbVMQAOLaKKPa,2024-01-06 04:18:11.202000+00:00,004, ,, , 
net_bRP-3IwBbVMQAOLaKKPa,bRP-3IwBbVMQAOLaKKPa,2024-01-06 04:18:11.212000+00:00,004, ,, , 
net_cRP-3IwBbVMQAOLaKKPa,cRP-3IwBbVMQAOLaKKPa,2024-01-06 04:18:11.229000+00:00,004, ,, , 
net_chP-3IwBbVMQAOLaKKPa,chP-3IwBbVMQAOLaKKPa,2024-01-06 04:18:11.250000+00:00,004, ,, , 
net_cxP-3IwBbVMQAOLaKKPa,cxP-3IwBbVMQAOLaKKPa,2024-01-06 04:18:11.252000+00:00,004, ,, , 
net_dBP-3IwBbVMQAOLaKKPa,dBP-3IwBbVMQAOLaKKPa,2024-01-06 04:18:11.256000+00:00,004, ,, , 
net_eBP-3IwBbVMQAOLaKKPa,eBP-3IwBbVMQAOLaKKPa,2024-01-06 04:18:11.280000+00:00,004, ,, , 
net_fhP-3IwBbVMQAOLaKKPa,fhP-3IwBbVMQAOLaKKPa,2024-01-06 04:18:11.302000+00:00,004, ,, , 
net_gRP-3IwBbVMQAOLaKKPa,gRP-3IwBbVMQAOLaKKPa,2024-01-06 04:18:11.310000+00:00,004, ,, , 
net_jxP-3IwBbVMQAOLaKKPb,jxP-3IwBbVMQAOLaKKPb,2024-01-06 04:18:11.369000+00:00,004, ,, , 
net_kRP-3IwBbVMQAOLaKKPb,kRP-3IwBbVMQAOLaKKPb,2024-01-06 04:18:11.378000+00:00,004, ,, , 
net_mRP-3IwBbVMQAOLaL6Pp,mRP-3IwBbVMQAOLaL6Pp,2024-01-06 04:18:13.247000+00:00,004, ,, , 
net_mhP-3IwBbVMQAOLaL6Pp,mhP-3IwBbVMQAOLaL6Pp,2024-01-06 04:18:13.250000+00:00,004, ,, , 
net_nBP-3IwBbVMQAOLaL6Pq,nBP-3IwBbVMQAOLaL6Pq,2024-01-06 04:18:13.259000+00:00,004, ,, , 
net_nhP-3IwBbVMQAOLaL6Pq,nhP-3IwBbVMQAOLaL6Pq,2024-01-06 04:18:13.269000+00:00,004, ,, , 
net_nxP-3IwBbVMQAOLaL6Pq,nxP-3IwBbVMQAOLaL6Pq,2024-01-06 04:18:13.351000+00:00,004, ,, , 
net_oBP-3IwBbVMQAOLaL6Pq,oBP-3IwBbVMQAOLaL6Pq,2024-01-06 04:18:13.351000+00:00,004, ,, , 
net_pRP-3IwBbVMQAOLaL6Pq,pRP-3IwBbVMQAOLaL6Pq,2024-01-06 04:18:13.422000+00:00,004, ,, , 
net_phP-3IwBbVMQAOLaL6Pq,phP-3IwBbVMQAOLaL6Pq,2024-01-06 04:18:13.423000+00:00,004, ,, , 
net_qBP-3IwBbVMQAOLaL6Pq,qBP-3IwBbVMQAOLaL6Pq,2024-01-06 04:18:13.657000+00:00,004, ,, , 
net_rBP-3IwBbVMQAOLaNKO1,rBP-3IwBbVMQAOLaNKO1,2024-01-06 04:18:13.969000+00:00,004, ,, , 
net_rRP-3IwBbVMQAOLaNKO1,rRP-3IwBbVMQAOLaNKO1,2024-01-06 04:18:13.977000+00:00,004, ,, , 
net_sBP-3IwBbVMQAOLaNKO1,sBP-3IwBbVMQAOLaNKO1,2024-01-06 04:18:13.982000+00:00,004, ,, , 
net_shP-3IwBbVMQAOLaNKO1,shP-3IwBbVMQAOLaNKO1,2024-01-06 04:18:14.112000+00:00,004, ,, , 
net_tBP-3IwBbVMQAOLaNKO1,tBP-3IwBbVMQAOLaNKO1,2024-01-06 04:18:14.205000+00:00,004, ,, , 
net_vBP-3IwBbVMQAOLaNKO2,vBP-3IwBbVMQAOLaNKO2,2024-01-06 04:18:14.316000+00:00,004, ,, , 
net_vRP-3IwBbVMQAOLaNKO2,vRP-3IwBbVMQAOLaNKO2,2024-01-06 04:18:14.316000+00:00,004, ,, , 
net_wBP-3IwBbVMQAOLaNKO2,wBP-3IwBbVMQAOLaNKO2,2024-01-06 04:18:14.254000+00:00,004, ,, , 
net_wRP-3IwBbVMQAOLaNKO2,wRP-3IwBbVMQAOLaNKO2,2024-01-06 04:18:14.253000+00:00,004, ,, , 
net_whP-3IwBbVMQAOLaNKO2,whP-3IwBbVMQAOLaNKO2,2024-01-06 04:18:14.254000+00:00,004, ,, , 
net_wxP-3IwBbVMQAOLaN6Mf,wxP-3IwBbVMQAOLaN6Mf,2024-01-06 04:18:14.294000+00:00,004, ,, , 
net_xBP-3IwBbVMQAOLaN6Mf,xBP-3IwBbVMQAOLaN6Mf,2024-01-06 04:18:15.242000+00:00,004, ,, , 
net_zBP-3IwBbVMQAOLaQKPw,zBP-3IwBbVMQAOLaQKPw,2024-01-06 04:18:17.184000+00:00,004, ,, , 
net_zxP-3IwBbVMQAOLaQKPw,zxP-3IwBbVMQAOLaQKPw,2024-01-06 04:18:17.193000+00:00,004, ,, , 
net_0xP-3IwBbVMQAOLaQKPw,0xP-3IwBbVMQAOLaQKPw,2024-01-06 04:18:17.206000+00:00,004, ,, , 
net_1xP-3IwBbVMQAOLaQKPw,1xP-3IwBbVMQAOLaQKPw,2024-01-06 04:18:17.217000+00:00,004, ,, , 
net_2hP-3IwBbVMQAOLaQKPw,2hP-3IwBbVMQAOLaQKPw,2024-01-06 04:18:17.232000+00:00,004, ,, , 
net_2xP-3IwBbVMQAOLaQKPw,2xP-3IwBbVMQAOLaQKPw,2024-01-06 04:18:17.240000+00:00,004, ,, , 
net_3RP-3IwBbVMQAOLaQKPw,3RP-3IwBbVMQAOLaQKPw,2024-01-06 04:18:17.244000+00:00,004, ,, , 
net_4BP-3IwBbVMQAOLaQKPw,4BP-3IwBbVMQAOLaQKPw,2024-01-06 04:18:17.249000+00:00,004, ,, , 
net_5xP-3IwBbVMQAOLaQKPw,5xP-3IwBbVMQAOLaQKPw,2024-01-06 04:18:17.297000+00:00,004, ,, , 
net_6RP-3IwBbVMQAOLaRqPh,6RP-3IwBbVMQAOLaRqPh,2024-01-06 04:18:19.260000+00:00,004, ,, , 
net_8hP-3IwBbVMQAOLaWKMU,8hP-3IwBbVMQAOLaWKMU,2024-01-06 04:18:23.177000+00:00,004, ,, , 
net_8xP-3IwBbVMQAOLaWKMU,8xP-3IwBbVMQAOLaWKMU,2024-01-06 04:18:23.177000+00:00,004, ,, , 
net_9xP-3IwBbVMQAOLaWKMU,9xP-3IwBbVMQAOLaWKMU,2024-01-06 04:18:23.199000+00:00,004, ,, , 
net_'-RP-3IwBbVMQAOLaWKMU,'-RP-3IwBbVMQAOLaWKMU,2024-01-06 04:18:23.202000+00:00,004, ,, , 
net__BP-3IwBbVMQAOLaWKMU,_BP-3IwBbVMQAOLaWKMU,2024-01-06 04:18:23.208000+00:00,004, ,, , 
net_ABP-3IwBbVMQAOLaWKQU,ABP-3IwBbVMQAOLaWKQU,2024-01-06 04:18:23.223000+00:00,004, ,, , 
net_BRP-3IwBbVMQAOLaWKQV,BRP-3IwBbVMQAOLaWKQV,2024-01-06 04:18:23.233000+00:00,004, ,, , 
net_BhP-3IwBbVMQAOLaWKQV,BhP-3IwBbVMQAOLaWKQV,2024-01-06 04:18:23.237000+00:00,004, ,, , 
net_DBP-3IwBbVMQAOLaWKQV,DBP-3IwBbVMQAOLaWKQV,2024-01-06 04:18:23.259000+00:00,004, ,, , 
net_DhP-3IwBbVMQAOLaWKQV,DhP-3IwBbVMQAOLaWKQV,2024-01-06 04:18:23.265000+00:00,004, ,, , 
net_ExP-3IwBbVMQAOLaWKQV,ExP-3IwBbVMQAOLaWKQV,2024-01-06 04:18:23.280000+00:00,004, ,, , 
net_FRP-3IwBbVMQAOLaWKQV,FRP-3IwBbVMQAOLaWKQV,2024-01-06 04:18:23.280000+00:00,004, ,, , 
net_GxP-3IwBbVMQAOLaWKQW,GxP-3IwBbVMQAOLaWKQW,2024-01-06 04:18:23.295000+00:00,004, ,, , 
net_HRP-3IwBbVMQAOLaWKQW,HRP-3IwBbVMQAOLaWKQW,2024-01-06 04:18:23.299000+00:00,004, ,, , 
net_HxP-3IwBbVMQAOLaWKQW,HxP-3IwBbVMQAOLaWKQW,2024-01-06 04:18:23.303000+00:00,004, ,, , 
net_IBP-3IwBbVMQAOLaWKQW,IBP-3IwBbVMQAOLaWKQW,2024-01-06 04:18:23.306000+00:00,004, ,, , 
net_IhP-3IwBbVMQAOLaWaQA,IhP-3IwBbVMQAOLaWaQA,2024-01-06 04:18:23.311000+00:00,004, ,, , 
net_IxP-3IwBbVMQAOLaWaQA,IxP-3IwBbVMQAOLaWaQA,2024-01-06 04:18:23.314000+00:00,004, ,, , 
net_JhP-3IwBbVMQAOLaWqRY,JhP-3IwBbVMQAOLaWqRY,2024-01-06 04:18:23.319000+00:00,004, ,, , 
net_JxP-3IwBbVMQAOLaWqRY,JxP-3IwBbVMQAOLaWqRY,2024-01-06 04:18:23.322000+00:00,004, ,, , 
net_KhP-3IwBbVMQAOLaZqSP,KhP-3IwBbVMQAOLaZqSP,2024-01-06 04:18:27.183000+00:00,004, ,, , 
net_LBP-3IwBbVMQAOLaZqSP,LBP-3IwBbVMQAOLaZqSP,2024-01-06 04:18:27.187000+00:00,004, ,, , 
net_LhP-3IwBbVMQAOLaZqSP,LhP-3IwBbVMQAOLaZqSP,2024-01-06 04:18:27.202000+00:00,004, ,, , 
net_MRP-3IwBbVMQAOLaZqSP,MRP-3IwBbVMQAOLaZqSP,2024-01-06 04:18:27.213000+00:00,004, ,, , 
net_MxP-3IwBbVMQAOLaZqSP,MxP-3IwBbVMQAOLaZqSP,2024-01-06 04:18:27.219000+00:00,004, ,, , 
net_NBP-3IwBbVMQAOLaZqSP,NBP-3IwBbVMQAOLaZqSP,2024-01-06 04:18:27.221000+00:00,004, ,, , 
net_NhP-3IwBbVMQAOLaZqSP,NhP-3IwBbVMQAOLaZqSP,2024-01-06 04:18:27.227000+00:00,004, ,, , 
net_Yk123YwBSd_mrKXN0GUO,Yk123YwBSd_mrKXN0GUO,2024-01-06 06:29:48.698000+00:00,004, ,, , 
net_ZE123YwBSd_mrKXN0GUO,ZE123YwBSd_mrKXN0GUO,2024-01-06 06:29:52.713000+00:00,004, ,, ,sohaib(uid=1000)
net_Z0123YwBSd_mrKXN0GUO,Z0123YwBSd_mrKXN0GUO,2024-01-06 06:29:54.794000+00:00,004, ,, , 
net_aE123YwBSd_mrKXN0GUO,aE123YwBSd_mrKXN0GUO,2024-01-06 06:29:54.802000+00:00,004, ,, , 
net_cU123YwBSd_mrKXN0GUO,cU123YwBSd_mrKXN0GUO,2024-01-06 06:29:54.851000+00:00,004, ,, , 
net_c0123YwBSd_mrKXN0GUO,c0123YwBSd_mrKXN0GUO,2024-01-06 06:29:54.858000+00:00,004, ,, , 
net_dE123YwBSd_mrKXN0GUO,dE123YwBSd_mrKXN0GUO,2024-01-06 06:29:54.858000+00:00,004, ,, , 
net_dU123YwBSd_mrKXN0GUO,dU123YwBSd_mrKXN0GUO,2024-01-06 06:29:54.872000+00:00,004, ,, , 
net_dk123YwBSd_mrKXN0GUO,dk123YwBSd_mrKXN0GUO,2024-01-06 06:29:54.881000+00:00,004, ,, , 
net_d0123YwBSd_mrKXN0GUO,d0123YwBSd_mrKXN0GUO,2024-01-06 06:29:54.884000+00:00,004, ,, , 
net_eE123YwBSd_mrKXN0GUO,eE123YwBSd_mrKXN0GUO,2024-01-06 06:29:56.823000+00:00,004, ,, , 
net_fU123YwBSd_mrKXN0GUO,fU123YwBSd_mrKXN0GUO,2024-01-06 06:29:56.837000+00:00,004, ,, , 
net_fk123YwBSd_mrKXN0GUO,fk123YwBSd_mrKXN0GUO,2024-01-06 06:29:56.838000+00:00,004, ,, , 
net_gE123YwBSd_mrKXN0GUO,gE123YwBSd_mrKXN0GUO,2024-01-06 06:29:56.850000+00:00,004, ,, , 
net_h0123YwBSd_mrKXN0GUO,h0123YwBSd_mrKXN0GUO,2024-01-06 06:29:56.879000+00:00,004, ,, , 
net_iE123YwBSd_mrKXN0GUO,iE123YwBSd_mrKXN0GUO,2024-01-06 06:29:56.897000+00:00,004, ,, , 
net_iU123YwBSd_mrKXN0GUO,iU123YwBSd_mrKXN0GUO,2024-01-06 06:29:56.899000+00:00,004, ,, , 
net_jU123YwBSd_mrKXN0GUO,jU123YwBSd_mrKXN0GUO,2024-01-06 06:29:56.920000+00:00,004, ,, , 
net_j0123YwBSd_mrKXN0GUO,j0123YwBSd_mrKXN0GUO,2024-01-06 06:29:58.730000+00:00,004, ,, , 
net_mU123YwBSd_mrKXN0GVH,mU123YwBSd_mrKXN0GVH,2024-01-06 06:29:58.759000+00:00,004, ,, , 
net_m0123YwBSd_mrKXN0GVH,m0123YwBSd_mrKXN0GVH,2024-01-06 06:29:58.764000+00:00,004, ,, , 
net_oE123YwBSd_mrKXN0GVH,oE123YwBSd_mrKXN0GVH,2024-01-06 06:29:58.783000+00:00,004, ,, , 
net_o0123YwBSd_mrKXN0GVH,o0123YwBSd_mrKXN0GVH,2024-01-06 06:29:58.798000+00:00,004, ,, , 
net_PU1u3YwBSd_mrKXNtWVg,PU1u3YwBSd_mrKXNtWVg,2024-01-06 06:21:03.897000+00:00,000, ,, , 
net_Pk1u3YwBSd_mrKXNtWVg,Pk1u3YwBSd_mrKXNtWVg,2024-01-06 06:21:03.896000+00:00,000, ,, , 
net_P01u3YwBSd_mrKXNtWVg,P01u3YwBSd_mrKXNtWVg,2024-01-06 06:21:06.590000+00:00,000, ,, , 
net_Qk1u3YwBSd_mrKXNwWUB,Qk1u3YwBSd_mrKXNwWUB,2024-01-06 06:21:10.976000+00:00,004, ,, , 
net_Q01u3YwBSd_mrKXNwWUB,Q01u3YwBSd_mrKXNwWUB,2024-01-06 06:21:10.977000+00:00,004, ,, , 
net_RE1u3YwBSd_mrKXNwWUB,RE1u3YwBSd_mrKXNwWUB,2024-01-06 06:21:10.984000+00:00,004, ,, , 
net_R01u3YwBSd_mrKXNwWUB,R01u3YwBSd_mrKXNwWUB,2024-01-06 06:21:11.032000+00:00,004, ,, , 
net_sk133YwBSd_mrKXNqWW2,sk133YwBSd_mrKXNqWW2,2024-01-06 06:30:48.774000+00:00,004, ,,sohaib,root(uid=0)
net_s0133YwBSd_mrKXNqWW2,s0133YwBSd_mrKXNqWW2,2024-01-06 06:30:48.774000+00:00,004, ,, ,root
net_tU133YwBSd_mrKXNqWW2,tU133YwBSd_mrKXNqWW2,2024-01-06 06:30:48.784000+00:00,004, ,, , 
net_qk123YwBSd_mrKXN4mVO,qk123YwBSd_mrKXN4mVO,2024-01-06 06:30:04.782000+00:00,004, ,, , 
net_uk143YwBSd_mrKXNC2VO,uk143YwBSd_mrKXNC2VO,2024-01-06 06:31:12.832000+00:00,004, ,, , 
net_UE1z3YwBSd_mrKXNwWWc,UE1z3YwBSd_mrKXNwWWc,2024-01-06 06:26:34.376000+00:00,004, ,, , 
net_W0103YwBSd_mrKXNSWXy,W0103YwBSd_mrKXNSWXy,2024-01-06 06:27:07.023000+00:00,000, ,, , 
net_SU1u3YwBSd_mrKXN4GVL,SU1u3YwBSd_mrKXN4GVL,2024-01-06 06:21:15.660000+00:00,000, ,, , 
net_2E2j3YwBSd_mrKXN12al,2E2j3YwBSd_mrKXN12al,2024-01-06 07:19:09.087000+00:00,004, ,, , 
net_2U2j3YwBSd_mrKXN12al,2U2j3YwBSd_mrKXN12al,2024-01-06 07:19:09.086000+00:00,004, ,, , 
net_3k2k3YwBSd_mrKXNMWaO,3k2k3YwBSd_mrKXNMWaO,2024-01-06 07:19:27.128000+00:00,004, ,, , 
net_302k3YwBSd_mrKXNMWaO,302k3YwBSd_mrKXNMWaO,2024-01-06 07:19:27.131000+00:00,004, ,, , 
net_1E2j3YwBSd_mrKXNvGZI,1E2j3YwBSd_mrKXNvGZI,2024-01-06 07:18:57.082000+00:00,004, ,, , 
net_1k2j3YwBSd_mrKXNvGZI,1k2j3YwBSd_mrKXNvGZI,2024-01-06 07:18:57.084000+00:00,004, ,, , 
net_y02j3YwBSd_mrKXNDGZx,y02j3YwBSd_mrKXNDGZx,2024-01-06 07:18:17.076000+00:00,004, ,, , 
net_zE2j3YwBSd_mrKXNDGZx,zE2j3YwBSd_mrKXNDGZx,2024-01-06 07:18:17.076000+00:00,004, ,, , 
net_0U2j3YwBSd_mrKXNgWas,0U2j3YwBSd_mrKXNgWas,2024-01-06 07:18:43.058000+00:00,004, ,, , 
net_vk2i3YwBSd_mrKXNXGaG,vk2i3YwBSd_mrKXNXGaG,2024-01-06 07:17:30.976000+00:00,004, ,, , 
net_yU2i3YwBSd_mrKXN8WYQ,yU2i3YwBSd_mrKXN8WYQ,2024-01-06 07:18:05.055000+00:00,004, ,, , 
net_zU2j3YwBSd_mrKXNR2YT,zU2j3YwBSd_mrKXNR2YT,2024-01-06 07:18:31.045000+00:00,004, ,, , 
net_Fk223YwBSd_mrKXNEmcS,Fk223YwBSd_mrKXNEmcS,2024-01-06 07:39:01.206000+00:00,004, ,, , 
net_F0223YwBSd_mrKXNEmcS,F0223YwBSd_mrKXNEmcS,2024-01-06 07:39:01.206000+00:00,004, ,, , 
net_GE223YwBSd_mrKXNEmcS,GE223YwBSd_mrKXNEmcS,2024-01-06 07:39:01.212000+00:00,004, ,, , 
net_G0223YwBSd_mrKXNEmcS,G0223YwBSd_mrKXNEmcS,2024-01-06 07:39:01.254000+00:00,004, ,, , 
net_Hk223YwBSd_mrKXNEmcS,Hk223YwBSd_mrKXNEmcS,2024-01-06 07:39:03.265000+00:00,004, ,, , 
net_IE223YwBSd_mrKXNEmcS,IE223YwBSd_mrKXNEmcS,2024-01-06 07:39:03.267000+00:00,004, ,, , 
net_IU223YwBSd_mrKXNEmcS,IU223YwBSd_mrKXNEmcS,2024-01-06 07:39:03.269000+00:00,004, ,, , 
net_Ik223YwBSd_mrKXNEmcS,Ik223YwBSd_mrKXNEmcS,2024-01-06 07:39:03.276000+00:00,004, ,, , 
net_I0223YwBSd_mrKXNEmcS,I0223YwBSd_mrKXNEmcS,2024-01-06 07:39:03.281000+00:00,004, ,, , 
net_JU223YwBSd_mrKXNEmcS,JU223YwBSd_mrKXNEmcS,2024-01-06 07:39:03.286000+00:00,004, ,, , 
net_Jk223YwBSd_mrKXNEmcS,Jk223YwBSd_mrKXNEmcS,2024-01-06 07:39:03.292000+00:00,004, ,, , 
net_J0223YwBSd_mrKXNEmcS,J0223YwBSd_mrKXNEmcS,2024-01-06 07:39:03.293000+00:00,004, ,, , 
net_KE223YwBSd_mrKXNEmcS,KE223YwBSd_mrKXNEmcS,2024-01-06 07:39:03.293000+00:00,004, ,, , 
net_KU223YwBSd_mrKXNEmcS,KU223YwBSd_mrKXNEmcS,2024-01-06 07:39:03.295000+00:00,004, ,, , 
net_LE223YwBSd_mrKXNEmcS,LE223YwBSd_mrKXNEmcS,2024-01-06 07:39:03.301000+00:00,004, ,, , 
net_Lk223YwBSd_mrKXNEmcS,Lk223YwBSd_mrKXNEmcS,2024-01-06 07:39:03.310000+00:00,004, ,, , 
net_L0223YwBSd_mrKXNFWfu,L0223YwBSd_mrKXNFWfu,2024-01-06 07:39:05.208000+00:00,004, ,, , 
net_5k2k3YwBSd_mrKXNh2Z9,5k2k3YwBSd_mrKXNh2Z9,2024-01-06 07:19:51.137000+00:00,004, ,, , 
net_B02w3YwBSd_mrKXNumdI,B02w3YwBSd_mrKXNumdI,2024-01-06 07:33:12.478000+00:00,004, ,, , 
net_CE2w3YwBSd_mrKXNumdI,CE2w3YwBSd_mrKXNumdI,2024-01-06 07:33:12.478000+00:00,004, ,, , 
net_Ck2w3YwBSd_mrKXNumdI,Ck2w3YwBSd_mrKXNumdI,2024-01-06 07:33:12.481000+00:00,004, ,, , 
net_C02w3YwBSd_mrKXNumdI,C02w3YwBSd_mrKXNumdI,2024-01-06 07:33:12.491000+00:00,004, ,, , 
net_9k2r3YwBSd_mrKXNTmae,9k2r3YwBSd_mrKXNTmae,2024-01-06 07:27:11.719000+00:00,004, ,, , 
net_'-02r3YwBSd_mrKXNTmae,'-02r3YwBSd_mrKXNTmae,2024-01-06 07:27:11.728000+00:00,004, ,, , 
net__E2r3YwBSd_mrKXNTmae,_E2r3YwBSd_mrKXNTmae,2024-01-06 07:27:11.727000+00:00,004, ,, , 
net__U2r3YwBSd_mrKXNTmae,_U2r3YwBSd_mrKXNTmae,2024-01-06 07:27:11.738000+00:00,004, ,, , 
net_EE2x3YwBSd_mrKXNkGf2,EE2x3YwBSd_mrKXNkGf2,2024-01-06 07:34:04.509000+00:00,004, ,, , 
net_Ek2x3YwBSd_mrKXNkGf2,Ek2x3YwBSd_mrKXNkGf2,2024-01-06 07:34:04.511000+00:00,004, ,, , 
net_602l3YwBSd_mrKXN02bM,602l3YwBSd_mrKXN02bM,2024-01-06 07:21:11.267000+00:00,004, ,, , 
net_8U2l3YwBSd_mrKXN02bM,8U2l3YwBSd_mrKXN02bM,2024-01-06 07:21:11.295000+00:00,004, ,, , 
net_NE223YwBSd_mrKXNNWct,NE223YwBSd_mrKXNNWct,2024-01-06 07:39:13.299000+00:00,004, ,, , 
net_Bk2v3YwBSd_mrKXNlWcs,Bk2v3YwBSd_mrKXNlWcs,2024-01-06 07:31:58.245000+00:00,004, ,, , 
net_5U2k3YwBSd_mrKXNTGbn,5U2k3YwBSd_mrKXNTGbn,2024-01-06 07:19:37.129000+00:00,004, ,, , 
net_wE2i3YwBSd_mrKXNl2Yp,wE2i3YwBSd_mrKXNl2Yp,2024-01-06 07:17:42.032000+00:00,000, ,, , 
net_kk3R3YwBSd_mrKXNp2d5,kk3R3YwBSd_mrKXNp2d5,2024-01-06 08:09:02.923000+00:00,004, ,, , 
net_lk3R3YwBSd_mrKXNp2d5,lk3R3YwBSd_mrKXNp2d5,2024-01-06 08:09:02.935000+00:00,004, ,, , 
net_mk3R3YwBSd_mrKXNp2d5,mk3R3YwBSd_mrKXNp2d5,2024-01-06 08:09:02.941000+00:00,004, ,, , 
net_nU3R3YwBSd_mrKXNp2d5,nU3R3YwBSd_mrKXNp2d5,2024-01-06 08:09:02.948000+00:00,004, ,, , 
net_oE3R3YwBSd_mrKXNp2d5,oE3R3YwBSd_mrKXNp2d5,2024-01-06 08:09:02.954000+00:00,004, ,, , 
net_oU3R3YwBSd_mrKXNp2d5,oU3R3YwBSd_mrKXNp2d5,2024-01-06 08:09:02.960000+00:00,004, ,, , 
net_o03R3YwBSd_mrKXNp2d5,o03R3YwBSd_mrKXNp2d5,2024-01-06 08:09:02.960000+00:00,004, ,, , 
net_qk063owBSd_mrKXNNWe6,qk063owBSd_mrKXNNWe6,2024-01-06 10:03:23.407000+00:00,004, ,, , 
net_q0063owBSd_mrKXNNWe6,q0063owBSd_mrKXNNWe6,2024-01-06 10:03:23.414000+00:00,004, ,, , 
net_rU063owBSd_mrKXNNWe6,rU063owBSd_mrKXNNWe6,2024-01-06 10:03:23.422000+00:00,004, ,, , 
net_rk063owBSd_mrKXNNWe6,rk063owBSd_mrKXNNWe6,2024-01-06 10:03:23.422000+00:00,004, ,, , 
net_sk063owBSd_mrKXNNWe6,sk063owBSd_mrKXNNWe6,2024-01-06 10:03:23.439000+00:00,004, ,, , 
net_tU063owBSd_mrKXNNWe6,tU063owBSd_mrKXNNWe6,2024-01-06 10:03:23.448000+00:00,004, ,, , 
net_uk063owBSd_mrKXNNWe6,uk063owBSd_mrKXNNWe6,2024-01-06 10:03:23.463000+00:00,004, ,, , 
net_vk063owBSd_mrKXNNWe6,vk063owBSd_mrKXNNWe6,2024-01-06 10:03:23.496000+00:00,004, ,, , 
net_v0063owBSd_mrKXNNWe6,v0063owBSd_mrKXNNWe6,2024-01-06 10:03:23.496000+00:00,004, ,, , 
net_wU063owBSd_mrKXNNWe6,wU063owBSd_mrKXNNWe6,2024-01-06 10:03:23.503000+00:00,004, ,, , 
net_xk063owBSd_mrKXNNWe6,xk063owBSd_mrKXNNWe6,2024-01-06 10:03:23.511000+00:00,004, ,, , 
net_x0063owBSd_mrKXNNWe6,x0063owBSd_mrKXNNWe6,2024-01-06 10:03:23.514000+00:00,004, ,, , 
net_yE063owBSd_mrKXNNWe6,yE063owBSd_mrKXNNWe6,2024-01-06 10:03:23.514000+00:00,004, ,, , 
net_yU063owBSd_mrKXNNWe6,yU063owBSd_mrKXNNWe6,2024-01-06 10:03:23.518000+00:00,004, ,, , 
net_zU063owBSd_mrKXNNWe6,zU063owBSd_mrKXNNWe6,2024-01-06 10:03:23.564000+00:00,004, ,, , 
net_z0063owBSd_mrKXNvWeM,z0063owBSd_mrKXNvWeM,2024-01-06 10:03:58.474000+00:00,004, ,, , 
net_bU3G3YwBSd_mrKXN3Ge0,bU3G3YwBSd_mrKXN3Ge0,2024-01-06 07:57:15.951000+00:00,004, ,, , 
net_bk3G3YwBSd_mrKXN3Ge0,bk3G3YwBSd_mrKXN3Ge0,2024-01-06 07:57:15.969000+00:00,004, ,, , 
net_b03G3YwBSd_mrKXN3Ge0,b03G3YwBSd_mrKXN3Ge0,2024-01-06 07:57:15.969000+00:00,004, ,, , 
net_cE3G3YwBSd_mrKXN3Ge0,cE3G3YwBSd_mrKXN3Ge0,2024-01-06 07:57:15.978000+00:00,004, ,, , 
net_cU3G3YwBSd_mrKXN3Ge0,cU3G3YwBSd_mrKXN3Ge0,2024-01-06 07:57:15.978000+00:00,004, ,, , 
net_Z03G3YwBSd_mrKXNLGen,Z03G3YwBSd_mrKXNLGen,2024-01-06 07:56:31.845000+00:00,004, ,, ,root
net_a03G3YwBSd_mrKXNLGen,a03G3YwBSd_mrKXNLGen,2024-01-06 07:56:31.853000+00:00,004, ,, , 
net_Wk3B3YwBSd_mrKXNSmfz,Wk3B3YwBSd_mrKXNSmfz,2024-01-06 07:51:13.122000+00:00,004, ,, , 
net_YE3B3YwBSd_mrKXNSmfz,YE3B3YwBSd_mrKXNSmfz,2024-01-06 07:51:15.150000+00:00,004, ,, , 
net_YU3B3YwBSd_mrKXNSmfz,YU3B3YwBSd_mrKXNSmfz,2024-01-06 07:51:15.186000+00:00,004, ,, , 
net_gU3K3YwBSd_mrKXNjmeI,gU3K3YwBSd_mrKXNjmeI,2024-01-06 08:01:24.389000+00:00,004, ,, , 
net_gk3K3YwBSd_mrKXNjmeI,gk3K3YwBSd_mrKXNjmeI,2024-01-06 08:01:24.434000+00:00,004, ,, , 
net_iE3M3YwBSd_mrKXNUWeG,iE3M3YwBSd_mrKXNUWeG,2024-01-06 08:03:16.679000+00:00,004, ,, , 
net_ik3M3YwBSd_mrKXNUWeG,ik3M3YwBSd_mrKXNUWeG,2024-01-06 08:03:16.694000+00:00,004, ,, , 
net_SU273YwBSd_mrKXNy2fZ,SU273YwBSd_mrKXNy2fZ,2024-01-06 07:45:14.396000+00:00,004, ,, , 
net_TU273YwBSd_mrKXNy2fZ,TU273YwBSd_mrKXNy2fZ,2024-01-06 07:45:14.403000+00:00,004, ,, , 
net_Uk2_3YwBSd_mrKXNAGd1,Uk2_3YwBSd_mrKXNAGd1,2024-01-06 07:48:46.859000+00:00,004, ,,sohaib,root
net_VE2_3YwBSd_mrKXNAGd1,VE2_3YwBSd_mrKXNAGd1,2024-01-06 07:48:46.914000+00:00,004, ,, ,root
net_fE3J3YwBSd_mrKXN_mcm,fE3J3YwBSd_mrKXN_mcm,2024-01-06 08:00:42.787000+00:00,000, ,, , 
net_fU3J3YwBSd_mrKXN_mcm,fU3J3YwBSd_mrKXN_mcm,2024-01-06 08:00:44.398000+00:00,000, ,, , 
net_EiqO1YwBBvI38zPExHV4,EiqO1YwBBvI38zPExHV4,2024-01-04 17:39:04.197000+00:00,004, ,, , 
net_EyqO1YwBBvI38zPExHV4,EyqO1YwBBvI38zPExHV4,2024-01-04 17:39:04.198000+00:00,004, ,, , 
net_FSqO1YwBBvI38zPExHV4,FSqO1YwBBvI38zPExHV4,2024-01-04 17:39:04.204000+00:00,004, ,, , 
net_FiqO1YwBBvI38zPExHV4,FiqO1YwBBvI38zPExHV4,2024-01-04 17:39:04.204000+00:00,004, ,, , 
net_FyqO1YwBBvI38zPExHV4,FyqO1YwBBvI38zPExHV4,2024-01-04 17:39:04.207000+00:00,004, ,, , 
net_GyqO1YwBBvI38zPExHV4,GyqO1YwBBvI38zPExHV4,2024-01-04 17:39:06.202000+00:00,004, ,, , 
net_HiqO1YwBBvI38zPExHV4,HiqO1YwBBvI38zPExHV4,2024-01-04 17:39:06.211000+00:00,004, ,, , 
net_ICqO1YwBBvI38zPExHV5,ICqO1YwBBvI38zPExHV5,2024-01-04 17:39:06.217000+00:00,004, ,, , 
net_IiqO1YwBBvI38zPExHV5,IiqO1YwBBvI38zPExHV5,2024-01-04 17:39:06.223000+00:00,004, ,, , 
net_JCqO1YwBBvI38zPExHV5,JCqO1YwBBvI38zPExHV5,2024-01-04 17:39:06.227000+00:00,004, ,, , 
net_0CqJ1YwBBvI38zPEk3RT,0CqJ1YwBBvI38zPEk3RT,2024-01-04 17:33:29.818000+00:00,004, ,, , 
net_2iqJ1YwBBvI38zPEl3RC,2iqJ1YwBBvI38zPEl3RC,2024-01-04 17:33:31.583000+00:00,004, ,, , 
net_3SqJ1YwBBvI38zPEl3RC,3SqJ1YwBBvI38zPEl3RC,2024-01-04 17:33:31.637000+00:00,004, ,, , 
net_4CqJ1YwBBvI38zPEl3RD,4CqJ1YwBBvI38zPEl3RD,2024-01-04 17:33:31.667000+00:00,004, ,, , 
net_4SqJ1YwBBvI38zPEl3RD,4SqJ1YwBBvI38zPEl3RD,2024-01-04 17:33:31.669000+00:00,004, ,, , 
net_5iqJ1YwBBvI38zPEl3RD,5iqJ1YwBBvI38zPEl3RD,2024-01-04 17:33:31.779000+00:00,004, ,, , 
net_8SqK1YwBBvI38zPEI3TU,8SqK1YwBBvI38zPEI3TU,2024-01-04 17:34:07.649000+00:00,004, ,, , 
net_9iqK1YwBBvI38zPEL3Sx,9iqK1YwBBvI38zPEL3Sx,2024-01-04 17:34:09.676000+00:00,004, ,, , 
net_'-CqK1YwBBvI38zPEL3Sx,'-CqK1YwBBvI38zPEL3Sx,2024-01-04 17:34:09.681000+00:00,004, ,, , 
net_'-iqK1YwBBvI38zPEL3Sx,'-iqK1YwBBvI38zPEL3Sx,2024-01-04 17:34:09.685000+00:00,004, ,, , 
net_LiqR1YwBBvI38zPEIXXy,LiqR1YwBBvI38zPEIXXy,2024-01-04 17:41:44.628000+00:00,004, ,, , 
net_MiqR1YwBBvI38zPEIXXz,MiqR1YwBBvI38zPEIXXz,2024-01-04 17:41:44.644000+00:00,004, ,, , 
net_NCqR1YwBBvI38zPEIXXz,NCqR1YwBBvI38zPEIXXz,2024-01-04 17:41:44.664000+00:00,004, ,, , 
net_5yqJ1YwBBvI38zPEsnR7,5yqJ1YwBBvI38zPEsnR7,2024-01-04 17:33:35.709000+00:00,004, ,, , 
net_6SqJ1YwBBvI38zPEtnRk,6SqJ1YwBBvI38zPEtnRk,2024-01-04 17:33:39.644000+00:00,004, ,, , 
net_AiqK1YwBBvI38zPEfXXY,AiqK1YwBBvI38zPEfXXY,2024-01-04 17:34:25.701000+00:00,004, ,, , 
net_AyqK1YwBBvI38zPEfXXY,AyqK1YwBBvI38zPEfXXY,2024-01-04 17:34:25.703000+00:00,004, ,, , 
net_BCqK1YwBBvI38zPEfXXY,BCqK1YwBBvI38zPEfXXY,2024-01-04 17:34:25.703000+00:00,004, ,, , 
net__SqK1YwBBvI38zPEP3RB,_SqK1YwBBvI38zPEP3RB,2024-01-04 17:34:13.672000+00:00,004, ,, , 
net__iqK1YwBBvI38zPEP3RB,_iqK1YwBBvI38zPEP3RB,2024-01-04 17:34:13.675000+00:00,004, ,, , 
net_ACqK1YwBBvI38zPEQ3U1,ACqK1YwBBvI38zPEQ3U1,2024-01-04 17:34:15.679000+00:00,004, ,, , 
net_ByqL1YwBBvI38zPEo3U0,ByqL1YwBBvI38zPEo3U0,2024-01-04 17:35:43.863000+00:00,004, ,, , 
net_CyqL1YwBBvI38zPEo3U0,CyqL1YwBBvI38zPEo3U0,2024-01-04 17:35:44.070000+00:00,004, ,, , 
net_DyqL1YwBBvI38zPEo3U0,DyqL1YwBBvI38zPEo3U0,2024-01-04 17:35:44.110000+00:00,004, ,, , 
net_6yqJ1YwBBvI38zPEwnQt,6yqJ1YwBBvI38zPEwnQt,2024-01-04 17:33:41.594000+00:00,004, ,, , 
net_7yqJ1YwBBvI38zPEwnQt,7yqJ1YwBBvI38zPEwnQt,2024-01-04 17:33:41.663000+00:00,004, ,, , 
net_8CqJ1YwBBvI38zPEwnQt,8CqJ1YwBBvI38zPEwnQt,2024-01-04 17:33:41.663000+00:00,004, ,, , 
net_tyqJ1YwBBvI38zPEf3TC,tyqJ1YwBBvI38zPEf3TC,2024-01-04 17:33:25.540000+00:00,004, ,, , 
net_vyqJ1YwBBvI38zPEf3TC,vyqJ1YwBBvI38zPEf3TC,2024-01-04 17:33:25.824000+00:00,004, ,, , 
net_wSqJ1YwBBvI38zPEf3TC,wSqJ1YwBBvI38zPEf3TC,2024-01-04 17:33:25.914000+00:00,004, ,, , 
net_wiqJ1YwBBvI38zPEf3TD,wiqJ1YwBBvI38zPEf3TD,2024-01-04 17:33:25.960000+00:00,004, ,, , 
net_xSqJ1YwBBvI38zPEg3SD,xSqJ1YwBBvI38zPEg3SD,2024-01-04 17:33:26.008000+00:00,004, ,, , 
net_xyqJ1YwBBvI38zPEh3R4,xyqJ1YwBBvI38zPEh3R4,2024-01-04 17:33:27.648000+00:00,004, ,, , 
net_ySqJ1YwBBvI38zPEh3R4,ySqJ1YwBBvI38zPEh3R4,2024-01-04 17:33:27.685000+00:00,004, ,, , 
net_yyqJ1YwBBvI38zPEh3R4,yyqJ1YwBBvI38zPEh3R4,2024-01-04 17:33:27.689000+00:00,004, ,, , 
net_oyqJ1YwBBvI38zPEcHQH,oyqJ1YwBBvI38zPEcHQH,2024-01-04 17:33:19.455000+00:00,004, ,, ,sohaib(uid=1000)
net_pCqJ1YwBBvI38zPEcHQH,pCqJ1YwBBvI38zPEcHQH,2024-01-04 17:33:19.453000+00:00,004,192.168.217.1,63071, ,sohaib
net_piqJ1YwBBvI38zPEcHQI,piqJ1YwBBvI38zPEcHQI,2024-01-04 17:33:21.457000+00:00,004, ,, ,sohaib(uid=1000)
net_qCqJ1YwBBvI38zPEe3TJ,qCqJ1YwBBvI38zPEe3TJ,2024-01-04 17:33:23.521000+00:00,004, ,, , 
net_qiqJ1YwBBvI38zPEe3TJ,qiqJ1YwBBvI38zPEe3TJ,2024-01-04 17:33:23.548000+00:00,004, ,, , 
net_qyqJ1YwBBvI38zPEe3TJ,qyqJ1YwBBvI38zPEe3TJ,2024-01-04 17:33:23.564000+00:00,004, ,, , 
net_syqJ1YwBBvI38zPEe3TK,syqJ1YwBBvI38zPEe3TK,2024-01-04 17:33:23.892000+00:00,004, ,, , 
net_oiqJ1YwBBvI38zPEVHS8,oiqJ1YwBBvI38zPEVHS8,2024-01-04 17:33:13.431000+00:00,004, ,, , 
net_PSqW1YwBBvI38zPEr3Ww,PSqW1YwBBvI38zPEr3Ww,2024-01-04 17:47:45.239000+00:00,004, ,, , 
net_QCqW1YwBBvI38zPEr3Ww,QCqW1YwBBvI38zPEr3Ww,2024-01-04 17:47:45.312000+00:00,004, ,, , 
net_QSqW1YwBBvI38zPEr3Ww,QSqW1YwBBvI38zPEr3Ww,2024-01-04 17:47:45.323000+00:00,004, ,, , 
net_QiqW1YwBBvI38zPEr3Ww,QiqW1YwBBvI38zPEr3Ww,2024-01-04 17:47:45.330000+00:00,004, ,, , 
net_QyqW1YwBBvI38zPEr3Ww,QyqW1YwBBvI38zPEr3Ww,2024-01-04 17:47:45.345000+00:00,004, ,, , 
net_Uyqc1YwBBvI38zPELnU1,Uyqc1YwBBvI38zPELnU1,2024-01-04 17:53:45.929000+00:00,004, ,, , 
net_Vyqc1YwBBvI38zPELnU1,Vyqc1YwBBvI38zPELnU1,2024-01-04 17:53:46.001000+00:00,004, ,, , 
net_WSqc1YwBBvI38zPELnU1,WSqc1YwBBvI38zPELnU1,2024-01-04 17:53:46.139000+00:00,004, ,, , 
net_ZSqg1YwBBvI38zPEznUh,ZSqg1YwBBvI38zPEznUh,2024-01-04 17:58:48.342000+00:00,004, ,, , 
net_Ziqg1YwBBvI38zPEznUh,Ziqg1YwBBvI38zPEznUh,2024-01-04 17:58:48.556000+00:00,004, ,, , 
net_RyqZ1YwBBvI38zPEAXVm,RyqZ1YwBBvI38zPEAXVm,2024-01-04 17:50:19.433000+00:00,004, ,, , 
net_SCqZ1YwBBvI38zPEAXVm,SCqZ1YwBBvI38zPEAXVm,2024-01-04 17:50:19.473000+00:00,004, ,, , 
net_Xiqd1YwBBvI38zPEU3VP,Xiqd1YwBBvI38zPEU3VP,2024-01-04 17:54:55.943000+00:00,000, ,, , 
net_Xyqd1YwBBvI38zPEU3VP,Xyqd1YwBBvI38zPEU3VP,2024-01-04 17:54:57.232000+00:00,000, ,, , 
net_Yyqg1YwBBvI38zPEWXUR,Yyqg1YwBBvI38zPEWXUR,2024-01-04 17:58:22.458000+00:00,000, ,, , 
net_ZCqg1YwBBvI38zPEk3Vq,ZCqg1YwBBvI38zPEk3Vq,2024-01-04 17:58:31.437000+00:00,000, ,, , 
net_TCqb1YwBBvI38zPEinVB,TCqb1YwBBvI38zPEinVB,2024-01-04 17:53:04.112000+00:00,000, ,, , 
net_jyqq1YwBBvI38zPELXXR,jyqq1YwBBvI38zPELXXR,2024-01-04 18:09:03.683000+00:00,004, ,, , 
net_lSqq1YwBBvI38zPELXXR,lSqq1YwBBvI38zPELXXR,2024-01-04 18:09:05.463000+00:00,004, ,, , 
net_liqq1YwBBvI38zPELXXR,liqq1YwBBvI38zPELXXR,2024-01-04 18:09:05.466000+00:00,004, ,, , 
net_mCqq1YwBBvI38zPELXXR,mCqq1YwBBvI38zPELXXR,2024-01-04 18:09:05.678000+00:00,004, ,, , 
net_myqq1YwBBvI38zPELXXS,myqq1YwBBvI38zPELXXS,2024-01-04 18:09:07.439000+00:00,004, ,, , 
net_nCqq1YwBBvI38zPELXXS,nCqq1YwBBvI38zPELXXS,2024-01-04 18:09:07.439000+00:00,004, ,, , 
net_pyqq1YwBBvI38zPELXXS,pyqq1YwBBvI38zPELXXS,2024-01-04 18:09:07.471000+00:00,004, ,, , 
net_qyqr1YwBBvI38zPEUnWT,qyqr1YwBBvI38zPEUnWT,2024-01-04 18:10:15.532000+00:00,004, ,, , 
net_rCqr1YwBBvI38zPEUnWT,rCqr1YwBBvI38zPEUnWT,2024-01-04 18:10:15.532000+00:00,004, ,, , 
net_rSqr1YwBBvI38zPEUnWT,rSqr1YwBBvI38zPEUnWT,2024-01-04 18:10:15.532000+00:00,004, ,, , 
net_siqs1YwBBvI38zPEsnU3,siqs1YwBBvI38zPEsnU3,2024-01-04 18:11:47.827000+00:00,004, ,, , 
net_syqs1YwBBvI38zPEsnU3,syqs1YwBBvI38zPEsnU3,2024-01-04 18:11:47.831000+00:00,004, ,, , 
net_hCqn1YwBBvI38zPEH3Xf,hCqn1YwBBvI38zPEH3Xf,2024-01-04 18:05:47.291000+00:00,004, ,, , 
net_hiqn1YwBBvI38zPEH3Xf,hiqn1YwBBvI38zPEH3Xf,2024-01-04 18:05:47.315000+00:00,004, ,, , 
net_jCqn1YwBBvI38zPEWnWC,jCqn1YwBBvI38zPEWnWC,2024-01-04 18:05:59.168000+00:00,004, ,, , 
net_jSqn1YwBBvI38zPEWnWC,jSqn1YwBBvI38zPEWnWC,2024-01-04 18:05:59.217000+00:00,004, ,, , 
net_aSqh1YwBBvI38zPEpXUd,aSqh1YwBBvI38zPEpXUd,2024-01-04 17:59:46.649000+00:00,004, ,, , 
net_eCqi1YwBBvI38zPE8XVY,eCqi1YwBBvI38zPE8XVY,2024-01-04 18:01:07.573000+00:00,000, ,, , 
net_eiqi1YwBBvI38zPE8XVY,eiqi1YwBBvI38zPE8XVY,2024-01-04 18:01:08.799000+00:00,000, ,, , 
net_riqr1YwBBvI38zPE23Uc,riqr1YwBBvI38zPE23Uc,2024-01-04 18:10:51.041000+00:00,000, ,, , 
net_fiqm1YwBBvI38zPEVHWp,fiqm1YwBBvI38zPEVHWp,2024-01-04 18:04:49.601000+00:00,000, ,, , 
net_RSqY1YwBBvI38zPE5nXT,RSqY1YwBBvI38zPE5nXT,2024-01-04 17:50:12.539000+00:00,000, ,, , 
net_5Sq31YwBBvI38zPEqHUa,5Sq31YwBBvI38zPEqHUa,2024-01-04 18:23:49.223000+00:00,004, ,, , 
net_5iq31YwBBvI38zPEqHUa,5iq31YwBBvI38zPEqHUa,2024-01-04 18:23:49.375000+00:00,004, ,, , 
net_6yq31YwBBvI38zPEqHUb,6yq31YwBBvI38zPEqHUb,2024-01-04 18:23:49.394000+00:00,004, ,, , 
net_zCqx1YwBBvI38zPEgXUB,zCqx1YwBBvI38zPEgXUB,2024-01-04 18:17:04.347000+00:00,004, ,, , 
net_zSqx1YwBBvI38zPEgXUB,zSqx1YwBBvI38zPEgXUB,2024-01-04 18:17:04.348000+00:00,004, ,, , 
net_1Cqy1YwBBvI38zPEMHX2,1Cqy1YwBBvI38zPEMHX2,2024-01-04 18:17:48.599000+00:00,004, ,, , 
net_1iqy1YwBBvI38zPEMHX2,1iqy1YwBBvI38zPEMHX2,2024-01-04 18:17:48.601000+00:00,004, ,, , 
net_yCqx1YwBBvI38zPEZnUB,yCqx1YwBBvI38zPEZnUB,2024-01-04 18:17:00.268000+00:00,004, ,, , 
net_ySqx1YwBBvI38zPEZnUB,ySqx1YwBBvI38zPEZnUB,2024-01-04 18:17:00.279000+00:00,004, ,, , 
net_9yq51YwBBvI38zPED3V9,9yq51YwBBvI38zPED3V9,2024-01-04 18:25:13.307000+00:00,004, ,, , 
net_7Sq41YwBBvI38zPEMHWt,7Sq41YwBBvI38zPEMHWt,2024-01-04 18:24:19.219000+00:00,004, ,, , 
net_4yq01YwBBvI38zPE1XUH,4yq01YwBBvI38zPE1XUH,2024-01-04 18:20:44.775000+00:00,004, ,, , 
net_2Cqy1YwBBvI38zPEuXXT,2Cqy1YwBBvI38zPEuXXT,2024-01-04 18:18:23.363000+00:00,000, ,, , 
net_2Sqy1YwBBvI38zPEuXXT,2Sqy1YwBBvI38zPEuXXT,2024-01-04 18:18:23.407000+00:00,000, ,, , 
net_uiqv1YwBBvI38zPEYHVh,uiqv1YwBBvI38zPEYHVh,2024-01-04 18:14:40.404000+00:00,000, ,, , 
net_HirC1YwBBvI38zPExXYJ,HirC1YwBBvI38zPExXYJ,2024-01-04 18:35:50.584000+00:00,004, ,, , 
net_IyrC1YwBBvI38zPExXYK,IyrC1YwBBvI38zPExXYK,2024-01-04 18:35:50.765000+00:00,004, ,, , 
net_JCrC1YwBBvI38zPExXYK,JCrC1YwBBvI38zPExXYK,2024-01-04 18:35:50.768000+00:00,004, ,, , 
net_JSrC1YwBBvI38zPExXYL,JSrC1YwBBvI38zPExXYL,2024-01-04 18:35:50.770000+00:00,004, ,, , 
net_JirC1YwBBvI38zPExXYL,JirC1YwBBvI38zPExXYL,2024-01-04 18:35:50.775000+00:00,004, ,, , 
net_ASq91YwBBvI38zPELnad,ASq91YwBBvI38zPELnad,2024-01-04 18:29:50.011000+00:00,004, ,, , 
net_Aiq91YwBBvI38zPELnad,Aiq91YwBBvI38zPELnad,2024-01-04 18:29:50.012000+00:00,004, ,, , 
net_CCq91YwBBvI38zPELnad,CCq91YwBBvI38zPELnad,2024-01-04 18:29:50.111000+00:00,004, ,, , 
net_'-iq81YwBBvI38zPEpnUE,'-iq81YwBBvI38zPEpnUE,2024-01-04 18:29:11.682000+00:00,004, ,, , 
net_'-yq81YwBBvI38zPEpnUE,'-yq81YwBBvI38zPEpnUE,2024-01-04 18:29:11.683000+00:00,004, ,, , 
net__Cq81YwBBvI38zPEpnUE,_Cq81YwBBvI38zPEpnUE,2024-01-04 18:29:11.683000+00:00,004, ,, , 
net__yq81YwBBvI38zPEpnUE,_yq81YwBBvI38zPEpnUE,2024-01-04 18:29:17.703000+00:00,004, ,, , 
net_EirA1YwBBvI38zPEPHZr,EirA1YwBBvI38zPEPHZr,2024-01-04 18:33:04.261000+00:00,004, ,, , 
net_EyrA1YwBBvI38zPEPHZr,EyrA1YwBBvI38zPEPHZr,2024-01-04 18:33:04.261000+00:00,004, ,, , 
net_FCrA1YwBBvI38zPEPHZr,FCrA1YwBBvI38zPEPHZr,2024-01-04 18:33:04.262000+00:00,004, ,, , 
net_FSrB1YwBBvI38zPEr3Zb,FSrB1YwBBvI38zPEr3Zb,2024-01-04 18:34:40.456000+00:00,004, ,, , 
net_GCrB1YwBBvI38zPEunb2,GCrB1YwBBvI38zPEunb2,2024-01-04 18:34:50.478000+00:00,004, ,, , 
net_ESq-1YwBBvI38zPEyHbW,ESq-1YwBBvI38zPEyHbW,2024-01-04 18:31:32.120000+00:00,004, ,, , 
net_Dyq91YwBBvI38zPEaXYm,Dyq91YwBBvI38zPEaXYm,2024-01-04 18:30:04.055000+00:00,004, ,, , 
net_GSrB1YwBBvI38zPExnbA,GSrB1YwBBvI38zPExnbA,2024-01-04 18:34:54.467000+00:00,004, ,, , 
net_ECq-1YwBBvI38zPEGHb4,ECq-1YwBBvI38zPEGHb4,2024-01-04 18:30:49.447000+00:00,000, ,, , 
net_KirF1YwBBvI38zPEq3a6,KirF1YwBBvI38zPEq3a6,2024-01-04 18:39:04.917000+00:00,004, ,, , 
net_LCrF1YwBBvI38zPEq3a7,LCrF1YwBBvI38zPEq3a7,2024-01-04 18:39:04.924000+00:00,004, ,, , 
net_LyrF1YwBBvI38zPEq3a7,LyrF1YwBBvI38zPEq3a7,2024-01-04 18:39:04.939000+00:00,004, ,, , 
net_PirF1YwBBvI38zPEq3a7,PirF1YwBBvI38zPEq3a7,2024-01-04 18:39:06.981000+00:00,004, ,, , 
net_PyrF1YwBBvI38zPEq3a7,PyrF1YwBBvI38zPEq3a7,2024-01-04 18:39:08.956000+00:00,004, ,, , 
net_USrI1YwBBvI38zPER3af,USrI1YwBBvI38zPER3af,2024-01-04 18:41:51.353000+00:00,004, ,, , 
net_UyrI1YwBBvI38zPER3ag,UyrI1YwBBvI38zPER3ag,2024-01-04 18:41:51.358000+00:00,004, ,, , 
net_VSrI1YwBBvI38zPER3ag,VSrI1YwBBvI38zPER3ag,2024-01-04 18:41:51.363000+00:00,004, ,, , 
net_VirI1YwBBvI38zPER3ag,VirI1YwBBvI38zPER3ag,2024-01-04 18:41:51.425000+00:00,004, ,, , 
net_aSrN1YwBBvI38zPEsnbd,aSrN1YwBBvI38zPEsnbd,2024-01-04 18:47:51.979000+00:00,004, ,, , 
net_byrN1YwBBvI38zPEsnbd,byrN1YwBBvI38zPEsnbd,2024-01-04 18:47:52.138000+00:00,004, ,, , 
net_cSrN1YwBBvI38zPEsnbd,cSrN1YwBBvI38zPEsnbd,2024-01-04 18:47:52.151000+00:00,004, ,, , 
net_JyrE1YwBBvI38zPEhnZC,JyrE1YwBBvI38zPEhnZC,2024-01-04 18:37:52.989000+00:00,004, ,, , 
net_KCrE1YwBBvI38zPEhnZC,KCrE1YwBBvI38zPEhnZC,2024-01-04 18:37:53.031000+00:00,004, ,, , 
net_dirP1YwBBvI38zPErnax,dirP1YwBBvI38zPErnax,2024-01-04 18:49:58.207000+00:00,004, ,, , 
net_cirP1YwBBvI38zPETXYb,cirP1YwBBvI38zPETXYb,2024-01-04 18:49:36.170000+00:00,004, ,, , 
net_WCrI1YwBBvI38zPE43a2,WCrI1YwBBvI38zPE43a2,2024-01-04 18:42:33.437000+00:00,004, ,, , 
net_YirN1YwBBvI38zPEUXYp,YirN1YwBBvI38zPEUXYp,2024-01-04 18:47:29.885000+00:00,004, ,,root,root
net_ZSrN1YwBBvI38zPEUXYp,ZSrN1YwBBvI38zPEUXYp,2024-01-04 18:47:29.885000+00:00,004, ,,sohaib,root(uid=0)
net_SSrH1YwBBvI38zPE5Xbn,SSrH1YwBBvI38zPE5Xbn,2024-01-04 18:41:29.175000+00:00,004, ,, ,root
net_SirH1YwBBvI38zPE5Xbn,SirH1YwBBvI38zPE5Xbn,2024-01-04 18:41:29.175000+00:00,004, ,,sohaib,root(uid=0)
net_nirY1YwBBvI38zPEqHbN,nirY1YwBBvI38zPEqHbN,2024-01-04 18:59:53.430000+00:00,004, ,, , 
net_nyrY1YwBBvI38zPEqHbN,nyrY1YwBBvI38zPEqHbN,2024-01-04 18:59:53.431000+00:00,004, ,, , 
net_oSrY1YwBBvI38zPEqHbN,oSrY1YwBBvI38zPEqHbN,2024-01-04 18:59:53.505000+00:00,004, ,, , 
net_oirY1YwBBvI38zPEqHbN,oirY1YwBBvI38zPEqHbN,2024-01-04 18:59:53.512000+00:00,004, ,, , 
net_gSrT1YwBBvI38zPENHZn,gSrT1YwBBvI38zPENHZn,2024-01-04 18:53:52.844000+00:00,004, ,, , 
net_girT1YwBBvI38zPENHZn,girT1YwBBvI38zPENHZn,2024-01-04 18:53:52.845000+00:00,004, ,, , 
net_hCrT1YwBBvI38zPENHZn,hCrT1YwBBvI38zPENHZn,2024-01-04 18:53:52.856000+00:00,004, ,, , 
net_jSrX1YwBBvI38zPEj3ZN,jSrX1YwBBvI38zPEj3ZN,2024-01-04 18:58:35.118000+00:00,004, ,, , 
net_jirX1YwBBvI38zPEj3ZN,jirX1YwBBvI38zPEj3ZN,2024-01-04 18:58:35.120000+00:00,004, ,, , 
net_kCrX1YwBBvI38zPEj3ZN,kCrX1YwBBvI38zPEj3ZN,2024-01-04 18:58:35.126000+00:00,004, ,, , 
net_fCrS1YwBBvI38zPEz3bw,fCrS1YwBBvI38zPEz3bw,2024-01-04 18:53:30.512000+00:00,004, ,, , 
net_iSrV1YwBBvI38zPEHXbT,iSrV1YwBBvI38zPEHXbT,2024-01-04 18:56:00.919000+00:00,004, ,, , 
net_lSrX1YwBBvI38zPEqnZ8,lSrX1YwBBvI38zPEqnZ8,2024-01-04 18:58:45.179000+00:00,004, ,, , 
net_lyrX1YwBBvI38zPExXbj,lyrX1YwBBvI38zPExXbj,2024-01-04 18:58:55.208000+00:00,004, ,, , 
net_mCrY1YwBBvI38zPEnHbc,mCrY1YwBBvI38zPEnHbc,2024-01-04 18:59:49.271000+00:00,004, ,, , 
net_eCrQ1YwBBvI38zPE-3YX,eCrQ1YwBBvI38zPE-3YX,2024-01-04 18:51:24.355000+00:00,004, ,, , 
net__Srf1YwBBvI38zPEp3Yc,_Srf1YwBBvI38zPEp3Yc,2024-01-04 19:07:24.256000+00:00,004, ,,root,root
net__irf1YwBBvI38zPEp3Yc,_irf1YwBBvI38zPEp3Yc,2024-01-04 19:07:24.277000+00:00,004, ,,sohaib,root(uid=0)
net__yrf1YwBBvI38zPEp3Yc,_yrf1YwBBvI38zPEp3Yc,2024-01-04 19:07:24.277000+00:00,004, ,, , 
net_ACrf1YwBBvI38zPEp3cd,ACrf1YwBBvI38zPEp3cd,2024-01-04 19:07:24.323000+00:00,004, ,, , 
net_Airf1YwBBvI38zPEp3cd,Airf1YwBBvI38zPEp3cd,2024-01-04 19:07:26.285000+00:00,004, ,, , 
net_BCrf1YwBBvI38zPEp3cd,BCrf1YwBBvI38zPEp3cd,2024-01-04 19:07:32.318000+00:00,004, ,, , 
net_qSrY1YwBBvI38zPE43Zz,qSrY1YwBBvI38zPE43Zz,2024-01-04 19:00:07.446000+00:00,004, ,, , 
net_qyrY1YwBBvI38zPE43Zz,qyrY1YwBBvI38zPE43Zz,2024-01-04 19:00:07.459000+00:00,004, ,, , 
net_ryrY1YwBBvI38zPE43Zz,ryrY1YwBBvI38zPE43Zz,2024-01-04 19:00:07.475000+00:00,004, ,, , 
net_tCrY1YwBBvI38zPE53aB,tCrY1YwBBvI38zPE53aB,2024-01-04 19:00:09.440000+00:00,004, ,, , 
net_tSrY1YwBBvI38zPE53aB,tSrY1YwBBvI38zPE53aB,2024-01-04 19:00:09.443000+00:00,004, ,, , 
net_uSrY1YwBBvI38zPE53aB,uSrY1YwBBvI38zPE53aB,2024-01-04 19:00:09.473000+00:00,004, ,, , 
net_uyrY1YwBBvI38zPE53aB,uyrY1YwBBvI38zPE53aB,2024-01-04 19:00:09.492000+00:00,004, ,, , 
net_wirY1YwBBvI38zPE53aB,wirY1YwBBvI38zPE53aB,2024-01-04 19:00:09.553000+00:00,004, ,, , 
net_xSrY1YwBBvI38zPE63ZA,xSrY1YwBBvI38zPE63ZA,2024-01-04 19:00:09.606000+00:00,004, ,, , 
net_xirY1YwBBvI38zPE73Y0,xirY1YwBBvI38zPE73Y0,2024-01-04 19:00:11.883000+00:00,004, ,, , 
net_xyrY1YwBBvI38zPE73Y0,xyrY1YwBBvI38zPE73Y0,2024-01-04 19:00:11.921000+00:00,004, ,, , 
net_yCrY1YwBBvI38zPE73Y0,yCrY1YwBBvI38zPE73Y0,2024-01-04 19:00:11.923000+00:00,004, ,, , 
net_ySrY1YwBBvI38zPE73Y0,ySrY1YwBBvI38zPE73Y0,2024-01-04 19:00:11.936000+00:00,004, ,, , 
net_yirY1YwBBvI38zPE83YW,yirY1YwBBvI38zPE83YW,2024-01-04 19:00:12.007000+00:00,004, ,, , 
net_6ire1YwBBvI38zPETnbh,6ire1YwBBvI38zPETnbh,2024-01-04 19:06:04.137000+00:00,004, ,, ,root
net_6yre1YwBBvI38zPETnbh,6yre1YwBBvI38zPETnbh,2024-01-04 19:06:04.139000+00:00,004, ,, , 
net_7Sre1YwBBvI38zPETnbh,7Sre1YwBBvI38zPETnbh,2024-01-04 19:06:04.164000+00:00,004, ,, , 
net_8ire1YwBBvI38zPEbnY_,8ire1YwBBvI38zPEbnY_,2024-01-04 19:06:10.172000+00:00,004, ,, , 
net_'-ire1YwBBvI38zPE0HZA,'-ire1YwBBvI38zPE0HZA,2024-01-04 19:06:30.207000+00:00,004, ,, , 
net_2Sre1YwBBvI38zPEK3bk,2Sre1YwBBvI38zPEK3bk,2024-01-04 19:05:54.130000+00:00,004, ,, , 
net_5ire1YwBBvI38zPEL3aS,5ire1YwBBvI38zPEL3aS,2024-01-04 19:05:56.167000+00:00,004, ,, , 
net_0Sra1YwBBvI38zPE9nb8,0Sra1YwBBvI38zPE9nb8,2024-01-04 19:02:21.671000+00:00,004, ,, , 
net_0ira1YwBBvI38zPE9nb8,0ira1YwBBvI38zPE9nb8,2024-01-04 19:02:21.671000+00:00,004, ,, , 
net_zSrZ1YwBBvI38zPEm3Yk,zSrZ1YwBBvI38zPEm3Yk,2024-01-04 19:00:46.558000+00:00,004, ,, , 
net_LCrh1YwBBvI38zPEHnec,LCrh1YwBBvI38zPEHnec,2024-01-04 19:09:02.509000+00:00,004, ,, , 
net_Lirh1YwBBvI38zPEHnec,Lirh1YwBBvI38zPEHnec,2024-01-04 19:09:02.510000+00:00,004, ,, , 
net_Lyrh1YwBBvI38zPEHnec,Lyrh1YwBBvI38zPEHnec,2024-01-04 19:09:02.556000+00:00,004, ,, , 
net_MCrh1YwBBvI38zPEHnec,MCrh1YwBBvI38zPEHnec,2024-01-04 19:09:02.557000+00:00,004, ,, , 
net_Myrh1YwBBvI38zPEHnec,Myrh1YwBBvI38zPEHnec,2024-01-04 19:09:04.493000+00:00,004, ,, , 
net_NCrh1YwBBvI38zPEHned,NCrh1YwBBvI38zPEHned,2024-01-04 19:09:04.494000+00:00,004, ,, , 
net_Nyrh1YwBBvI38zPEHned,Nyrh1YwBBvI38zPEHned,2024-01-04 19:09:04.503000+00:00,004, ,, , 
net_OSrh1YwBBvI38zPEHned,OSrh1YwBBvI38zPEHned,2024-01-04 19:09:04.523000+00:00,004, ,, , 
net_PSrh1YwBBvI38zPEHned,PSrh1YwBBvI38zPEHned,2024-01-04 19:09:04.540000+00:00,004, ,, , 
net_Pirh1YwBBvI38zPEHned,Pirh1YwBBvI38zPEHned,2024-01-04 19:09:04.546000+00:00,004, ,, , 
net_Pyrh1YwBBvI38zPEHned,Pyrh1YwBBvI38zPEHned,2024-01-04 19:09:04.548000+00:00,004, ,, , 
net_QCrh1YwBBvI38zPEHned,QCrh1YwBBvI38zPEHned,2024-01-04 19:09:04.550000+00:00,004, ,, , 
net_Dyrg1YwBBvI38zPEvHfY,Dyrg1YwBBvI38zPEvHfY,2024-01-04 19:08:38.506000+00:00,004, ,, , 
net_FCrg1YwBBvI38zPEvHfY,FCrg1YwBBvI38zPEvHfY,2024-01-04 19:08:40.537000+00:00,004, ,, , 
net_FSrg1YwBBvI38zPEvHfY,FSrg1YwBBvI38zPEvHfY,2024-01-04 19:08:40.548000+00:00,004, ,, , 
net_GCrg1YwBBvI38zPEvHfZ,GCrg1YwBBvI38zPEvHfZ,2024-01-04 19:08:40.559000+00:00,004, ,, , 
net_Girg1YwBBvI38zPEvHfZ,Girg1YwBBvI38zPEvHfZ,2024-01-04 19:08:40.570000+00:00,004, ,, , 
net_ISrg1YwBBvI38zPEvHfZ,ISrg1YwBBvI38zPEvHfZ,2024-01-04 19:08:40.594000+00:00,004, ,, , 
net_Iyrg1YwBBvI38zPEvHfZ,Iyrg1YwBBvI38zPEvHfZ,2024-01-04 19:08:40.605000+00:00,004, ,, , 
net_Byrg1YwBBvI38zPEWnfd,Byrg1YwBBvI38zPEWnfd,2024-01-04 19:08:10.416000+00:00,004, ,,root,root
net_CCrg1YwBBvI38zPEWnfd,CCrg1YwBBvI38zPEWnfd,2024-01-04 19:08:12.380000+00:00,004, ,, , 
net_Qyrj1YwBBvI38zPEyndB,Qyrj1YwBBvI38zPEyndB,2024-01-04 19:11:54.786000+00:00,004, ,, , 
net_Ryrj1YwBBvI38zPEyndB,Ryrj1YwBBvI38zPEyndB,2024-01-04 19:11:54.843000+00:00,004, ,, , 
net_SSrj1YwBBvI38zPEyndB,SSrj1YwBBvI38zPEyndB,2024-01-04 19:11:54.901000+00:00,004, ,, , 
net_Syrj1YwBBvI38zPEyndB,Syrj1YwBBvI38zPEyndB,2024-01-04 19:11:54.905000+00:00,004, ,, , 
net_Xyru1YwBBvI38zPEwHfB,Xyru1YwBBvI38zPEwHfB,2024-01-04 19:23:55.815000+00:00,004, ,, , 
net_Yyru1YwBBvI38zPEwHfB,Yyru1YwBBvI38zPEwHfB,2024-01-04 19:23:55.829000+00:00,004, ,, , 
net_cir01YwBBvI38zPEP3dr,cir01YwBBvI38zPEP3dr,2024-01-04 19:29:56.352000+00:00,004, ,, , 
net_dCr01YwBBvI38zPEP3dr,dCr01YwBBvI38zPEP3dr,2024-01-04 19:29:56.396000+00:00,004, ,, , 
net_Uyro1YwBBvI38zPEcXfR,Uyro1YwBBvI38zPEcXfR,2024-01-04 19:17:03.306000+00:00,004, ,, , 
net_WSrp1YwBBvI38zPESHfE,WSrp1YwBBvI38zPESHfE,2024-01-04 19:17:55.326000+00:00,004, ,, , 
net_BSrf1YwBBvI38zPEqnfe,BSrf1YwBBvI38zPEqnfe,2024-01-04 19:07:32.360000+00:00,004, ,, , 
net_gyr81YwBBvI38zPEkXcz,gyr81YwBBvI38zPEkXcz,2024-01-04 19:39:03.100000+00:00,004, ,, , 
net_hSr81YwBBvI38zPEkXcz,hSr81YwBBvI38zPEkXcz,2024-01-04 19:39:03.107000+00:00,004, ,, , 
net_hir81YwBBvI38zPEkXcz,hir81YwBBvI38zPEkXcz,2024-01-04 19:39:03.108000+00:00,004, ,, , 
net_hyr81YwBBvI38zPEkXcz,hyr81YwBBvI38zPEkXcz,2024-01-04 19:39:03.116000+00:00,004, ,, , 
net_iSr81YwBBvI38zPEkXcz,iSr81YwBBvI38zPEkXcz,2024-01-04 19:39:03.122000+00:00,004, ,, , 
net_iir81YwBBvI38zPEkXcz,iir81YwBBvI38zPEkXcz,2024-01-04 19:39:03.122000+00:00,004, ,, , 
net_jCr81YwBBvI38zPEkXcz,jCr81YwBBvI38zPEkXcz,2024-01-04 19:39:03.129000+00:00,004, ,, , 
net_jyr81YwBBvI38zPEkXcz,jyr81YwBBvI38zPEkXcz,2024-01-04 19:39:03.137000+00:00,004, ,, , 
net_kCr81YwBBvI38zPEkXcz,kCr81YwBBvI38zPEkXcz,2024-01-04 19:39:03.137000+00:00,004, ,, , 
net_lCr81YwBBvI38zPEkXc0,lCr81YwBBvI38zPEkXc0,2024-01-04 19:39:03.144000+00:00,004, ,, , 
net_lir81YwBBvI38zPEkXc0,lir81YwBBvI38zPEkXc0,2024-01-04 19:39:03.153000+00:00,004, ,, , 
net_4ioY1owBBvI38zPECncp,4ioY1owBBvI38zPECncp,2024-01-04 20:09:03.774000+00:00,004, ,, , 
net_5yoY1owBBvI38zPECncp,5yoY1owBBvI38zPECncp,2024-01-04 20:09:03.781000+00:00,004, ,, , 
net_6CoY1owBBvI38zPECncp,6CoY1owBBvI38zPECncp,2024-01-04 20:09:03.776000+00:00,004, ,, , 
net_6yoY1owBBvI38zPECncp,6yoY1owBBvI38zPECncp,2024-01-04 20:09:03.789000+00:00,004, ,, , 
net_7CoY1owBBvI38zPECncp,7CoY1owBBvI38zPECncp,2024-01-04 20:09:03.793000+00:00,004, ,, , 
net_7ioY1owBBvI38zPECncp,7ioY1owBBvI38zPECncp,2024-01-04 20:09:03.794000+00:00,004, ,, , 
net_8SoY1owBBvI38zPECncp,8SoY1owBBvI38zPECncp,2024-01-04 20:09:03.803000+00:00,004, ,, , 
net_9ioY1owBBvI38zPECncp,9ioY1owBBvI38zPECncp,2024-01-04 20:09:03.818000+00:00,004, ,, , 
net_9yoY1owBBvI38zPECncp,9yoY1owBBvI38zPECncp,2024-01-04 20:09:03.818000+00:00,004, ,, , 
net_'-ioa1owBBvI38zPEtXe8,'-ioa1owBBvI38zPEtXe8,2024-01-04 20:12:00.007000+00:00,004, ,, , 
net__Coa1owBBvI38zPEtXe8,_Coa1owBBvI38zPEtXe8,2024-01-04 20:12:00.058000+00:00,004, ,, , 
net__Soa1owBBvI38zPEtXe8,_Soa1owBBvI38zPEtXe8,2024-01-04 20:12:00.072000+00:00,004, ,, , 
net__ioa1owBBvI38zPEtXe8,_ioa1owBBvI38zPEtXe8,2024-01-04 20:12:00.072000+00:00,004, ,, , 
net__yoa1owBBvI38zPEtXe8,_yoa1owBBvI38zPEtXe8,2024-01-04 20:12:00.072000+00:00,004, ,, , 
net_ACoa1owBBvI38zPEtXi8,ACoa1owBBvI38zPEtXi8,2024-01-04 20:12:00.077000+00:00,004, ,, , 
net_yioP1owBBvI38zPEuHeu,yioP1owBBvI38zPEuHeu,2024-01-04 19:59:58.935000+00:00,004, ,, , 
net_yyoP1owBBvI38zPEuHeu,yyoP1owBBvI38zPEuHeu,2024-01-04 19:59:58.936000+00:00,004, ,, , 
net_zCoP1owBBvI38zPEuHeu,zCoP1owBBvI38zPEuHeu,2024-01-04 19:59:58.940000+00:00,004, ,, , 
net_0SoP1owBBvI38zPEuHeu,0SoP1owBBvI38zPEuHeu,2024-01-04 19:59:58.953000+00:00,004, ,, , 
net_0ioP1owBBvI38zPEuHeu,0ioP1owBBvI38zPEuHeu,2024-01-04 19:59:58.955000+00:00,004, ,, , 
net_eir51YwBBvI38zPEvncP,eir51YwBBvI38zPEvncP,2024-01-04 19:35:56.851000+00:00,004, ,, , 
net_eyr51YwBBvI38zPEvncP,eyr51YwBBvI38zPEvncP,2024-01-04 19:35:56.913000+00:00,004, ,, , 
net_fir51YwBBvI38zPEvncP,fir51YwBBvI38zPEvncP,2024-01-04 19:35:56.919000+00:00,004, ,, , 
net_fyr51YwBBvI38zPEvncP,fyr51YwBBvI38zPEvncP,2024-01-04 19:35:56.921000+00:00,004, ,, , 
net_2CoV1owBBvI38zPEN3dD,2CoV1owBBvI38zPEN3dD,2024-01-04 20:05:59.493000+00:00,004, ,, , 
net_3CoV1owBBvI38zPEN3dD,3CoV1owBBvI38zPEN3dD,2024-01-04 20:05:59.511000+00:00,004, ,, , 
net_3SoV1owBBvI38zPEN3dD,3SoV1owBBvI38zPEN3dD,2024-01-04 20:05:59.512000+00:00,004, ,, , 
net_uSoK1owBBvI38zPEPHd7,uSoK1owBBvI38zPEPHd7,2024-01-04 19:53:58.445000+00:00,004, ,, , 
net_uioK1owBBvI38zPEPHd7,uioK1owBBvI38zPEPHd7,2024-01-04 19:53:58.482000+00:00,004, ,, , 
net_vCoK1owBBvI38zPEPHd7,vCoK1owBBvI38zPEPHd7,2024-01-04 19:53:58.494000+00:00,004, ,, , 
net_ryoE1owBBvI38zPEu3cb,ryoE1owBBvI38zPEu3cb,2024-01-04 19:47:57.888000+00:00,004, ,, , 
net_sioE1owBBvI38zPEu3cb,sioE1owBBvI38zPEu3cb,2024-01-04 19:47:57.889000+00:00,004, ,, , 
net_tCoE1owBBvI38zPEu3cb,tCoE1owBBvI38zPEu3cb,2024-01-04 19:47:57.898000+00:00,004, ,, , 
net_oir_1YwBBvI38zPEPHfk,oir_1YwBBvI38zPEPHfk,2024-01-04 19:41:57.432000+00:00,004, ,, , 
net_oyr_1YwBBvI38zPEPHfk,oyr_1YwBBvI38zPEPHfk,2024-01-04 19:41:57.440000+00:00,004, ,, , 
net_pir_1YwBBvI38zPEPHfl,pir_1YwBBvI38zPEPHfl,2024-01-04 19:41:57.451000+00:00,004, ,, , 
net_Pyoz1owBBvI38zPEg3hN,Pyoz1owBBvI38zPEg3hN,2024-01-04 20:39:04.425000+00:00,004, ,, , 
net_QCoz1owBBvI38zPEg3hN,QCoz1owBBvI38zPEg3hN,2024-01-04 20:39:04.429000+00:00,004, ,, , 
net_QSoz1owBBvI38zPEg3hN,QSoz1owBBvI38zPEg3hN,2024-01-04 20:39:04.446000+00:00,004, ,, , 
net_TCoz1owBBvI38zPEg3hN,TCoz1owBBvI38zPEg3hN,2024-01-04 20:39:04.474000+00:00,004, ,, , 
net_Tioz1owBBvI38zPEg3hO,Tioz1owBBvI38zPEg3hO,2024-01-04 20:39:04.478000+00:00,004, ,, , 
net_Miow1owBBvI38zPEsHhq,Miow1owBBvI38zPEsHhq,2024-01-04 20:36:02.155000+00:00,004, ,, , 
net_NCow1owBBvI38zPEsHhq,NCow1owBBvI38zPEsHhq,2024-01-04 20:36:02.169000+00:00,004, ,, , 
net_Nyow1owBBvI38zPEsHhq,Nyow1owBBvI38zPEsHhq,2024-01-04 20:36:02.203000+00:00,004, ,, , 
net_OCow1owBBvI38zPEsHhq,OCow1owBBvI38zPEsHhq,2024-01-04 20:36:02.204000+00:00,004, ,, , 
net_OSow1owBBvI38zPEsHhq,OSow1owBBvI38zPEsHhq,2024-01-04 20:36:02.245000+00:00,004, ,, , 
net_Oiow1owBBvI38zPEsHhq,Oiow1owBBvI38zPEsHhq,2024-01-04 20:36:02.245000+00:00,004, ,, , 
net_Fyol1owBBvI38zPEsnjo,Fyol1owBBvI38zPEsnjo,2024-01-04 20:24:01.112000+00:00,004, ,, , 
net_GCol1owBBvI38zPEsnjo,GCol1owBBvI38zPEsnjo,2024-01-04 20:24:01.112000+00:00,004, ,, , 
net_GSol1owBBvI38zPEsnjo,GSol1owBBvI38zPEsnjo,2024-01-04 20:24:01.112000+00:00,004, ,, , 
net_Giol1owBBvI38zPEsnjo,Giol1owBBvI38zPEsnjo,2024-01-04 20:24:01.112000+00:00,004, ,, , 
net_Gyol1owBBvI38zPEsnjo,Gyol1owBBvI38zPEsnjo,2024-01-04 20:24:01.113000+00:00,004, ,, , 
net_HCol1owBBvI38zPEsnjo,HCol1owBBvI38zPEsnjo,2024-01-04 20:24:01.139000+00:00,004, ,, , 
net_Vyo21owBBvI38zPELnjk,Vyo21owBBvI38zPELnjk,2024-01-04 20:42:02.698000+00:00,004, ,, , 
net_WCo21owBBvI38zPELnjk,WCo21owBBvI38zPELnjk,2024-01-04 20:42:02.698000+00:00,004, ,, , 
net_XSo21owBBvI38zPELnjl,XSo21owBBvI38zPELnjl,2024-01-04 20:42:02.737000+00:00,004, ,, , 
net_Xyo21owBBvI38zPELnjl,Xyo21owBBvI38zPELnjl,2024-01-04 20:42:02.752000+00:00,004, ,, , 
net_Jyor1owBBvI38zPEMXij,Jyor1owBBvI38zPEMXij,2024-01-04 20:30:01.640000+00:00,004, ,, , 
net_Kior1owBBvI38zPEMXij,Kior1owBBvI38zPEMXij,2024-01-04 20:30:01.643000+00:00,004, ,, , 
net_LCor1owBBvI38zPEMXij,LCor1owBBvI38zPEMXij,2024-01-04 20:30:01.647000+00:00,004, ,, , 
net_LSor1owBBvI38zPEMXij,LSor1owBBvI38zPEMXij,2024-01-04 20:30:01.647000+00:00,004, ,, , 
net_Lyor1owBBvI38zPEMXij,Lyor1owBBvI38zPEMXij,2024-01-04 20:30:01.657000+00:00,004, ,, , 
net_cipB1owBBvI38zPEVnga,cipB1owBBvI38zPEVnga,2024-01-04 20:54:03.783000+00:00,004, ,, , 
net_dCpB1owBBvI38zPEVnga,dCpB1owBBvI38zPEVnga,2024-01-04 20:54:03.815000+00:00,004, ,, , 
net_dypB1owBBvI38zPEVnga,dypB1owBBvI38zPEVnga,2024-01-04 20:54:03.820000+00:00,004, ,, , 
net_DCog1owBBvI38zPENHg1,DCog1owBBvI38zPENHg1,2024-01-04 20:18:00.581000+00:00,004, ,, , 
net_DSog1owBBvI38zPENHg1,DSog1owBBvI38zPENHg1,2024-01-04 20:18:00.580000+00:00,004, ,, , 
net_Zyo71owBBvI38zPErXh5,Zyo71owBBvI38zPErXh5,2024-01-04 20:48:03.240000+00:00,004, ,, , 
net_CSof1owBBvI38zPEXXhT,CSof1owBBvI38zPEXXhT,2024-01-04 20:17:04.416000+00:00,004, ,, , 
net_mCpO1owBBvI38zPE_Hgz,mCpO1owBBvI38zPE_Hgz,2024-01-04 21:09:03.046000+00:00,004, ,, , 
net_nypO1owBBvI38zPE_Hg0,nypO1owBBvI38zPE_Hg0,2024-01-04 21:09:03.061000+00:00,004, ,, , 
net_pipO1owBBvI38zPE_Hg0,pipO1owBBvI38zPE_Hg0,2024-01-04 21:09:05.031000+00:00,004, ,, , 
net_pypO1owBBvI38zPE_Hg0,pypO1owBBvI38zPE_Hg0,2024-01-04 21:09:05.034000+00:00,004, ,, , 
net_qSpO1owBBvI38zPE_Hg0,qSpO1owBBvI38zPE_Hg0,2024-01-04 21:09:05.040000+00:00,004, ,, , 
net_qipO1owBBvI38zPE_Hg0,qipO1owBBvI38zPE_Hg0,2024-01-04 21:09:05.049000+00:00,004, ,, , 
net_rCpO1owBBvI38zPE_Hg0,rCpO1owBBvI38zPE_Hg0,2024-01-04 21:09:05.055000+00:00,004, ,, , 
net_rSpO1owBBvI38zPE_Hg0,rSpO1owBBvI38zPE_Hg0,2024-01-04 21:09:05.055000+00:00,004, ,, , 
net_xCpX1owBBvI38zPETXh1,xCpX1owBBvI38zPETXh1,2024-01-04 21:18:05.904000+00:00,004, ,, , 
net_ySpX1owBBvI38zPETXh2,ySpX1owBBvI38zPETXh2,2024-01-04 21:18:05.917000+00:00,004, ,, , 
net_zCpX1owBBvI38zPETXh2,zCpX1owBBvI38zPETXh2,2024-01-04 21:18:05.932000+00:00,004, ,, , 
net_tCpR1owBBvI38zPEznjn,tCpR1owBBvI38zPEznjn,2024-01-04 21:12:05.331000+00:00,004, ,, , 
net_tSpR1owBBvI38zPEznjn,tSpR1owBBvI38zPEznjn,2024-01-04 21:12:05.329000+00:00,004, ,, , 
net_uSpR1owBBvI38zPEznjn,uSpR1owBBvI38zPEznjn,2024-01-04 21:12:05.346000+00:00,004, ,, , 
net_4Spi1owBBvI38zPESnhI,4Spi1owBBvI38zPESnhI,2024-01-04 21:30:06.980000+00:00,004, ,, , 
net_5Spi1owBBvI38zPESnhI,5Spi1owBBvI38zPESnhI,2024-01-04 21:30:07.004000+00:00,004, ,, , 
net_5ipi1owBBvI38zPESnhI,5ipi1owBBvI38zPESnhI,2024-01-04 21:30:07.004000+00:00,004, ,, , 
net_1Spc1owBBvI38zPEy3jL,1Spc1owBBvI38zPEy3jL,2024-01-04 21:24:06.453000+00:00,004, ,, , 
net_1ipc1owBBvI38zPEy3jL,1ipc1owBBvI38zPEy3jL,2024-01-04 21:24:06.454000+00:00,004, ,, , 
net_hypG1owBBvI38zPE0XjF,hypG1owBBvI38zPE0XjF,2024-01-04 21:00:04.289000+00:00,004, ,, , 
net_iipG1owBBvI38zPE0XjG,iipG1owBBvI38zPE0XjG,2024-01-04 21:00:04.371000+00:00,004, ,, , 
net_7Spn1owBBvI38zPEyHiw,7Spn1owBBvI38zPEyHiw,2024-01-04 21:36:07.483000+00:00,004, ,, , 
net_iypH1owBBvI38zPEDHgt,iypH1owBBvI38zPEDHgt,2024-01-04 21:00:26.309000+00:00,004, ,, , 
net_jipM1owBBvI38zPEUHhP,jipM1owBBvI38zPEUHhP,2024-01-04 21:06:04.810000+00:00,004, ,, , 
net_ViqF1owBBvI38zPE7Hnm,ViqF1owBBvI38zPE7Hnm,2024-01-04 22:09:04.384000+00:00,004, ,, , 
net_WCqF1owBBvI38zPE7Hnm,WCqF1owBBvI38zPE7Hnm,2024-01-04 22:09:04.391000+00:00,004, ,, , 
net_WiqF1owBBvI38zPE7Hnm,WiqF1owBBvI38zPE7Hnm,2024-01-04 22:09:04.397000+00:00,004, ,, , 
net_WyqF1owBBvI38zPE7Hnm,WyqF1owBBvI38zPE7Hnm,2024-01-04 22:09:04.397000+00:00,004, ,, , 
net_XSqF1owBBvI38zPE7Hnm,XSqF1owBBvI38zPE7Hnm,2024-01-04 22:09:04.405000+00:00,004, ,, , 
net_YSqF1owBBvI38zPE7Hnm,YSqF1owBBvI38zPE7Hnm,2024-01-04 22:09:04.414000+00:00,004, ,, , 
net_ZSqF1owBBvI38zPE7Hnn,ZSqF1owBBvI38zPE7Hnn,2024-01-04 22:09:04.425000+00:00,004, ,, , 
net_'-ypq1owBBvI38zPEdHiC,'-ypq1owBBvI38zPEdHiC,2024-01-04 21:39:03.761000+00:00,004, ,, , 
net__Cpq1owBBvI38zPEdHiC,_Cpq1owBBvI38zPEdHiC,2024-01-04 21:39:03.762000+00:00,004, ,, , 
net_ACpq1owBBvI38zPEdHmC,ACpq1owBBvI38zPEdHmC,2024-01-04 21:39:03.776000+00:00,004, ,, , 
net_BCpq1owBBvI38zPEdHmD,BCpq1owBBvI38zPEdHmD,2024-01-04 21:39:03.783000+00:00,004, ,, , 
net_BSpq1owBBvI38zPEdHmD,BSpq1owBBvI38zPEdHmD,2024-01-04 21:39:03.784000+00:00,004, ,, , 
net_Cypq1owBBvI38zPEdHmD,Cypq1owBBvI38zPEdHmD,2024-01-04 21:39:03.801000+00:00,004, ,, , 
net_fiqO1owBBvI38zPEUXm2,fiqO1owBBvI38zPEUXm2,2024-01-04 22:18:11.177000+00:00,004, ,, , 
net_gCqO1owBBvI38zPEUXm2,gCqO1owBBvI38zPEUXm2,2024-01-04 22:18:11.174000+00:00,004, ,, , 
net_hCqO1owBBvI38zPEUXm2,hCqO1owBBvI38zPEUXm2,2024-01-04 22:18:11.203000+00:00,004, ,, , 
net_hSqO1owBBvI38zPEUXm2,hSqO1owBBvI38zPEUXm2,2024-01-04 22:18:11.245000+00:00,004, ,, , 
net_Kip41owBBvI38zPERHkq,Kip41owBBvI38zPERHkq,2024-01-04 21:54:09.095000+00:00,004, ,, , 
net_Kyp41owBBvI38zPERHkq,Kyp41owBBvI38zPERHkq,2024-01-04 21:54:09.079000+00:00,004, ,, , 
net_LSp41owBBvI38zPERHkq,LSp41owBBvI38zPERHkq,2024-01-04 21:54:09.089000+00:00,004, ,, , 
net_MSp41owBBvI38zPERHkq,MSp41owBBvI38zPERHkq,2024-01-04 21:54:09.144000+00:00,004, ,, , 
net_iSqT1owBBvI38zPEvHmQ,iSqT1owBBvI38zPEvHmQ,2024-01-04 22:24:11.683000+00:00,004, ,, , 
net_jCqT1owBBvI38zPEvHmQ,jCqT1owBBvI38zPEvHmQ,2024-01-04 22:24:11.754000+00:00,004, ,, , 
net_jyqT1owBBvI38zPEvHmQ,jyqT1owBBvI38zPEvHmQ,2024-01-04 22:24:11.768000+00:00,004, ,, , 
net_RiqD1owBBvI38zPEQXke,RiqD1owBBvI38zPEQXke,2024-01-04 22:06:10.106000+00:00,004, ,, , 
net_SSqD1owBBvI38zPEQXke,SSqD1owBBvI38zPEQXke,2024-01-04 22:06:10.117000+00:00,004, ,, , 
net_TSqD1owBBvI38zPEQXke,TSqD1owBBvI38zPEQXke,2024-01-04 22:06:10.170000+00:00,004, ,, , 
net_mSqZ1owBBvI38zPEO3kJ,mSqZ1owBBvI38zPEO3kJ,2024-01-04 22:30:12.216000+00:00,004, ,, , 
net_miqZ1owBBvI38zPEO3kJ,miqZ1owBBvI38zPEO3kJ,2024-01-04 22:30:12.216000+00:00,004, ,, , 
net_nCqZ1owBBvI38zPEO3kJ,nCqZ1owBBvI38zPEO3kJ,2024-01-04 22:30:12.226000+00:00,004, ,, , 
net_ICpy1owBBvI38zPExXmp,ICpy1owBBvI38zPExXmp,2024-01-04 21:48:08.593000+00:00,004, ,, , 
net_Iipy1owBBvI38zPExXmp,Iipy1owBBvI38zPExXmp,2024-01-04 21:48:08.598000+00:00,004, ,, , 
net_Jipy1owBBvI38zPExXmp,Jipy1owBBvI38zPExXmp,2024-01-04 21:48:08.621000+00:00,004, ,, , 
net_cSqI1owBBvI38zPE03ke,cSqI1owBBvI38zPE03ke,2024-01-04 22:12:10.730000+00:00,004, ,, , 
net_Ciq81owBBvI38zPE3no_,Ciq81owBBvI38zPE3no_,2024-01-04 23:09:03.611000+00:00,004, ,, , 
net_DCq81owBBvI38zPE3no_,DCq81owBBvI38zPE3no_,2024-01-04 23:09:03.617000+00:00,004, ,, , 
net_DSq81owBBvI38zPE3no_,DSq81owBBvI38zPE3no_,2024-01-04 23:09:03.617000+00:00,004, ,, , 
net_Diq81owBBvI38zPE3no_,Diq81owBBvI38zPE3no_,2024-01-04 23:09:03.622000+00:00,004, ,, , 
net_Dyq81owBBvI38zPE3no_,Dyq81owBBvI38zPE3no_,2024-01-04 23:09:03.622000+00:00,004, ,, , 
net_Fiq81owBBvI38zPE3no_,Fiq81owBBvI38zPE3no_,2024-01-04 23:09:03.642000+00:00,004, ,, , 
net_Giq81owBBvI38zPE3no_,Giq81owBBvI38zPE3no_,2024-01-04 23:09:03.655000+00:00,004, ,, , 
net_HCq81owBBvI38zPE3no_,HCq81owBBvI38zPE3no_,2024-01-04 23:09:03.656000+00:00,004, ,, , 
net_Hiq81owBBvI38zPE3no_,Hiq81owBBvI38zPE3no_,2024-01-04 23:09:03.667000+00:00,004, ,, , 
net_Hyq81owBBvI38zPE3no_,Hyq81owBBvI38zPE3no_,2024-01-04 23:09:03.669000+00:00,004, ,, , 
net_sSqh1owBBvI38zPEZXmF,sSqh1owBBvI38zPEZXmF,2024-01-04 22:39:04.987000+00:00,004, ,, , 
net_siqh1owBBvI38zPEZXmF,siqh1owBBvI38zPEZXmF,2024-01-04 22:39:05.003000+00:00,004, ,, , 
net_uCqh1owBBvI38zPEZXmG,uCqh1owBBvI38zPEZXmG,2024-01-04 22:39:05.020000+00:00,004, ,, , 
net_uiqh1owBBvI38zPEZXmG,uiqh1owBBvI38zPEZXmG,2024-01-04 22:39:05.030000+00:00,004, ,, , 
net_vCqh1owBBvI38zPEZXmG,vCqh1owBBvI38zPEZXmG,2024-01-04 22:39:05.036000+00:00,004, ,, , 
net_vyqh1owBBvI38zPEZXmG,vyqh1owBBvI38zPEZXmG,2024-01-04 22:39:05.045000+00:00,004, ,, , 
net_wyqh1owBBvI38zPEZXmG,wyqh1owBBvI38zPEZXmG,2024-01-04 22:39:05.052000+00:00,004, ,, , 
net_xiqh1owBBvI38zPEZXmG,xiqh1owBBvI38zPEZXmG,2024-01-04 22:39:05.102000+00:00,004, ,, , 
net_2Cqp1owBBvI38zPEtnmR,2Cqp1owBBvI38zPEtnmR,2024-01-04 22:48:13.769000+00:00,004, ,, , 
net_2yqp1owBBvI38zPEtnmR,2yqp1owBBvI38zPEtnmR,2024-01-04 22:48:13.785000+00:00,004, ,, , 
net_3Sqp1owBBvI38zPEtnmR,3Sqp1owBBvI38zPEtnmR,2024-01-04 22:48:13.818000+00:00,004, ,, , 
net_3iqp1owBBvI38zPEtnmR,3iqp1owBBvI38zPEtnmR,2024-01-04 22:48:13.818000+00:00,004, ,, , 
net_4Cqp1owBBvI38zPEtnmR,4Cqp1owBBvI38zPEtnmR,2024-01-04 22:48:13.843000+00:00,004, ,, , 
net_ASq61owBBvI38zPEWXpy,ASq61owBBvI38zPEWXpy,2024-01-04 23:06:15.356000+00:00,004, ,, , 
net_BCq61owBBvI38zPEWXpy,BCq61owBBvI38zPEWXpy,2024-01-04 23:06:15.379000+00:00,004, ,, , 
net_Biq61owBBvI38zPEWXpy,Biq61owBBvI38zPEWXpy,2024-01-04 23:06:15.380000+00:00,004, ,, , 
net_Byq61owBBvI38zPEWXpz,Byq61owBBvI38zPEWXpz,2024-01-04 23:06:15.380000+00:00,004, ,, , 
net_piqe1owBBvI38zPEuXmj,piqe1owBBvI38zPEuXmj,2024-01-04 22:36:12.759000+00:00,004, ,, , 
net_pyqe1owBBvI38zPEuXmj,pyqe1owBBvI38zPEuXmj,2024-01-04 22:36:12.760000+00:00,004, ,, , 
net_qSqe1owBBvI38zPEuXmj,qSqe1owBBvI38zPEuXmj,2024-01-04 22:36:12.783000+00:00,004, ,, , 
net_qiqe1owBBvI38zPEuXmj,qiqe1owBBvI38zPEuXmj,2024-01-04 22:36:12.783000+00:00,004, ,, , 
net_5iqv1owBBvI38zPENXki,5iqv1owBBvI38zPENXki,2024-01-04 22:54:14.301000+00:00,004, ,, , 
net_6iqv1owBBvI38zPENXki,6iqv1owBBvI38zPENXki,2024-01-04 22:54:14.364000+00:00,004, ,, , 
net_9Sq01owBBvI38zPEunlS,9Sq01owBBvI38zPEunlS,2024-01-04 23:00:14.845000+00:00,004, ,, , 
net_9iq01owBBvI38zPEunlS,9iq01owBBvI38zPEunlS,2024-01-04 23:00:14.845000+00:00,004, ,, , 
net__Cq01owBBvI38zPEunlS,_Cq01owBBvI38zPEunlS,2024-01-04 23:00:14.865000+00:00,004, ,, , 
net_9Cq01owBBvI38zPEs3me,9Cq01owBBvI38zPEs3me,2024-01-04 23:00:14.841000+00:00,004, ,, , 
net_ZSrY1owBBvI38zPEVnrg,ZSrY1owBBvI38zPEVnrg,2024-01-04 23:39:04.177000+00:00,004, ,, , 
net_aCrY1owBBvI38zPEVnrg,aCrY1owBBvI38zPEVnrg,2024-01-04 23:39:04.200000+00:00,004, ,, , 
net_aSrY1owBBvI38zPEVnrg,aSrY1owBBvI38zPEVnrg,2024-01-04 23:39:04.201000+00:00,004, ,, , 
net_airY1owBBvI38zPEVnrg,airY1owBBvI38zPEVnrg,2024-01-04 23:39:04.201000+00:00,004, ,, , 
net_ayrY1owBBvI38zPEVnrg,ayrY1owBBvI38zPEVnrg,2024-01-04 23:39:04.207000+00:00,004, ,, , 
net_cCrY1owBBvI38zPEVnrg,cCrY1owBBvI38zPEVnrg,2024-01-04 23:39:04.220000+00:00,004, ,, , 
net_cSrY1owBBvI38zPEVnrg,cSrY1owBBvI38zPEVnrg,2024-01-04 23:39:04.227000+00:00,004, ,, , 
net_cyrY1owBBvI38zPEVnrg,cyrY1owBBvI38zPEVnrg,2024-01-04 23:39:04.227000+00:00,004, ,, , 
net_dSrY1owBBvI38zPEVnrg,dSrY1owBBvI38zPEVnrg,2024-01-04 23:39:04.233000+00:00,004, ,, , 
net_fCrY1owBBvI38zPEVnrh,fCrY1owBBvI38zPEVnrh,2024-01-04 23:39:04.250000+00:00,004, ,, , 
net_fSrY1owBBvI38zPEVnrh,fSrY1owBBvI38zPEVnrh,2024-01-04 23:39:04.251000+00:00,004, ,, , 
net_JCq_1owBBvI38zPE13rs,JCq_1owBBvI38zPE13rs,2024-01-04 23:12:15.884000+00:00,004, ,, , 
net_Jyq_1owBBvI38zPE13rs,Jyq_1owBBvI38zPE13rs,2024-01-04 23:12:15.915000+00:00,004, ,, , 
net_KSq_1owBBvI38zPE13rs,KSq_1owBBvI38zPE13rs,2024-01-04 23:12:15.924000+00:00,004, ,, , 
net_Kiq_1owBBvI38zPE13rs,Kiq_1owBBvI38zPE13rs,2024-01-04 23:12:15.924000+00:00,004, ,, , 
net_LCq_1owBBvI38zPE13rs,LCq_1owBBvI38zPE13rs,2024-01-04 23:12:15.925000+00:00,004, ,, , 
net_gyrb1owBBvI38zPEUHqk,gyrb1owBBvI38zPEUHqk,2024-01-04 23:42:18.500000+00:00,004, ,, , 
net_hyrb1owBBvI38zPEUHqk,hyrb1owBBvI38zPEUHqk,2024-01-04 23:42:18.513000+00:00,004, ,, , 
net_iCrb1owBBvI38zPEUHqk,iCrb1owBBvI38zPEUHqk,2024-01-04 23:42:18.516000+00:00,004, ,, , 
net_iSrb1owBBvI38zPEUHql,iSrb1owBBvI38zPEUHql,2024-01-04 23:42:18.557000+00:00,004, ,, , 
net_QCrK1owBBvI38zPE1Hrl,QCrK1owBBvI38zPE1Hrl,2024-01-04 23:24:16.987000+00:00,004, ,, , 
net_QSrK1owBBvI38zPE1Hrl,QSrK1owBBvI38zPE1Hrl,2024-01-04 23:24:16.988000+00:00,004, ,, , 
net_QirK1owBBvI38zPE1Hrl,QirK1owBBvI38zPE1Hrl,2024-01-04 23:24:16.988000+00:00,004, ,, , 
net_nCrm1owBBvI38zPEOnoq,nCrm1owBBvI38zPEOnoq,2024-01-04 23:54:19.556000+00:00,004, ,, , 
net_nSrm1owBBvI38zPEOnoq,nSrm1owBBvI38zPEOnoq,2024-01-04 23:54:19.551000+00:00,004, ,, , 
net_oSrm1owBBvI38zPEOnoq,oSrm1owBBvI38zPEOnoq,2024-01-04 23:54:19.569000+00:00,004, ,, , 
net_XCrV1owBBvI38zPE0noC,XCrV1owBBvI38zPE0noC,2024-01-04 23:36:18.035000+00:00,004, ,, , 
net_XSrV1owBBvI38zPE0noC,XSrV1owBBvI38zPE0noC,2024-01-04 23:36:18.035000+00:00,004, ,, , 
net_YCrV1owBBvI38zPE0noC,YCrV1owBBvI38zPE0noC,2024-01-04 23:36:18.036000+00:00,004, ,, , 
net_lCrg1owBBvI38zPEz3o6,lCrg1owBBvI38zPEz3o6,2024-01-04 23:48:19.069000+00:00,004, ,, , 
net_lirg1owBBvI38zPEz3o6,lirg1owBBvI38zPEz3o6,2024-01-04 23:48:19.075000+00:00,004, ,, , 
net_lyrg1owBBvI38zPEz3o6,lyrg1owBBvI38zPEz3o6,2024-01-04 23:48:19.075000+00:00,004, ,, , 
net_USrQ1owBBvI38zPEU3p6,USrQ1owBBvI38zPEU3p6,2024-01-04 23:30:17.488000+00:00,004, ,, , 
net_VCrQ1owBBvI38zPEU3p6,VCrQ1owBBvI38zPEU3p6,2024-01-04 23:30:17.511000+00:00,004, ,, , 
net_VyrQ1owBBvI38zPEU3p7,VyrQ1owBBvI38zPEU3p7,2024-01-04 23:30:17.516000+00:00,004, ,, , 
net_yiqk1owBBvI38zPEOHlB,yiqk1owBBvI38zPEOHlB,2024-01-04 22:42:13.302000+00:00,004, ,, , 
net_NirF1owBBvI38zPEVnqV,NirF1owBBvI38zPEVnqV,2024-01-04 23:18:16.447000+00:00,004, ,, , 
net_2BM82owBbVMQAOLaLJPI,2BM82owBbVMQAOLaLJPI,2024-01-05 00:17:43.815000+00:00,004, ,, , 
net_2xM82owBbVMQAOLaLJPI,2xM82owBbVMQAOLaLJPI,2024-01-05 00:17:43.843000+00:00,004, ,, , 
net_3BM82owBbVMQAOLaLJPI,3BM82owBbVMQAOLaLJPI,2024-01-05 00:17:43.846000+00:00,004, ,, , 
net_4xM82owBbVMQAOLaLJPI,4xM82owBbVMQAOLaLJPI,2024-01-05 00:17:43.860000+00:00,004, ,, , 
net_6BM82owBbVMQAOLaLJPI,6BM82owBbVMQAOLaLJPI,2024-01-05 00:17:43.857000+00:00,004, ,, , 
net_6xM82owBbVMQAOLaLJPI,6xM82owBbVMQAOLaLJPI,2024-01-05 00:17:43.873000+00:00,004, ,, , 
net_7xM82owBbVMQAOLaLJPI,7xM82owBbVMQAOLaLJPI,2024-01-05 00:17:43.886000+00:00,004, ,, , 
net_8hM82owBbVMQAOLaLJPI,8hM82owBbVMQAOLaLJPI,2024-01-05 00:17:43.887000+00:00,004, ,, , 
net_9xM82owBbVMQAOLaLJPI,9xM82owBbVMQAOLaLJPI,2024-01-05 00:17:43.896000+00:00,004, ,, , 
net__hM82owBbVMQAOLaLJPI,_hM82owBbVMQAOLaLJPI,2024-01-05 00:17:43.908000+00:00,004, ,, , 
net_BBM82owBbVMQAOLaLJTI,BBM82owBbVMQAOLaLJTI,2024-01-05 00:17:43.924000+00:00,004, ,, , 
net_DBM82owBbVMQAOLaMZSB,DBM82owBbVMQAOLaMZSB,2024-01-05 00:00:20.119000+00:00,004, ,, , 
net_DRM82owBbVMQAOLaMZSB,DRM82owBbVMQAOLaMZSB,2024-01-05 00:00:20.119000+00:00,004, ,, , 
net_DxM82owBbVMQAOLaMZSC,DxM82owBbVMQAOLaMZSC,2024-01-05 00:00:20.142000+00:00,004, ,, , 
net_EBM82owBbVMQAOLaMZSC,EBM82owBbVMQAOLaMZSC,2024-01-05 00:00:20.153000+00:00,004, ,, , 
net_ExM82owBbVMQAOLaMZSC,ExM82owBbVMQAOLaMZSC,2024-01-05 00:06:20.685000+00:00,004, ,, , 
net_FxM82owBbVMQAOLaMZSC,FxM82owBbVMQAOLaMZSC,2024-01-05 00:06:20.719000+00:00,004, ,, , 
net_GRM82owBbVMQAOLaMZSC,GRM82owBbVMQAOLaMZSC,2024-01-05 00:06:20.731000+00:00,004, ,, , 
net_GxM82owBbVMQAOLaMZSC,GxM82owBbVMQAOLaMZSC,2024-01-05 00:06:20.757000+00:00,004, ,, , 
net_HRM82owBbVMQAOLaMZSC,HRM82owBbVMQAOLaMZSC,2024-01-05 00:09:02.953000+00:00,004, ,, , 
net_IhM82owBbVMQAOLaMZSC,IhM82owBbVMQAOLaMZSC,2024-01-05 00:09:02.992000+00:00,004, ,, , 
net_JBM82owBbVMQAOLaMZSC,JBM82owBbVMQAOLaMZSC,2024-01-05 00:09:02.998000+00:00,004, ,, , 
net_JhM82owBbVMQAOLaMZSC,JhM82owBbVMQAOLaMZSC,2024-01-05 00:09:03.038000+00:00,004, ,, , 
net_JxM82owBbVMQAOLaMZSC,JxM82owBbVMQAOLaMZSC,2024-01-05 00:09:03.038000+00:00,004, ,, , 
net_KBM82owBbVMQAOLaMZSC,KBM82owBbVMQAOLaMZSC,2024-01-05 00:09:04.943000+00:00,004, ,, , 
net_KhM82owBbVMQAOLaMZSC,KhM82owBbVMQAOLaMZSC,2024-01-05 00:09:04.956000+00:00,004, ,, , 
net_LRM82owBbVMQAOLaMZSC,LRM82owBbVMQAOLaMZSC,2024-01-05 00:09:04.957000+00:00,004, ,, , 
net_NBM82owBbVMQAOLaMZSC,NBM82owBbVMQAOLaMZSC,2024-01-05 00:09:04.958000+00:00,004, ,, , 
net_PRM82owBbVMQAOLaNZRR,PRM82owBbVMQAOLaNZRR,2024-01-05 00:17:43.937000+00:00,004, ,, , 
net_QxM82owBbVMQAOLaNZRR,QxM82owBbVMQAOLaNZRR,2024-01-05 00:17:43.947000+00:00,004, ,, , 
net_RhM82owBbVMQAOLaNZRR,RhM82owBbVMQAOLaNZRR,2024-01-05 00:17:43.950000+00:00,004, ,, , 
net_RxM82owBbVMQAOLaNZRR,RxM82owBbVMQAOLaNZRR,2024-01-05 00:17:43.950000+00:00,004, ,, , 
net_SRM82owBbVMQAOLaNZRR,SRM82owBbVMQAOLaNZRR,2024-01-05 00:17:43.957000+00:00,004, ,, , 
net_TxM82owBbVMQAOLaNZRR,TxM82owBbVMQAOLaNZRR,2024-01-05 00:17:43.961000+00:00,004, ,, , 
net_VRM82owBbVMQAOLaNZRR,VRM82owBbVMQAOLaNZRR,2024-01-05 00:17:43.983000+00:00,004, ,, , 
net_WhM82owBbVMQAOLaNZRS,WhM82owBbVMQAOLaNZRS,2024-01-05 00:17:44.023000+00:00,004, ,, , 
net_YBM82owBbVMQAOLaNZRS,YBM82owBbVMQAOLaNZRS,2024-01-05 00:17:44.092000+00:00,004, ,, , 
net_ZhM82owBbVMQAOLaNZRS,ZhM82owBbVMQAOLaNZRS,2024-01-05 00:17:44.107000+00:00,004, ,, , 
net_aBM82owBbVMQAOLaNZRS,aBM82owBbVMQAOLaNZRS,2024-01-05 00:17:44.108000+00:00,004, ,, , 
net_aRM82owBbVMQAOLaNZRS,aRM82owBbVMQAOLaNZRS,2024-01-05 00:17:44.109000+00:00,004, ,, , 
net_bBM82owBbVMQAOLaNZRS,bBM82owBbVMQAOLaNZRS,2024-01-05 00:17:44.128000+00:00,004, ,, , 
net_bxM82owBbVMQAOLaOJTm,bxM82owBbVMQAOLaOJTm,2024-01-05 00:17:44.203000+00:00,004, ,, , 
net_cRM82owBbVMQAOLaOJTm,cRM82owBbVMQAOLaOJTm,2024-01-05 00:17:44.206000+00:00,004, ,, , 
net_dhM82owBbVMQAOLaOJTm,dhM82owBbVMQAOLaOJTm,2024-01-05 00:17:44.103000+00:00,004, ,, , 
net_eBM82owBbVMQAOLaOJTm,eBM82owBbVMQAOLaOJTm,2024-01-05 00:17:44.739000+00:00,004, ,, , 
net_fRM82owBbVMQAOLaOJTm,fRM82owBbVMQAOLaOJTm,2024-01-05 00:17:44.656000+00:00,004, ,, , 
net_fxM82owBbVMQAOLaOJTm,fxM82owBbVMQAOLaOJTm,2024-01-05 00:17:44.106000+00:00,004, ,, , 
net_iBM82owBbVMQAOLaOJTm,iBM82owBbVMQAOLaOJTm,2024-01-05 00:17:48.705000+00:00,004, ,, , 
net_iRM82owBbVMQAOLaOJTm,iRM82owBbVMQAOLaOJTm,2024-01-05 00:17:48.707000+00:00,004, ,, , 
net_jRM82owBbVMQAOLaOJTm,jRM82owBbVMQAOLaOJTm,2024-01-05 00:17:49.721000+00:00,004, ,, , 
net_OhM92owBbVMQAOLaIJUo,OhM92owBbVMQAOLaIJUo,2024-01-05 15:28:05.167000+00:00,004, ,, , 
net_PRM92owBbVMQAOLaIJUp,PRM92owBbVMQAOLaIJUp,2024-01-05 15:28:05.170000+00:00,004, ,, , 
net_PxM92owBbVMQAOLaIJUp,PxM92owBbVMQAOLaIJUp,2024-01-05 15:28:05.168000+00:00,004, ,, , 
net_QRM92owBbVMQAOLaIJUp,QRM92owBbVMQAOLaIJUp,2024-01-05 15:28:05.169000+00:00,004, ,, , 
net_QhM92owBbVMQAOLaIJUp,QhM92owBbVMQAOLaIJUp,2024-01-05 15:28:05.167000+00:00,004, ,, , 
net_RBM92owBbVMQAOLaIJUp,RBM92owBbVMQAOLaIJUp,2024-01-05 15:28:05.496000+00:00,000, ,, , 
net_TBM92owBbVMQAOLaMJXH,TBM92owBbVMQAOLaMJXH,2024-01-05 15:28:09.366000+00:00,004, ,, , 
net_TRM92owBbVMQAOLaMJXH,TRM92owBbVMQAOLaMJXH,2024-01-05 15:28:09.366000+00:00,004, ,, , 
net_TxM92owBbVMQAOLaMJXH,TxM92owBbVMQAOLaMJXH,2024-01-05 15:28:09.487000+00:00,004, ,, , 
net_URM92owBbVMQAOLaMJXH,URM92owBbVMQAOLaMJXH,2024-01-05 15:28:09.487000+00:00,004, ,, , 
net_UxM92owBbVMQAOLaMJXH,UxM92owBbVMQAOLaMJXH,2024-01-05 15:28:09.482000+00:00,004, ,, , 
net_VRM92owBbVMQAOLaMJXH,VRM92owBbVMQAOLaMJXH,2024-01-05 15:28:09.503000+00:00,004, ,, , 
net_VhM92owBbVMQAOLaMJXH,VhM92owBbVMQAOLaMJXH,2024-01-05 15:28:09.737000+00:00,004, ,, , 
net_WBM92owBbVMQAOLaMJXH,WBM92owBbVMQAOLaMJXH,2024-01-05 15:28:09.737000+00:00,004, ,, , 
net_XBM92owBbVMQAOLaMJXH,XBM92owBbVMQAOLaMJXH,2024-01-05 15:28:09.962000+00:00,004, ,, , 
net_XxM92owBbVMQAOLaMJXH,XxM92owBbVMQAOLaMJXH,2024-01-05 15:28:11.210000+00:00,004, ,, , 
net_YBM92owBbVMQAOLaMJXH,YBM92owBbVMQAOLaMJXH,2024-01-05 15:28:11.210000+00:00,004, ,, , 
net_YxM92owBbVMQAOLaMJXH,YxM92owBbVMQAOLaMJXH,2024-01-05 15:28:11.245000+00:00,004, ,, , 
net_ZxM92owBbVMQAOLaNZX4,ZxM92owBbVMQAOLaNZX4,2024-01-05 15:28:11.402000+00:00,004, ,, , 
net_ahM92owBbVMQAOLaNZX4,ahM92owBbVMQAOLaNZX4,2024-01-05 15:28:11.652000+00:00,004, ,, , 
net_axM92owBbVMQAOLaNZX4,axM92owBbVMQAOLaNZX4,2024-01-05 15:28:11.899000+00:00,004, ,, , 
net_bBM92owBbVMQAOLaNZX4,bBM92owBbVMQAOLaNZX4,2024-01-05 15:28:11.896000+00:00,004, ,, , 
net_5xM82owBbVMQAOLa75Qq,5xM82owBbVMQAOLa75Qq,2024-01-05 15:27:53.154000+00:00,004, ,, , 
net_6BM82owBbVMQAOLa75Qq,6BM82owBbVMQAOLa75Qq,2024-01-05 15:27:53.154000+00:00,004, ,, , 
net_6RM82owBbVMQAOLa75Qq,6RM82owBbVMQAOLa75Qq,2024-01-05 15:27:53.154000+00:00,004, ,, , 
net_6xM82owBbVMQAOLa75Qq,6xM82owBbVMQAOLa75Qq,2024-01-05 15:27:53.284000+00:00,004, ,, , 
net_7BM82owBbVMQAOLa75Qq,7BM82owBbVMQAOLa75Qq,2024-01-05 15:27:53.284000+00:00,004, ,, , 
net_7hM82owBbVMQAOLa75Qq,7hM82owBbVMQAOLa75Qq,2024-01-05 15:27:53.284000+00:00,004, ,, , 
net_9BM82owBbVMQAOLa75Qq,9BM82owBbVMQAOLa75Qq,2024-01-05 15:27:53.297000+00:00,004, ,, , 
net_9hM82owBbVMQAOLa75Qq,9hM82owBbVMQAOLa75Qq,2024-01-05 15:27:53.309000+00:00,004, ,, , 
net_'-BM82owBbVMQAOLa75Qq,'-BM82owBbVMQAOLa75Qq,2024-01-05 15:27:53.342000+00:00,004, ,, , 
net_'-xM82owBbVMQAOLa75Qq,'-xM82owBbVMQAOLa75Qq,2024-01-05 15:27:53.418000+00:00,004, ,, , 
net__hM82owBbVMQAOLa75Qq,_hM82owBbVMQAOLa75Qq,2024-01-05 15:27:53.418000+00:00,004, ,, , 
net__xM82owBbVMQAOLa8pTV,_xM82owBbVMQAOLa8pTV,2024-01-05 15:27:53.418000+00:00,004, ,, , 
net_AxM82owBbVMQAOLa-JUX,AxM82owBbVMQAOLa-JUX,2024-01-05 15:27:55.177000+00:00,004, ,, , 
net_BBM82owBbVMQAOLa-JUX,BBM82owBbVMQAOLa-JUX,2024-01-05 15:27:55.471000+00:00,004, ,, , 
net_ChM82owBbVMQAOLa-JUX,ChM82owBbVMQAOLa-JUX,2024-01-05 15:27:55.706000+00:00,004, ,, , 
net_CxM82owBbVMQAOLa-JUX,CxM82owBbVMQAOLa-JUX,2024-01-05 15:27:55.706000+00:00,004, ,, , 
net_DBM82owBbVMQAOLa-JUX,DBM82owBbVMQAOLa-JUX,2024-01-05 15:27:55.706000+00:00,004, ,, , 
net_DxM82owBbVMQAOLa-JUX,DxM82owBbVMQAOLa-JUX,2024-01-05 15:27:55.706000+00:00,004, ,, , 
net_ExM82owBbVMQAOLa-JUX,ExM82owBbVMQAOLa-JUX,2024-01-05 15:27:55.797000+00:00,004, ,, , 
net_FhM82owBbVMQAOLa-JUX,FhM82owBbVMQAOLa-JUX,2024-01-05 15:27:55.867000+00:00,000, ,, , 
net_GRM82owBbVMQAOLa-JUX,GRM82owBbVMQAOLa-JUX,2024-01-05 15:27:55.928000+00:00,004, ,, , 
net_pxM82owBbVMQAOLaJJNN,pxM82owBbVMQAOLaJJNN,2024-01-05 00:12:21.357000+00:00,004, ,, , 
net_rRM82owBbVMQAOLaJJNO,rRM82owBbVMQAOLaJJNO,2024-01-05 00:17:43.726000+00:00,004, ,, , 
net_rhM82owBbVMQAOLaJJNO,rhM82owBbVMQAOLaJJNO,2024-01-05 00:17:43.727000+00:00,004, ,, , 
net_sBM82owBbVMQAOLaJJNO,sBM82owBbVMQAOLaJJNO,2024-01-05 00:17:43.739000+00:00,004, ,, , 
net_sRM82owBbVMQAOLaJJNO,sRM82owBbVMQAOLaJJNO,2024-01-05 00:17:43.755000+00:00,004, ,, , 
net_tBM82owBbVMQAOLaJJNO,tBM82owBbVMQAOLaJJNO,2024-01-05 00:17:43.755000+00:00,004, ,, , 
net_thM82owBbVMQAOLaJJNO,thM82owBbVMQAOLaJJNO,2024-01-05 00:17:43.779000+00:00,004, ,, , 
net_txM82owBbVMQAOLaJJNO,txM82owBbVMQAOLaJJNO,2024-01-05 00:17:43.779000+00:00,004, ,, , 
net_vBM82owBbVMQAOLaJJNO,vBM82owBbVMQAOLaJJNO,2024-01-05 00:17:43.783000+00:00,004, ,, , 
net_wBM82owBbVMQAOLaJJNO,wBM82owBbVMQAOLaJJNO,2024-01-05 00:17:43.800000+00:00,004, ,, , 
net_xxM82owBbVMQAOLaJJNO,xxM82owBbVMQAOLaJJNO,2024-01-05 00:17:43.812000+00:00,004, ,, , 
net_yBM82owBbVMQAOLaJJNO,yBM82owBbVMQAOLaJJNO,2024-01-05 00:17:43.812000+00:00,004, ,, , 
net_yhM82owBbVMQAOLaJJNO,yhM82owBbVMQAOLaJJNO,2024-01-05 00:17:43.804000+00:00,004, ,, , 
net_yxM82owBbVMQAOLaJJNO,yxM82owBbVMQAOLaJJNO,2024-01-05 00:17:43.815000+00:00,004, ,, , 
net_zRM82owBbVMQAOLaJJNO,zRM82owBbVMQAOLaJJNO,2024-01-05 00:17:43.816000+00:00,004, ,, , 
net_zxM82owBbVMQAOLaJJNO,zxM82owBbVMQAOLaJJNO,2024-01-05 00:17:43.816000+00:00,004, ,, , 
net_0xM82owBbVMQAOLaJJNO,0xM82owBbVMQAOLaJJNO,2024-01-05 00:17:43.816000+00:00,004, ,, , 
net_lRM82owBbVMQAOLay5Sm,lRM82owBbVMQAOLay5Sm,2024-01-05 15:27:44.625000+00:00,004, ,, , 
net_lhM82owBbVMQAOLay5Sm,lhM82owBbVMQAOLay5Sm,2024-01-05 15:27:44.641000+00:00,004, ,, , 
net_mhM82owBbVMQAOLay5Sm,mhM82owBbVMQAOLay5Sm,2024-01-05 15:27:44.751000+00:00,004, ,, , 
net_nRM82owBbVMQAOLay5Sm,nRM82owBbVMQAOLay5Sm,2024-01-05 15:27:44.751000+00:00,004, ,, , 
net_oBM82owBbVMQAOLay5Sm,oBM82owBbVMQAOLay5Sm,2024-01-05 15:27:44.751000+00:00,004, ,, , 
net_ohM82owBbVMQAOLa0JRn,ohM82owBbVMQAOLa0JRn,2024-01-05 15:27:45.463000+00:00,004, ,, , 
net_pBM82owBbVMQAOLa0JRn,pBM82owBbVMQAOLa0JRn,2024-01-05 15:27:45.679000+00:00,004, ,, , 
net_phM82owBbVMQAOLa0JRn,phM82owBbVMQAOLa0JRn,2024-01-05 15:27:45.679000+00:00,004, ,, , 
net_pxM82owBbVMQAOLa1JQw,pxM82owBbVMQAOLa1JQw,2024-01-05 15:27:46.651000+00:00,004, ,, , 
net_rBM82owBbVMQAOLa1JQw,rBM82owBbVMQAOLa1JQw,2024-01-05 15:27:46.676000+00:00,004, ,, , 
net_rRM82owBbVMQAOLa1JQw,rRM82owBbVMQAOLa1JQw,2024-01-05 15:27:46.676000+00:00,004, ,, , 
net_rxM82owBbVMQAOLa1JQw,rxM82owBbVMQAOLa1JQw,2024-01-05 15:27:47.371000+00:00,004, ,, , 
net_sBM82owBbVMQAOLa1JQw,sBM82owBbVMQAOLa1JQw,2024-01-05 15:27:47.371000+00:00,004, ,, , 
net_tRM82owBbVMQAOLa1JQw,tRM82owBbVMQAOLa1JQw,2024-01-05 15:27:47.378000+00:00,004, ,, , 
net_HRM92owBbVMQAOLaCJUK,HRM92owBbVMQAOLaCJUK,2024-01-05 15:27:59.641000+00:00,004, ,, , 
net_HhM92owBbVMQAOLaCJUK,HhM92owBbVMQAOLaCJUK,2024-01-05 15:27:59.641000+00:00,004, ,, , 
net_IhM92owBbVMQAOLaCJUK,IhM92owBbVMQAOLaCJUK,2024-01-05 15:27:59.644000+00:00,004, ,, , 
net_IxM92owBbVMQAOLaCJUK,IxM92owBbVMQAOLaCJUK,2024-01-05 15:27:59.650000+00:00,004, ,, , 
net_KBM92owBbVMQAOLaFJWD,KBM92owBbVMQAOLaFJWD,2024-01-05 15:28:02.275000+00:00,004, ,, , 
net_KRM92owBbVMQAOLaFJWD,KRM92owBbVMQAOLaFJWD,2024-01-05 15:28:02.434000+00:00,004, ,, , 
net_LBM92owBbVMQAOLaFJWD,LBM92owBbVMQAOLaFJWD,2024-01-05 15:28:03.041000+00:00,004, ,, , 
net_LRM92owBbVMQAOLaFJWE,LRM92owBbVMQAOLaFJWE,2024-01-05 15:28:03.041000+00:00,004, ,, , 
net_LhM92owBbVMQAOLaFJWE,LhM92owBbVMQAOLaFJWE,2024-01-05 15:28:03.061000+00:00,004, ,, , 
net_LxM92owBbVMQAOLaFJWE,LxM92owBbVMQAOLaFJWE,2024-01-05 15:28:03.061000+00:00,004, ,, , 
net_MRM92owBbVMQAOLaFJWE,MRM92owBbVMQAOLaFJWE,2024-01-05 15:28:03.283000+00:00,004, ,, , 
net_MhM92owBbVMQAOLaFJWE,MhM92owBbVMQAOLaFJWE,2024-01-05 15:28:03.283000+00:00,004, ,, , 
net_MxM92owBbVMQAOLaFJWE,MxM92owBbVMQAOLaFJWE,2024-01-05 15:28:03.284000+00:00,004, ,, , 
net_NBM92owBbVMQAOLaFJWE,NBM92owBbVMQAOLaFJWE,2024-01-05 15:28:03.295000+00:00,004, ,, , 
net_nBM92owBbVMQAOLaW5UU,nBM92owBbVMQAOLaW5UU,2024-01-05 15:28:21.394000+00:00,004, ,, , 
net_nRM92owBbVMQAOLaW5UU,nRM92owBbVMQAOLaW5UU,2024-01-05 15:28:21.397000+00:00,004, ,, , 
net_oRM92owBbVMQAOLaW5UU,oRM92owBbVMQAOLaW5UU,2024-01-05 15:28:21.883000+00:00,004, ,, , 
net_oxM92owBbVMQAOLaW5UU,oxM92owBbVMQAOLaW5UU,2024-01-05 15:28:22.163000+00:00,004, ,, , 
net_pBM92owBbVMQAOLaX5WW,pBM92owBbVMQAOLaX5WW,2024-01-05 15:28:22.230000+00:00,004, ,, , 
net_pxM92owBbVMQAOLaX5WX,pxM92owBbVMQAOLaX5WX,2024-01-05 15:28:22.235000+00:00,004, ,, , 
net_qxM92owBbVMQAOLaZ5W_,qxM92owBbVMQAOLaZ5W_,2024-01-05 15:28:24.164000+00:00,004, ,, , 
net_sxM92owBbVMQAOLaa5V1,sxM92owBbVMQAOLaa5V1,2024-01-05 15:28:25.496000+00:00,004, ,, , 
net_uRM92owBbVMQAOLaa5V1,uRM92owBbVMQAOLaa5V1,2024-01-05 15:28:25.600000+00:00,004, ,, , 
net_uhM92owBbVMQAOLaa5V1,uhM92owBbVMQAOLaa5V1,2024-01-05 15:28:25.471000+00:00,004, ,, , 
net_uxM92owBbVMQAOLaa5V1,uxM92owBbVMQAOLaa5V1,2024-01-05 15:28:25.494000+00:00,004, ,, , 
net_vRM92owBbVMQAOLaa5V1,vRM92owBbVMQAOLaa5V1,2024-01-05 15:28:25.496000+00:00,004, ,, , 
net_txM82owBbVMQAOLa2JQU,txM82owBbVMQAOLa2JQU,2024-01-05 15:27:47.378000+00:00,004, ,, , 
net_uBM82owBbVMQAOLa2JQU,uBM82owBbVMQAOLa2JQU,2024-01-05 15:27:47.377000+00:00,004, ,, , 
net_uRM82owBbVMQAOLa2JQU,uRM82owBbVMQAOLa2JQU,2024-01-05 15:27:48.097000+00:00,004, ,, , 
net_uhM82owBbVMQAOLa3ZSk,uhM82owBbVMQAOLa3ZSk,2024-01-05 15:27:48.591000+00:00,004, ,, , 
net_vBM82owBbVMQAOLa3ZSk,vBM82owBbVMQAOLa3ZSk,2024-01-05 15:27:48.704000+00:00,004, ,, , 
net_wRM82owBbVMQAOLa3ZSk,wRM82owBbVMQAOLa3ZSk,2024-01-05 15:27:48.930000+00:00,004, ,, , 
net_whM82owBbVMQAOLa3ZSk,whM82owBbVMQAOLa3ZSk,2024-01-05 15:27:48.940000+00:00,004, ,, , 
net_wxM82owBbVMQAOLa3ZSk,wxM82owBbVMQAOLa3ZSk,2024-01-05 15:27:48.940000+00:00,004, ,, , 
net_xxM82owBbVMQAOLa3ZSk,xxM82owBbVMQAOLa3ZSk,2024-01-05 15:27:49.321000+00:00,004, ,, , 
net_yBM82owBbVMQAOLa3ZSk,yBM82owBbVMQAOLa3ZSk,2024-01-05 15:27:49.321000+00:00,004, ,, , 
net_yhM82owBbVMQAOLa4ZRu,yhM82owBbVMQAOLa4ZRu,2024-01-05 15:27:49.322000+00:00,004, ,, , 
net_zBM82owBbVMQAOLa4ZRu,zBM82owBbVMQAOLa4ZRu,2024-01-05 15:27:50.731000+00:00,004, ,, , 
net_0RM82owBbVMQAOLa4ZRu,0RM82owBbVMQAOLa4ZRu,2024-01-05 15:27:50.872000+00:00,004, ,, , 
net_0xM82owBbVMQAOLa4ZRu,0xM82owBbVMQAOLa4ZRu,2024-01-05 15:27:51.361000+00:00,004, ,, , 
net_1xM82owBbVMQAOLa6pSH,1xM82owBbVMQAOLa6pSH,2024-01-05 15:27:52.695000+00:00,004, ,, , 
net_4hM82owBbVMQAOLa6pSH,4hM82owBbVMQAOLa6pSH,2024-01-05 15:27:52.916000+00:00,004, ,, , 
net_cBM92owBbVMQAOLaQZUb,cBM92owBbVMQAOLaQZUb,2024-01-05 15:28:13.525000+00:00,004, ,, , 
net_chM92owBbVMQAOLaQZUb,chM92owBbVMQAOLaQZUb,2024-01-05 15:28:13.689000+00:00,004, ,, , 
net_dhM92owBbVMQAOLaQZUb,dhM92owBbVMQAOLaQZUb,2024-01-05 15:28:13.806000+00:00,004, ,, , 
net_eBM92owBbVMQAOLaQZUb,eBM92owBbVMQAOLaQZUb,2024-01-05 15:28:14.069000+00:00,004, ,, , 
net_ehM92owBbVMQAOLaQZUb,ehM92owBbVMQAOLaQZUb,2024-01-05 15:28:14.078000+00:00,004, ,, , 
net_exM92owBbVMQAOLaQZUb,exM92owBbVMQAOLaQZUb,2024-01-05 15:28:14.291000+00:00,004, ,, , 
net_fRM92owBbVMQAOLaQZUb,fRM92owBbVMQAOLaQZUb,2024-01-05 15:28:15.135000+00:00,004, ,, , 
net_gBM92owBbVMQAOLaQZUb,gBM92owBbVMQAOLaQZUb,2024-01-05 15:28:15.241000+00:00,004, ,, , 
net_gRM92owBbVMQAOLaQZUb,gRM92owBbVMQAOLaQZUb,2024-01-05 15:28:15.241000+00:00,004, ,, , 
net_ghM92owBbVMQAOLaQZUb,ghM92owBbVMQAOLaQZUb,2024-01-05 15:28:15.241000+00:00,004, ,, , 
net_iRM92owBbVMQAOLaSpUo,iRM92owBbVMQAOLaSpUo,2024-01-05 15:28:17.404000+00:00,004, ,, , 
net_jRM92owBbVMQAOLaTpUW,jRM92owBbVMQAOLaTpUW,2024-01-05 15:28:17.641000+00:00,004, ,, , 
net_jhM92owBbVMQAOLaTpUW,jhM92owBbVMQAOLaTpUW,2024-01-05 15:28:17.969000+00:00,004, ,, , 
net_rSrr1owBBvI38zPExXoc,rSrr1owBBvI38zPExXoc,2024-01-05 00:00:20.114000+00:00,004, ,, , 
net_sirr1owBBvI38zPExXoc,sirr1owBBvI38zPExXoc,2024-01-05 00:00:20.142000+00:00,004, ,, , 
net_syrr1owBBvI38zPExXoc,syrr1owBBvI38zPExXoc,2024-01-05 00:00:20.153000+00:00,004, ,, , 
net_tCrr1owBBvI38zPExXoc,tCrr1owBBvI38zPExXoc,2024-01-05 00:00:20.153000+00:00,004, ,, , 
net_ZhM_2owBbVMQAOLaeZgx,ZhM_2owBbVMQAOLaeZgx,2024-01-05 15:30:39.336000+00:00,004, ,, , 
net_aBM_2owBbVMQAOLaeZgx,aBM_2owBbVMQAOLaeZgx,2024-01-05 15:30:39.339000+00:00,004, ,, , 
net_axM_2owBbVMQAOLaeZgx,axM_2owBbVMQAOLaeZgx,2024-01-05 15:30:39.343000+00:00,004, ,, , 
net_dRM_2owBbVMQAOLaeZgx,dRM_2owBbVMQAOLaeZgx,2024-01-05 15:30:39.343000+00:00,004, ,, , 
net_eBM_2owBbVMQAOLaeZgx,eBM_2owBbVMQAOLaeZgx,2024-01-05 15:30:39.453000+00:00,004, ,, , 
net_ehM_2owBbVMQAOLaeZgx,ehM_2owBbVMQAOLaeZgx,2024-01-05 15:30:39.478000+00:00,004, ,, , 
net_exM_2owBbVMQAOLaeZgx,exM_2owBbVMQAOLaeZgx,2024-01-05 15:30:39.480000+00:00,004, ,, , 
net_fBM_2owBbVMQAOLaeZgx,fBM_2owBbVMQAOLaeZgx,2024-01-05 15:30:39.343000+00:00,004, ,, , 
net_fhM_2owBbVMQAOLaeZgx,fhM_2owBbVMQAOLaeZgx,2024-01-05 15:30:39.451000+00:00,004, ,, , 
net_ghM_2owBbVMQAOLafZiI,ghM_2owBbVMQAOLafZiI,2024-01-05 15:30:41.133000+00:00,004, ,, , 
net_hBM_2owBbVMQAOLafZiI,hBM_2owBbVMQAOLafZiI,2024-01-05 15:30:41.137000+00:00,004, ,, , 
net_hRM_2owBbVMQAOLafZiI,hRM_2owBbVMQAOLafZiI,2024-01-05 15:30:41.152000+00:00,004, ,, , 
net_hxM_2owBbVMQAOLafZiI,hxM_2owBbVMQAOLafZiI,2024-01-05 15:30:41.155000+00:00,004, ,, , 
net_jRM_2owBbVMQAOLafZiI,jRM_2owBbVMQAOLafZiI,2024-01-05 15:30:41.153000+00:00,004, ,, , 
net_jhM_2owBbVMQAOLafZiI,jhM_2owBbVMQAOLafZiI,2024-01-05 15:30:41.154000+00:00,004, ,, , 
net_kRM_2owBbVMQAOLafZiI,kRM_2owBbVMQAOLafZiI,2024-01-05 15:30:41.154000+00:00,004, ,, , 
net_lBM_2owBbVMQAOLafZiI,lBM_2owBbVMQAOLafZiI,2024-01-05 15:30:41.278000+00:00,004, ,, , 
net_lRM_2owBbVMQAOLagJj7,lRM_2owBbVMQAOLagJj7,2024-01-05 15:30:41.278000+00:00,004, ,, , 
net_lxM_2owBbVMQAOLagJj7,lxM_2owBbVMQAOLagJj7,2024-01-05 15:30:42.950000+00:00,004, ,, , 
net_nBM_2owBbVMQAOLagJj7,nBM_2owBbVMQAOLagJj7,2024-01-05 15:30:42.965000+00:00,004, ,, , 
net_nhM_2owBbVMQAOLagJj7,nhM_2owBbVMQAOLagJj7,2024-01-05 15:30:42.967000+00:00,004, ,, , 
net_pBM_2owBbVMQAOLagJj7,pBM_2owBbVMQAOLagJj7,2024-01-05 15:30:42.982000+00:00,004, ,, , 
net_pRM_2owBbVMQAOLagJj7,pRM_2owBbVMQAOLagJj7,2024-01-05 15:30:42.990000+00:00,004, ,, , 
net_phM_2owBbVMQAOLagJj7,phM_2owBbVMQAOLagJj7,2024-01-05 15:30:42.993000+00:00,004, ,, , 
net_qBM_2owBbVMQAOLagJj7,qBM_2owBbVMQAOLagJj7,2024-01-05 15:30:42.996000+00:00,004, ,, , 
net_qhM_2owBbVMQAOLagJj7,qhM_2owBbVMQAOLagJj7,2024-01-05 15:30:43.011000+00:00,004, ,, , 
net_rRM_2owBbVMQAOLagJj7,rRM_2owBbVMQAOLagJj7,2024-01-05 15:30:43.012000+00:00,004, ,, , 
net_sRM_2owBbVMQAOLahJjG,sRM_2owBbVMQAOLahJjG,2024-01-05 15:30:43.031000+00:00,004, ,, , 
net_tRM_2owBbVMQAOLahJjG,tRM_2owBbVMQAOLahJjG,2024-01-05 15:30:43.032000+00:00,004, ,, , 
net_thM_2owBbVMQAOLahJjG,thM_2owBbVMQAOLahJjG,2024-01-05 15:30:43.034000+00:00,004, ,, , 
net_uBM_2owBbVMQAOLahJjG,uBM_2owBbVMQAOLahJjG,2024-01-05 15:30:43.044000+00:00,004, ,, , 
net_uxM_2owBbVMQAOLaiJjg,uxM_2owBbVMQAOLaiJjg,2024-01-05 15:30:44.955000+00:00,004, ,, , 
net_vhM_2owBbVMQAOLaiJjg,vhM_2owBbVMQAOLaiJjg,2024-01-05 15:30:44.962000+00:00,004, ,, , 
net_vxM_2owBbVMQAOLaiJjg,vxM_2owBbVMQAOLaiJjg,2024-01-05 15:30:44.962000+00:00,004, ,, , 
net_whM_2owBbVMQAOLaiJjg,whM_2owBbVMQAOLaiJjg,2024-01-05 15:30:44.967000+00:00,004, ,, , 
net_xBM_2owBbVMQAOLaiJjg,xBM_2owBbVMQAOLaiJjg,2024-01-05 15:30:44.976000+00:00,004, ,, , 
net_xRM_2owBbVMQAOLaiJjg,xRM_2owBbVMQAOLaiJjg,2024-01-05 15:30:44.976000+00:00,004, ,, , 
net_yBM_2owBbVMQAOLaiJjg,yBM_2owBbVMQAOLaiJjg,2024-01-05 15:30:44.983000+00:00,004, ,, , 
net_yRM_2owBbVMQAOLaiJjg,yRM_2owBbVMQAOLaiJjg,2024-01-05 15:30:44.983000+00:00,004, ,, , 
net_yxM_2owBbVMQAOLaiJjg,yxM_2owBbVMQAOLaiJjg,2024-01-05 15:30:44.988000+00:00,004, ,, , 
net_zxM_2owBbVMQAOLaiJjg,zxM_2owBbVMQAOLaiJjg,2024-01-05 15:30:44.995000+00:00,004, ,, , 
net_0hM_2owBbVMQAOLaiJjg,0hM_2owBbVMQAOLaiJjg,2024-01-05 15:30:45.004000+00:00,004, ,, , 
net_0xM_2owBbVMQAOLaiJjg,0xM_2owBbVMQAOLaiJjg,2024-01-05 15:30:45.007000+00:00,004, ,, , 
net_1BM_2owBbVMQAOLaiJjg,1BM_2owBbVMQAOLaiJjg,2024-01-05 15:30:45.008000+00:00,004, ,, , 
net_1xM_2owBbVMQAOLaiJjg,1xM_2owBbVMQAOLaiJjg,2024-01-05 15:30:45.016000+00:00,004, ,, , 
net_2BM_2owBbVMQAOLaiJjg,2BM_2owBbVMQAOLaiJjg,2024-01-05 15:30:45.016000+00:00,004, ,, , 
net_2RM_2owBbVMQAOLaiJjg,2RM_2owBbVMQAOLaiJjg,2024-01-05 15:30:45.017000+00:00,004, ,, , 
net_3BM_2owBbVMQAOLaiJjg,3BM_2owBbVMQAOLaiJjg,2024-01-05 15:30:45.022000+00:00,004, ,, , 
net_3xM_2owBbVMQAOLaiJjg,3xM_2owBbVMQAOLaiJjg,2024-01-05 15:30:45.029000+00:00,004, ,, , 
net_4hM_2owBbVMQAOLajJiY,4hM_2owBbVMQAOLajJiY,2024-01-05 15:30:45.036000+00:00,004, ,, , 
net_5RM_2owBbVMQAOLakZg-,5RM_2owBbVMQAOLakZg-,2024-01-05 15:30:46.954000+00:00,004, ,, , 
net_5hM_2owBbVMQAOLakZg-,5hM_2owBbVMQAOLakZg-,2024-01-05 15:30:46.956000+00:00,004, ,, , 
net_6RM_2owBbVMQAOLakZg-,6RM_2owBbVMQAOLakZg-,2024-01-05 15:30:46.960000+00:00,004, ,, , 
net_6xM_2owBbVMQAOLakZg-,6xM_2owBbVMQAOLakZg-,2024-01-05 15:30:46.964000+00:00,004, ,, , 
net_7xM_2owBbVMQAOLakZg-,7xM_2owBbVMQAOLakZg-,2024-01-05 15:30:46.975000+00:00,004, ,, , 
net_8RM_2owBbVMQAOLakZg-,8RM_2owBbVMQAOLakZg-,2024-01-05 15:30:46.979000+00:00,004, ,, , 
net__RM_2owBbVMQAOLakZg-,_RM_2owBbVMQAOLakZg-,2024-01-05 15:30:47.011000+00:00,004, ,, , 
net__hM_2owBbVMQAOLakZg-,_hM_2owBbVMQAOLakZg-,2024-01-05 15:30:47.014000+00:00,004, ,, , 
net__xM_2owBbVMQAOLakZg-,_xM_2owBbVMQAOLakZg-,2024-01-05 15:30:47.016000+00:00,004, ,, , 
net_AxM_2owBbVMQAOLakZk-,AxM_2owBbVMQAOLakZk-,2024-01-05 15:30:47.030000+00:00,004, ,, , 
net_BhM_2owBbVMQAOLakZk-,BhM_2owBbVMQAOLakZk-,2024-01-05 15:30:47.035000+00:00,004, ,, , 
net_BxM_2owBbVMQAOLakZk-,BxM_2owBbVMQAOLakZk-,2024-01-05 15:30:47.036000+00:00,004, ,, , 
net_CBM_2owBbVMQAOLakZk-,CBM_2owBbVMQAOLakZk-,2024-01-05 15:30:47.037000+00:00,004, ,, , 
net_UxM-2owBbVMQAOLaa5e-,UxM-2owBbVMQAOLaa5e-,2024-01-05 15:29:30.661000+00:00,004, ,, , 
net_VBM-2owBbVMQAOLaa5e-,VBM-2owBbVMQAOLaa5e-,2024-01-05 15:29:30.661000+00:00,004, ,, , 
net_VRM-2owBbVMQAOLaa5e-,VRM-2owBbVMQAOLaa5e-,2024-01-05 15:29:30.661000+00:00,004, ,, , 
net_WRM-2owBbVMQAOLaa5e-,WRM-2owBbVMQAOLaa5e-,2024-01-05 15:29:30.661000+00:00,004, ,, , 
net_WxM-2owBbVMQAOLaa5e-,WxM-2owBbVMQAOLaa5e-,2024-01-05 15:29:30.662000+00:00,004, ,, , 
net_ZBM-2owBbVMQAOLaa5e-,ZBM-2owBbVMQAOLaa5e-,2024-01-05 15:29:30.672000+00:00,004, ,, , 
net_ZxM-2owBbVMQAOLaa5e-,ZxM-2owBbVMQAOLaa5e-,2024-01-05 15:29:30.672000+00:00,004, ,, , 
net_axM-2owBbVMQAOLaa5e_,axM-2owBbVMQAOLaa5e_,2024-01-05 15:29:30.668000+00:00,004, ,, , 
net_bRM-2owBbVMQAOLaa5e_,bRM-2owBbVMQAOLaa5e_,2024-01-05 15:29:30.672000+00:00,004, ,, , 
net_bhM-2owBbVMQAOLaa5e_,bhM-2owBbVMQAOLaa5e_,2024-01-05 15:29:30.678000+00:00,004, ,, , 
net_bxM-2owBbVMQAOLaa5e_,bxM-2owBbVMQAOLaa5e_,2024-01-05 15:29:30.678000+00:00,004, ,, , 
net_cBM-2owBbVMQAOLaa5e_,cBM-2owBbVMQAOLaa5e_,2024-01-05 15:29:30.678000+00:00,004, ,, , 
net_cRM-2owBbVMQAOLaa5e_,cRM-2owBbVMQAOLaa5e_,2024-01-05 15:29:30.672000+00:00,004, ,, , 
net_cxM-2owBbVMQAOLaa5e_,cxM-2owBbVMQAOLaa5e_,2024-01-05 15:29:30.679000+00:00,004, ,, , 
net_dBM-2owBbVMQAOLaa5e_,dBM-2owBbVMQAOLaa5e_,2024-01-05 15:29:30.672000+00:00,004, ,, , 
net_dxM-2owBbVMQAOLaa5e_,dxM-2owBbVMQAOLaa5e_,2024-01-05 15:29:30.683000+00:00,004, ,, , 
net_eRM-2owBbVMQAOLaa5e_,eRM-2owBbVMQAOLaa5e_,2024-01-05 15:29:30.683000+00:00,004, ,, , 
net_ehM-2owBbVMQAOLaa5e_,ehM-2owBbVMQAOLaa5e_,2024-01-05 15:29:30.683000+00:00,004, ,, , 
net_fhM-2owBbVMQAOLab5cp,fhM-2owBbVMQAOLab5cp,2024-01-05 15:29:32.289000+00:00,004, ,, , 
net_gBM-2owBbVMQAOLab5cp,gBM-2owBbVMQAOLab5cp,2024-01-05 15:29:32.289000+00:00,004, ,, , 
net_gRM-2owBbVMQAOLab5cp,gRM-2owBbVMQAOLab5cp,2024-01-05 15:29:32.289000+00:00,004, ,, , 
net_gxM-2owBbVMQAOLab5cp,gxM-2owBbVMQAOLab5cp,2024-01-05 15:29:32.289000+00:00,004, ,, , 
net_hBM-2owBbVMQAOLab5cp,hBM-2owBbVMQAOLab5cp,2024-01-05 15:29:32.313000+00:00,004, ,, , 
net_hRM-2owBbVMQAOLab5cp,hRM-2owBbVMQAOLab5cp,2024-01-05 15:29:32.313000+00:00,004, ,, , 
net_iRM-2owBbVMQAOLab5cp,iRM-2owBbVMQAOLab5cp,2024-01-05 15:29:32.320000+00:00,004, ,, , 
net_ihM-2owBbVMQAOLab5cp,ihM-2owBbVMQAOLab5cp,2024-01-05 15:29:32.320000+00:00,004, ,, , 
net_jBM-2owBbVMQAOLab5cp,jBM-2owBbVMQAOLab5cp,2024-01-05 15:29:32.315000+00:00,004, ,, , 
net_nBM-2owBbVMQAOLac5cL,nBM-2owBbVMQAOLac5cL,2024-01-05 15:29:34.688000+00:00,004, ,, , 
net_oBM-2owBbVMQAOLac5cL,oBM-2owBbVMQAOLac5cL,2024-01-05 15:29:34.703000+00:00,004, ,, , 
net_qBM-2owBbVMQAOLae5fb,qBM-2owBbVMQAOLae5fb,2024-01-05 15:29:35.011000+00:00,004, ,, , 
net_rhM-2owBbVMQAOLae5fb,rhM-2owBbVMQAOLae5fb,2024-01-05 15:29:35.012000+00:00,004, ,, , 
net_rxM-2owBbVMQAOLae5fb,rxM-2owBbVMQAOLae5fb,2024-01-05 15:29:35.028000+00:00,004, ,, , 
net_shM-2owBbVMQAOLae5fb,shM-2owBbVMQAOLae5fb,2024-01-05 15:29:35.032000+00:00,004, ,, , 
net_uRM-2owBbVMQAOLae5fb,uRM-2owBbVMQAOLae5fb,2024-01-05 15:29:35.019000+00:00,004, ,, , 
net_uhM-2owBbVMQAOLae5fb,uhM-2owBbVMQAOLae5fb,2024-01-05 15:29:35.027000+00:00,004, ,, , 
net_vBM-2owBbVMQAOLae5fb,vBM-2owBbVMQAOLae5fb,2024-01-05 15:29:36.420000+00:00,004, ,, , 
net_vhM-2owBbVMQAOLae5fb,vhM-2owBbVMQAOLae5fb,2024-01-05 15:29:36.444000+00:00,004, ,, , 
net_wRM-2owBbVMQAOLae5fj,wRM-2owBbVMQAOLae5fj,2024-01-05 15:29:36.587000+00:00,004, ,, , 
net_wxM-2owBbVMQAOLae5fj,wxM-2owBbVMQAOLae5fj,2024-01-05 15:29:36.636000+00:00,004, ,, , 
net_JBM_2owBbVMQAOLaapgv,JBM_2owBbVMQAOLaapgv,2024-01-05 15:30:32.820000+00:00,004, ,, , 
net_JRM_2owBbVMQAOLaapgv,JRM_2owBbVMQAOLaapgv,2024-01-05 15:30:32.820000+00:00,004, ,, , 
net_LRM_2owBbVMQAOLaapgv,LRM_2owBbVMQAOLaapgv,2024-01-05 15:30:32.838000+00:00,004, ,, , 
net_LhM_2owBbVMQAOLaapgv,LhM_2owBbVMQAOLaapgv,2024-01-05 15:30:32.840000+00:00,004, ,, , 
net_LxM_2owBbVMQAOLaapgv,LxM_2owBbVMQAOLaapgv,2024-01-05 15:30:32.960000+00:00,004, ,, , 
net_MBM_2owBbVMQAOLaapgv,MBM_2owBbVMQAOLaapgv,2024-01-05 15:30:32.960000+00:00,004, ,, , 
net_MRM_2owBbVMQAOLaapgv,MRM_2owBbVMQAOLaapgv,2024-01-05 15:30:32.962000+00:00,004, ,, , 
net_MhM_2owBbVMQAOLaapgv,MhM_2owBbVMQAOLaapgv,2024-01-05 15:30:32.965000+00:00,004, ,, , 
net_NRM_2owBbVMQAOLaapgv,NRM_2owBbVMQAOLaapgv,2024-01-05 15:30:34.972000+00:00,004, ,, , 
net_OBM_2owBbVMQAOLaapgv,OBM_2owBbVMQAOLaapgv,2024-01-05 15:30:35.078000+00:00,004, ,, , 
net_OhM_2owBbVMQAOLaapgv,OhM_2owBbVMQAOLaapgv,2024-01-05 15:30:35.079000+00:00,004, ,, , 
net_OxM_2owBbVMQAOLaapgv,OxM_2owBbVMQAOLaapgv,2024-01-05 15:30:35.079000+00:00,004, ,, , 
net_QBM_2owBbVMQAOLaapgv,QBM_2owBbVMQAOLaapgv,2024-01-05 15:30:35.179000+00:00,004, ,, , 
net_QxM_2owBbVMQAOLaapgv,QxM_2owBbVMQAOLaapgv,2024-01-05 15:30:35.452000+00:00,004, ,, , 
net_RRM_2owBbVMQAOLaapgv,RRM_2owBbVMQAOLaapgv,2024-01-05 15:30:35.456000+00:00,004, ,, , 
net_SBM_2owBbVMQAOLaapgv,SBM_2owBbVMQAOLaapgv,2024-01-05 15:30:35.784000+00:00,004, ,, , 
net_SxM_2owBbVMQAOLabJik,SxM_2owBbVMQAOLabJik,2024-01-05 15:30:36.823000+00:00,004, ,, , 
net_TRM_2owBbVMQAOLabJik,TRM_2owBbVMQAOLabJik,2024-01-05 15:30:36.839000+00:00,004, ,, , 
net_TxM_2owBbVMQAOLabJik,TxM_2owBbVMQAOLabJik,2024-01-05 15:30:36.839000+00:00,004, ,, , 
net_UhM_2owBbVMQAOLabJik,UhM_2owBbVMQAOLabJik,2024-01-05 15:30:36.844000+00:00,004, ,, , 
net_UxM_2owBbVMQAOLabJik,UxM_2owBbVMQAOLabJik,2024-01-05 15:30:36.846000+00:00,004, ,, , 
net_VBM_2owBbVMQAOLabJik,VBM_2owBbVMQAOLabJik,2024-01-05 15:30:36.848000+00:00,004, ,, , 
net_VhM_2owBbVMQAOLabJik,VhM_2owBbVMQAOLabJik,2024-01-05 15:30:36.855000+00:00,004, ,, , 
net_VxM_2owBbVMQAOLabJik,VxM_2owBbVMQAOLabJik,2024-01-05 15:30:36.856000+00:00,004, ,, , 
net_WBM_2owBbVMQAOLabJik,WBM_2owBbVMQAOLabJik,2024-01-05 15:30:36.860000+00:00,004, ,, , 
net_WhM_2owBbVMQAOLabJik,WhM_2owBbVMQAOLabJik,2024-01-05 15:30:36.862000+00:00,004, ,, , 
net_WxM_2owBbVMQAOLabJik,WxM_2owBbVMQAOLabJik,2024-01-05 15:30:36.872000+00:00,004, ,, , 
net_XhM_2owBbVMQAOLabJik,XhM_2owBbVMQAOLabJik,2024-01-05 15:30:36.965000+00:00,004, ,, , 
net_yBM-2owBbVMQAOLatJcv,yBM-2owBbVMQAOLatJcv,2024-01-05 15:29:48.488000+00:00,004, ,, , 
net_yRM-2owBbVMQAOLatJcv,yRM-2owBbVMQAOLatJcv,2024-01-05 15:29:48.488000+00:00,004, ,, , 
net_yhM-2owBbVMQAOLatJcv,yhM-2owBbVMQAOLatJcv,2024-01-05 15:29:48.888000+00:00,004, ,, , 
net_zRM-2owBbVMQAOLatJcv,zRM-2owBbVMQAOLatJcv,2024-01-05 15:29:48.991000+00:00,004, ,, , 
net_zhM-2owBbVMQAOLatJcv,zhM-2owBbVMQAOLatJcv,2024-01-05 15:29:48.992000+00:00,004, ,, , 
net_0BM-2owBbVMQAOLauJec,0BM-2owBbVMQAOLauJec,2024-01-05 15:29:50.541000+00:00,004, ,, , 
net_0RM-2owBbVMQAOLauJec,0RM-2owBbVMQAOLauJec,2024-01-05 15:29:50.541000+00:00,004, ,, , 
net_0hM-2owBbVMQAOLauJec,0hM-2owBbVMQAOLauJec,2024-01-05 15:29:50.570000+00:00,004, ,, , 
net_0xM-2owBbVMQAOLauJec,0xM-2owBbVMQAOLauJec,2024-01-05 15:29:50.571000+00:00,004, ,, , 
net_1BM-2owBbVMQAOLauJec,1BM-2owBbVMQAOLauJec,2024-01-05 15:29:50.608000+00:00,004, ,, , 
net_2BM-2owBbVMQAOLauJec,2BM-2owBbVMQAOLauJec,2024-01-05 15:29:50.613000+00:00,004, ,, , 
net_3BM-2owBbVMQAOLauJec,3BM-2owBbVMQAOLauJec,2024-01-05 15:29:50.614000+00:00,004, ,, , 
net_4BM-2owBbVMQAOLauJec,4BM-2owBbVMQAOLauJec,2024-01-05 15:29:50.629000+00:00,004, ,, , 
net_6BM-2owBbVMQAOLauJec,6BM-2owBbVMQAOLauJec,2024-01-05 15:29:50.674000+00:00,004, ,, , 
net_6hM-2owBbVMQAOLauJec,6hM-2owBbVMQAOLauJec,2024-01-05 15:29:50.674000+00:00,004, ,, , 
net_7BM-2owBbVMQAOLauJec,7BM-2owBbVMQAOLauJec,2024-01-05 15:29:50.679000+00:00,004, ,, , 
net_7hM-2owBbVMQAOLauJec,7hM-2owBbVMQAOLauJec,2024-01-05 15:29:50.692000+00:00,004, ,, , 
net_8BM-2owBbVMQAOLauJec,8BM-2owBbVMQAOLauJec,2024-01-05 15:29:50.696000+00:00,004, ,, , 
net_8RM-2owBbVMQAOLauJec,8RM-2owBbVMQAOLauJec,2024-01-05 15:29:50.696000+00:00,004, ,, , 
net_9RM-2owBbVMQAOLauJec,9RM-2owBbVMQAOLauJec,2024-01-05 15:29:50.707000+00:00,004, ,, , 
net_'-xM-2owBbVMQAOLauJec,'-xM-2owBbVMQAOLauJec,2024-01-05 15:29:50.741000+00:00,004, ,, , 
net_ABM-2owBbVMQAOLauJic,ABM-2owBbVMQAOLauJic,2024-01-05 15:29:50.747000+00:00,004, ,, , 
net_AxM-2owBbVMQAOLauZjH,AxM-2owBbVMQAOLauZjH,2024-01-05 15:29:50.749000+00:00,004, ,, , 
net_BRM-2owBbVMQAOLauZjH,BRM-2owBbVMQAOLauZjH,2024-01-05 15:29:50.752000+00:00,004, ,, , 
net_oRM_2owBbVMQAOLa3ZkX,oRM_2owBbVMQAOLa3ZkX,2024-01-05 15:31:05.619000+00:00,004, ,, , 
net_ohM_2owBbVMQAOLa3ZkX,ohM_2owBbVMQAOLa3ZkX,2024-01-05 15:31:05.619000+00:00,004, ,, , 
net_phM_2owBbVMQAOLa3ZkX,phM_2owBbVMQAOLa3ZkX,2024-01-05 15:31:05.674000+00:00,004, ,, , 
net_qBM_2owBbVMQAOLa3ZkX,qBM_2owBbVMQAOLa3ZkX,2024-01-05 15:31:05.792000+00:00,004, ,, , 
net_qhM_2owBbVMQAOLa3ZkX,qhM_2owBbVMQAOLa3ZkX,2024-01-05 15:31:05.793000+00:00,004, ,, , 
net_rBM_2owBbVMQAOLa3ZkX,rBM_2owBbVMQAOLa3ZkX,2024-01-05 15:31:05.854000+00:00,004, ,, , 
net_thM_2owBbVMQAOLa6ZlO,thM_2owBbVMQAOLa6ZlO,2024-01-05 15:31:09.456000+00:00,004, ,, , 
net_uhM_2owBbVMQAOLa6ZlO,uhM_2owBbVMQAOLa6ZlO,2024-01-05 15:31:09.466000+00:00,004, ,, , 
net_uxM_2owBbVMQAOLa6ZlO,uxM_2owBbVMQAOLa6ZlO,2024-01-05 15:31:09.474000+00:00,004, ,, , 
net_vBM_2owBbVMQAOLa6ZlO,vBM_2owBbVMQAOLa6ZlO,2024-01-05 15:31:09.476000+00:00,004, ,, , 
net_vRM_2owBbVMQAOLa6ZlO,vRM_2owBbVMQAOLa6ZlO,2024-01-05 15:31:09.479000+00:00,004, ,, , 
net_vhM_2owBbVMQAOLa6ZlO,vhM_2owBbVMQAOLa6ZlO,2024-01-05 15:31:09.512000+00:00,004, ,, , 
net_vxM_2owBbVMQAOLa6ZlO,vxM_2owBbVMQAOLa6ZlO,2024-01-05 15:31:09.512000+00:00,004, ,, , 
net_wBM_2owBbVMQAOLa6ZlO,wBM_2owBbVMQAOLa6ZlO,2024-01-05 15:31:09.511000+00:00,004, ,, , 
net_xBM_2owBbVMQAOLa8Zm4,xBM_2owBbVMQAOLa8Zm4,2024-01-05 15:31:11.478000+00:00,004, ,, , 
net_xRM_2owBbVMQAOLa8Zm4,xRM_2owBbVMQAOLa8Zm4,2024-01-05 15:31:11.618000+00:00,004, ,, , 
net_RxM_2owBbVMQAOLatJnq,RxM_2owBbVMQAOLatJnq,2024-01-05 15:30:55.294000+00:00,004, ,, , 
net_SRM_2owBbVMQAOLatJnq,SRM_2owBbVMQAOLatJnq,2024-01-05 15:30:55.295000+00:00,004, ,, , 
net_UBM_2owBbVMQAOLatJnq,UBM_2owBbVMQAOLatJnq,2024-01-05 15:30:55.491000+00:00,004, ,, , 
net_VRM_2owBbVMQAOLauJni,VRM_2owBbVMQAOLauJni,2024-01-05 15:30:57.199000+00:00,004, ,, , 
net_VhM_2owBbVMQAOLauJni,VhM_2owBbVMQAOLauJni,2024-01-05 15:30:57.199000+00:00,004, ,, , 
net_WBM_2owBbVMQAOLauJni,WBM_2owBbVMQAOLauJni,2024-01-05 15:30:57.203000+00:00,004, ,, , 
net_XBM_2owBbVMQAOLavZkX,XBM_2owBbVMQAOLavZkX,2024-01-05 15:30:57.310000+00:00,004, ,, , 
net_XRM_2owBbVMQAOLavZkX,XRM_2owBbVMQAOLavZkX,2024-01-05 15:30:57.317000+00:00,004, ,, , 
net_YBM_2owBbVMQAOLavZkX,YBM_2owBbVMQAOLavZkX,2024-01-05 15:30:57.326000+00:00,004, ,, , 
net_YhM_2owBbVMQAOLawZli,YhM_2owBbVMQAOLawZli,2024-01-05 15:30:59.246000+00:00,004, ,, , 
net_aBM_2owBbVMQAOLawZli,aBM_2owBbVMQAOLawZli,2024-01-05 15:30:59.313000+00:00,004, ,, , 
net_bBM_2owBbVMQAOLawZli,bBM_2owBbVMQAOLawZli,2024-01-05 15:30:59.356000+00:00,004, ,, , 
net_bhM_2owBbVMQAOLawZli,bhM_2owBbVMQAOLawZli,2024-01-05 15:30:59.357000+00:00,004, ,, , 
net_cxM_2owBbVMQAOLawZli,cxM_2owBbVMQAOLawZli,2024-01-05 15:30:59.446000+00:00,004, ,, , 
net_DxM_2owBbVMQAOLanJnt,DxM_2owBbVMQAOLanJnt,2024-01-05 15:30:49.015000+00:00,004, ,, , 
net_ERM_2owBbVMQAOLanJnt,ERM_2owBbVMQAOLanJnt,2024-01-05 15:30:49.298000+00:00,004, ,, , 
net_FxM_2owBbVMQAOLanJnt,FxM_2owBbVMQAOLanJnt,2024-01-05 15:30:49.364000+00:00,004, ,, , 
net_GBM_2owBbVMQAOLanJnt,GBM_2owBbVMQAOLanJnt,2024-01-05 15:30:49.365000+00:00,004, ,, , 
net_GRM_2owBbVMQAOLanJnt,GRM_2owBbVMQAOLanJnt,2024-01-05 15:30:49.365000+00:00,004, ,, , 
net_IBM_2owBbVMQAOLaoZkv,IBM_2owBbVMQAOLaoZkv,2024-01-05 15:30:49.423000+00:00,004, ,, , 
net_IhM_2owBbVMQAOLapZk3,IhM_2owBbVMQAOLapZk3,2024-01-05 15:30:51.127000+00:00,004, ,, , 
net_JxM_2owBbVMQAOLapZk3,JxM_2owBbVMQAOLapZk3,2024-01-05 15:30:51.319000+00:00,004, ,, , 
net_KRM_2owBbVMQAOLapZlG,KRM_2owBbVMQAOLapZlG,2024-01-05 15:30:51.326000+00:00,004, ,, , 
net_MhM_2owBbVMQAOLarJnP,MhM_2owBbVMQAOLarJnP,2024-01-05 15:30:53.058000+00:00,004, ,, , 
net_MxM_2owBbVMQAOLarJnP,MxM_2owBbVMQAOLarJnP,2024-01-05 15:30:53.287000+00:00,004, ,, , 
net_NRM_2owBbVMQAOLarJnP,NRM_2owBbVMQAOLarJnP,2024-01-05 15:30:53.364000+00:00,004, ,, , 
net_NhM_2owBbVMQAOLarJnP,NhM_2owBbVMQAOLarJnP,2024-01-05 15:30:53.418000+00:00,004, ,, , 
net_OhM_2owBbVMQAOLarJnP,OhM_2owBbVMQAOLarJnP,2024-01-05 15:30:53.642000+00:00,004, ,, , 
net_OxM_2owBbVMQAOLarJnP,OxM_2owBbVMQAOLarJnP,2024-01-05 15:30:55.221000+00:00,004, ,, , 
net_dxM_2owBbVMQAOLa0Jmv,dxM_2owBbVMQAOLa0Jmv,2024-01-05 15:31:01.475000+00:00,004, ,, , 
net_ehM_2owBbVMQAOLa0Jmv,ehM_2owBbVMQAOLa0Jmv,2024-01-05 15:31:01.649000+00:00,004, ,, , 
net_exM_2owBbVMQAOLa0Jmv,exM_2owBbVMQAOLa0Jmv,2024-01-05 15:31:01.648000+00:00,004, ,, , 
net_gxM_2owBbVMQAOLa0Jmv,gxM_2owBbVMQAOLa0Jmv,2024-01-05 15:31:01.764000+00:00,004, ,, , 
net_hRM_2owBbVMQAOLa1ZmR,hRM_2owBbVMQAOLa1ZmR,2024-01-05 15:31:03.454000+00:00,004, ,, , 
net_ixM_2owBbVMQAOLa1ZmR,ixM_2owBbVMQAOLa1ZmR,2024-01-05 15:31:03.473000+00:00,004, ,, , 
net_kBM_2owBbVMQAOLa1ZmR,kBM_2owBbVMQAOLa1ZmR,2024-01-05 15:31:03.592000+00:00,004, ,, , 
net_lRM_2owBbVMQAOLa1ZmR,lRM_2owBbVMQAOLa1ZmR,2024-01-05 15:31:03.697000+00:00,004, ,, , 
net_mhM_2owBbVMQAOLa2Zke,mhM_2owBbVMQAOLa2Zke,2024-01-05 15:31:05.388000+00:00,004, ,, , 
net_nBM_2owBbVMQAOLa2Zke,nBM_2owBbVMQAOLa2Zke,2024-01-05 15:31:05.390000+00:00,004, ,, , 
net_CBM-2owBbVMQAOLaxJgl,CBM-2owBbVMQAOLaxJgl,2024-01-05 15:29:53.022000+00:00,004, ,, , 
net_CRM-2owBbVMQAOLaxJgl,CRM-2owBbVMQAOLaxJgl,2024-01-05 15:29:53.023000+00:00,004, ,, , 
net_CxM-2owBbVMQAOLaxJgl,CxM-2owBbVMQAOLaxJgl,2024-01-05 15:29:53.023000+00:00,004, ,, , 
net_DBM-2owBbVMQAOLaxJgl,DBM-2owBbVMQAOLaxJgl,2024-01-05 15:29:53.024000+00:00,004, ,, , 
net_DhM-2owBbVMQAOLaxJgl,DhM-2owBbVMQAOLaxJgl,2024-01-05 15:29:53.031000+00:00,004, ,, , 
net_EBM-2owBbVMQAOLaxJgl,EBM-2owBbVMQAOLaxJgl,2024-01-05 15:29:54.508000+00:00,004, ,, , 
net_FxM-2owBbVMQAOLax5iX,FxM-2owBbVMQAOLax5iX,2024-01-05 15:29:54.691000+00:00,004, ,, , 
net_ixNA2owBbVMQAOLa2puS,ixNA2owBbVMQAOLa2puS,2024-01-05 15:32:10.472000+00:00,004, ,, , 
net_jxNA2owBbVMQAOLa2puS,jxNA2owBbVMQAOLa2puS,2024-01-05 15:32:10.562000+00:00,004, ,, , 
net_kBNA2owBbVMQAOLa2puS,kBNA2owBbVMQAOLa2puS,2024-01-05 15:32:10.560000+00:00,004, ,, , 
net_kRNA2owBbVMQAOLa2puS,kRNA2owBbVMQAOLa2puS,2024-01-05 15:32:10.561000+00:00,004, ,, , 
net_khNA2owBbVMQAOLa2puS,khNA2owBbVMQAOLa2puS,2024-01-05 15:32:10.565000+00:00,004, ,, , 
net_lBNA2owBbVMQAOLa3puE,lBNA2owBbVMQAOLa3puE,2024-01-05 15:32:10.708000+00:00,004, ,, , 
net_lRNA2owBbVMQAOLa3puE,lRNA2owBbVMQAOLa3puE,2024-01-05 15:32:12.385000+00:00,004, ,, , 
net_lhNA2owBbVMQAOLa3puE,lhNA2owBbVMQAOLa3puE,2024-01-05 15:32:12.385000+00:00,004, ,, , 
net_lxNA2owBbVMQAOLa3puE,lxNA2owBbVMQAOLa3puE,2024-01-05 15:32:12.472000+00:00,004, ,, , 
net_nBNA2owBbVMQAOLa4pt3,nBNA2owBbVMQAOLa4pt3,2024-01-05 15:32:12.495000+00:00,004, ,, , 
net_nRNA2owBbVMQAOLa4pt3,nRNA2owBbVMQAOLa4pt3,2024-01-05 15:32:12.497000+00:00,004, ,, , 
net_pBNA2owBbVMQAOLa4pt3,pBNA2owBbVMQAOLa4pt3,2024-01-05 15:32:12.613000+00:00,004, ,, , 
net_pRNA2owBbVMQAOLa4pt3,pRNA2owBbVMQAOLa4pt3,2024-01-05 15:32:12.740000+00:00,004, ,, , 
net_qxNA2owBbVMQAOLa6pus,qxNA2owBbVMQAOLa6pus,2024-01-05 15:32:14.473000+00:00,004, ,, , 
net_sBNA2owBbVMQAOLa6pus,sBNA2owBbVMQAOLa6pus,2024-01-05 15:32:14.555000+00:00,004, ,, , 
net_tRNA2owBbVMQAOLa6pus,tRNA2owBbVMQAOLa6pus,2024-01-05 15:32:14.653000+00:00,004, ,, , 
net_uRNA2owBbVMQAOLa6pus,uRNA2owBbVMQAOLa6pus,2024-01-05 15:32:14.657000+00:00,004, ,, , 
net_uxNA2owBbVMQAOLa6pus,uxNA2owBbVMQAOLa6pus,2024-01-05 15:32:14.762000+00:00,004, ,, , 
net_vBNA2owBbVMQAOLa6pus,vBNA2owBbVMQAOLa6pus,2024-01-05 15:32:14.762000+00:00,004, ,, , 
net_vRNA2owBbVMQAOLa6pus,vRNA2owBbVMQAOLa6pus,2024-01-05 15:32:14.782000+00:00,004, ,, , 
net_vhNA2owBbVMQAOLa6pus,vhNA2owBbVMQAOLa6pus,2024-01-05 15:32:14.783000+00:00,004, ,, , 
net_vxNA2owBbVMQAOLa6pus,vxNA2owBbVMQAOLa6pus,2024-01-05 15:32:14.783000+00:00,004, ,, , 
net_wBNA2owBbVMQAOLa6pus,wBNA2owBbVMQAOLa6pus,2024-01-05 15:32:14.784000+00:00,004, ,, , 
net_xRNA2owBbVMQAOLa6pus,xRNA2owBbVMQAOLa6pus,2024-01-05 15:32:14.886000+00:00,004, ,, , 
net_xhNA2owBbVMQAOLa7ptD,xhNA2owBbVMQAOLa7ptD,2024-01-05 15:32:14.886000+00:00,004, ,, , 
net_xxNA2owBbVMQAOLa7ptD,xxNA2owBbVMQAOLa7ptD,2024-01-05 15:32:14.886000+00:00,004, ,, , 
net_yRNA2owBbVMQAOLa7ptD,yRNA2owBbVMQAOLa7ptD,2024-01-05 15:32:16.464000+00:00,004, ,, , 
net_yxNA2owBbVMQAOLa8pt9,yxNA2owBbVMQAOLa8pt9,2024-01-05 15:32:16.464000+00:00,004, ,, , 
net_zBNA2owBbVMQAOLa8pt9,zBNA2owBbVMQAOLa8pt9,2024-01-05 15:32:16.464000+00:00,004, ,, , 
net_zhNA2owBbVMQAOLa8pt9,zhNA2owBbVMQAOLa8pt9,2024-01-05 15:32:16.471000+00:00,004, ,, , 
net_0hNA2owBbVMQAOLa8pt9,0hNA2owBbVMQAOLa8pt9,2024-01-05 15:32:16.461000+00:00,004, ,, , 
net_1xNA2owBbVMQAOLa8pt9,1xNA2owBbVMQAOLa8pt9,2024-01-05 15:32:16.461000+00:00,004, ,, , 
net_2xNA2owBbVMQAOLa8pt9,2xNA2owBbVMQAOLa8pt9,2024-01-05 15:32:16.817000+00:00,004, ,, , 
net_3hNA2owBbVMQAOLa8pt9,3hNA2owBbVMQAOLa8pt9,2024-01-05 15:32:16.817000+00:00,004, ,, , 
net_3xNA2owBbVMQAOLa8pt9,3xNA2owBbVMQAOLa8pt9,2024-01-05 15:32:16.817000+00:00,004, ,, , 
net_4BNA2owBbVMQAOLa_pte,4BNA2owBbVMQAOLa_pte,2024-01-05 15:32:18.510000+00:00,004, ,, , 
net_4RNA2owBbVMQAOLa_pte,4RNA2owBbVMQAOLa_pte,2024-01-05 15:32:18.510000+00:00,004, ,, , 
net_5BNA2owBbVMQAOLa_pte,5BNA2owBbVMQAOLa_pte,2024-01-05 15:32:18.624000+00:00,004, ,, , 
net_5RNA2owBbVMQAOLa_pte,5RNA2owBbVMQAOLa_pte,2024-01-05 15:32:18.624000+00:00,004, ,, , 
net_5hNA2owBbVMQAOLa_pte,5hNA2owBbVMQAOLa_pte,2024-01-05 15:32:18.624000+00:00,004, ,, , 
net_6RNA2owBbVMQAOLa_pte,6RNA2owBbVMQAOLa_pte,2024-01-05 15:32:18.625000+00:00,004, ,, , 
net_7xNA2owBbVMQAOLa_pte,7xNA2owBbVMQAOLa_pte,2024-01-05 15:32:20.428000+00:00,004, ,, , 
net_8RNA2owBbVMQAOLa_pte,8RNA2owBbVMQAOLa_pte,2024-01-05 15:32:20.432000+00:00,004, ,, , 
net_'-hNA2owBbVMQAOLa_pte,'-hNA2owBbVMQAOLa_pte,2024-01-05 15:32:20.535000+00:00,004, ,, , 
net_'-xNA2owBbVMQAOLa_pte,'-xNA2owBbVMQAOLa_pte,2024-01-05 15:32:20.535000+00:00,004, ,, , 
net__BNA2owBbVMQAOLa_pte,_BNA2owBbVMQAOLa_pte,2024-01-05 15:32:20.535000+00:00,004, ,, , 
net__RNA2owBbVMQAOLa_pte,_RNA2owBbVMQAOLa_pte,2024-01-05 15:32:20.541000+00:00,004, ,, , 
net_ABNA2owBbVMQAOLa_pxe,ABNA2owBbVMQAOLa_pxe,2024-01-05 15:32:20.803000+00:00,004, ,, , 
net_BRNB2owBbVMQAOLaApxN,BRNB2owBbVMQAOLaApxN,2024-01-05 15:32:22.596000+00:00,004, ,, , 
net_VRNA2owBbVMQAOLaxpuA,VRNA2owBbVMQAOLaxpuA,2024-01-05 15:32:04.306000+00:00,004, ,, , 
net_WBNA2owBbVMQAOLaxpuA,WBNA2owBbVMQAOLaxpuA,2024-01-05 15:32:04.420000+00:00,004, ,, , 
net_WRNA2owBbVMQAOLaxpuA,WRNA2owBbVMQAOLaxpuA,2024-01-05 15:32:04.420000+00:00,004, ,, , 
net_WhNA2owBbVMQAOLaxpuA,WhNA2owBbVMQAOLaxpuA,2024-01-05 15:32:04.414000+00:00,004, ,, , 
net_WxNA2owBbVMQAOLaxpuA,WxNA2owBbVMQAOLaxpuA,2024-01-05 15:32:04.422000+00:00,004, ,, , 
net_XBNA2owBbVMQAOLaxpuA,XBNA2owBbVMQAOLaxpuA,2024-01-05 15:32:04.430000+00:00,004, ,, , 
net_XxNA2owBbVMQAOLaxpuA,XxNA2owBbVMQAOLaxpuA,2024-01-05 15:32:04.539000+00:00,004, ,, , 
net_ZBNA2owBbVMQAOLaypu2,ZBNA2owBbVMQAOLaypu2,2024-01-05 15:32:06.358000+00:00,004, ,, , 
net_aBNA2owBbVMQAOLaypu2,aBNA2owBbVMQAOLaypu2,2024-01-05 15:32:06.474000+00:00,004, ,, , 
net_ahNA2owBbVMQAOLaypu2,ahNA2owBbVMQAOLaypu2,2024-01-05 15:32:06.474000+00:00,004, ,, , 
net_axNA2owBbVMQAOLaypu2,axNA2owBbVMQAOLaypu2,2024-01-05 15:32:06.474000+00:00,004, ,, , 
net_bBNA2owBbVMQAOLaypu2,bBNA2owBbVMQAOLaypu2,2024-01-05 15:32:06.474000+00:00,004, ,, , 
net_bxNA2owBbVMQAOLaypu2,bxNA2owBbVMQAOLaypu2,2024-01-05 15:32:06.581000+00:00,004, ,, , 
net_cRNA2owBbVMQAOLaypu2,cRNA2owBbVMQAOLaypu2,2024-01-05 15:32:06.581000+00:00,004, ,, , 
net_chNA2owBbVMQAOLaypu2,chNA2owBbVMQAOLaypu2,2024-01-05 15:32:06.589000+00:00,004, ,, , 
net_cxNA2owBbVMQAOLaypu2,cxNA2owBbVMQAOLaypu2,2024-01-05 15:32:06.718000+00:00,004, ,, , 
net_dRNA2owBbVMQAOLazpuo,dRNA2owBbVMQAOLazpuo,2024-01-05 15:32:08.304000+00:00,004, ,, , 
net_eRNA2owBbVMQAOLazpup,eRNA2owBbVMQAOLazpup,2024-01-05 15:32:08.401000+00:00,004, ,, , 
net_exNA2owBbVMQAOLazpup,exNA2owBbVMQAOLazpup,2024-01-05 15:32:08.404000+00:00,004, ,, , 
net_fBNA2owBbVMQAOLazpup,fBNA2owBbVMQAOLazpup,2024-01-05 15:32:08.408000+00:00,004, ,, , 
net_gRNA2owBbVMQAOLazpup,gRNA2owBbVMQAOLazpup,2024-01-05 15:32:08.408000+00:00,004, ,, , 
net_PRNB2owBbVMQAOLaG5zL,PRNB2owBbVMQAOLaG5zL,2024-01-05 15:32:26.930000+00:00,004, ,, , 
net_QxNB2owBbVMQAOLaH5x-,QxNB2owBbVMQAOLaH5x-,2024-01-05 15:32:28.714000+00:00,004, ,, , 
net_RxNB2owBbVMQAOLaH5x-,RxNB2owBbVMQAOLaH5x-,2024-01-05 15:32:28.851000+00:00,004, ,, , 
net_SBNB2owBbVMQAOLaH5x-,SBNB2owBbVMQAOLaH5x-,2024-01-05 15:32:28.843000+00:00,004, ,, , 
net_ShNB2owBbVMQAOLaH5x-,ShNB2owBbVMQAOLaH5x-,2024-01-05 15:32:28.861000+00:00,004, ,, , 
net_SxNB2owBbVMQAOLaH5x-,SxNB2owBbVMQAOLaH5x-,2024-01-05 15:32:28.861000+00:00,004, ,, , 
net_TBNB2owBbVMQAOLaH5x-,TBNB2owBbVMQAOLaH5x-,2024-01-05 15:32:28.861000+00:00,004, ,, , 
net_UxNB2owBbVMQAOLaJ5yA,UxNB2owBbVMQAOLaJ5yA,2024-01-05 15:32:30.697000+00:00,004, ,, , 
net_VxNB2owBbVMQAOLaM5xp,VxNB2owBbVMQAOLaM5xp,2024-01-05 15:32:32.739000+00:00,004, ,, , 
net_WRNB2owBbVMQAOLaM5xp,WRNB2owBbVMQAOLaM5xp,2024-01-05 15:32:32.742000+00:00,004, ,, , 
net_WxNB2owBbVMQAOLaM5xp,WxNB2owBbVMQAOLaM5xp,2024-01-05 15:32:32.743000+00:00,004, ,, , 
net_XxNB2owBbVMQAOLaM5xp,XxNB2owBbVMQAOLaM5xp,2024-01-05 15:32:32.986000+00:00,004, ,, , 
net_YxNB2owBbVMQAOLaN5yo,YxNB2owBbVMQAOLaN5yo,2024-01-05 15:32:34.789000+00:00,004, ,, , 
net_ZBNB2owBbVMQAOLaN5yo,ZBNB2owBbVMQAOLaN5yo,2024-01-05 15:32:34.796000+00:00,004, ,, , 
net_ahNB2owBbVMQAOLaN5yo,ahNB2owBbVMQAOLaN5yo,2024-01-05 15:32:34.805000+00:00,004, ,, , 
net_bBNB2owBbVMQAOLaN5yo,bBNB2owBbVMQAOLaN5yo,2024-01-05 15:32:34.806000+00:00,004, ,, , 
net_dBNB2owBbVMQAOLaP5yU,dBNB2owBbVMQAOLaP5yU,2024-01-05 15:32:36.741000+00:00,004, ,, , 
net_eBNB2owBbVMQAOLaP5yU,eBNB2owBbVMQAOLaP5yU,2024-01-05 15:32:36.750000+00:00,004, ,, , 
net_fRNB2owBbVMQAOLaP5yU,fRNB2owBbVMQAOLaP5yU,2024-01-05 15:32:36.862000+00:00,004, ,, , 
net_ghNB2owBbVMQAOLaR5zH,ghNB2owBbVMQAOLaR5zH,2024-01-05 15:32:38.780000+00:00,004, ,, , 
net_gxNB2owBbVMQAOLaR5zH,gxNB2owBbVMQAOLaR5zH,2024-01-05 15:32:38.780000+00:00,004, ,, , 
net_iBNB2owBbVMQAOLaR5zH,iBNB2owBbVMQAOLaR5zH,2024-01-05 15:32:38.791000+00:00,004, ,, , 
net_iRNB2owBbVMQAOLaR5zH,iRNB2owBbVMQAOLaR5zH,2024-01-05 15:32:38.781000+00:00,004, ,, , 
net_ihNB2owBbVMQAOLaR5zH,ihNB2owBbVMQAOLaR5zH,2024-01-05 15:32:38.781000+00:00,004, ,, , 
net_ixNB2owBbVMQAOLaR5zH,ixNB2owBbVMQAOLaR5zH,2024-01-05 15:32:38.782000+00:00,004, ,, , 
net_jhNB2owBbVMQAOLaR5zH,jhNB2owBbVMQAOLaR5zH,2024-01-05 15:32:39.016000+00:00,004, ,, , 
net_kRNB2owBbVMQAOLaR5zH,kRNB2owBbVMQAOLaR5zH,2024-01-05 15:32:39.263000+00:00,004, ,, , 
net_khNB2owBbVMQAOLaU5yy,khNB2owBbVMQAOLaU5yy,2024-01-05 15:32:40.695000+00:00,004, ,, , 
net_lBNB2owBbVMQAOLaU5yy,lBNB2owBbVMQAOLaU5yy,2024-01-05 15:32:40.700000+00:00,004, ,, , 
net_lxNB2owBbVMQAOLaU5yy,lxNB2owBbVMQAOLaU5yy,2024-01-05 15:32:40.709000+00:00,004, ,, , 
net_mhNB2owBbVMQAOLaU5yy,mhNB2owBbVMQAOLaU5yy,2024-01-05 15:32:40.819000+00:00,004, ,, , 
net_pxNB2owBbVMQAOLaV5yJ,pxNB2owBbVMQAOLaV5yJ,2024-01-05 15:32:42.755000+00:00,004, ,, , 
net_qxNB2owBbVMQAOLaV5yJ,qxNB2owBbVMQAOLaV5yJ,2024-01-05 15:32:42.847000+00:00,004, ,, , 
net_rRNB2owBbVMQAOLaV5yJ,rRNB2owBbVMQAOLaV5yJ,2024-01-05 15:32:42.860000+00:00,004, ,, , 
net_rhNB2owBbVMQAOLaV5yJ,rhNB2owBbVMQAOLaV5yJ,2024-01-05 15:32:42.861000+00:00,004, ,, , 
net_sRNB2owBbVMQAOLaV5yJ,sRNB2owBbVMQAOLaV5yJ,2024-01-05 15:32:42.861000+00:00,004, ,, , 
net_sxNB2owBbVMQAOLaV5yJ,sxNB2owBbVMQAOLaV5yJ,2024-01-05 15:32:42.861000+00:00,004, ,, , 
net_ChNB2owBbVMQAOLaC5w0,ChNB2owBbVMQAOLaC5w0,2024-01-05 15:32:22.714000+00:00,004, ,, , 
net_EBNB2owBbVMQAOLaC5w0,EBNB2owBbVMQAOLaC5w0,2024-01-05 15:32:22.739000+00:00,004, ,, , 
net_ERNB2owBbVMQAOLaC5w0,ERNB2owBbVMQAOLaC5w0,2024-01-05 15:32:22.739000+00:00,004, ,, , 
net_FBNB2owBbVMQAOLaC5w0,FBNB2owBbVMQAOLaC5w0,2024-01-05 15:32:22.839000+00:00,004, ,, , 
net_GBNB2owBbVMQAOLaD5wa,GBNB2owBbVMQAOLaD5wa,2024-01-05 15:32:24.538000+00:00,004, ,, , 
net_HRNB2owBbVMQAOLaD5wa,HRNB2owBbVMQAOLaD5wa,2024-01-05 15:32:24.543000+00:00,004, ,, , 
net_IhNB2owBbVMQAOLaD5wa,IhNB2owBbVMQAOLaD5wa,2024-01-05 15:32:24.642000+00:00,004, ,, , 
net_JRNB2owBbVMQAOLaD5wa,JRNB2owBbVMQAOLaD5wa,2024-01-05 15:32:24.658000+00:00,004, ,, , 
net_JxNB2owBbVMQAOLaD5wa,JxNB2owBbVMQAOLaD5wa,2024-01-05 15:32:24.659000+00:00,004, ,, , 
net_KBNB2owBbVMQAOLaD5wa,KBNB2owBbVMQAOLaD5wa,2024-01-05 15:32:24.755000+00:00,004, ,, , 
net_KRNB2owBbVMQAOLaE5wd,KRNB2owBbVMQAOLaE5wd,2024-01-05 15:32:24.764000+00:00,004, ,, , 
net_KxNB2owBbVMQAOLaF5xq,KxNB2owBbVMQAOLaF5xq,2024-01-05 15:32:26.564000+00:00,004, ,, , 
net_LRNB2owBbVMQAOLaF5xq,LRNB2owBbVMQAOLaF5xq,2024-01-05 15:32:26.575000+00:00,004, ,, , 
net_LxNB2owBbVMQAOLaF5xq,LxNB2owBbVMQAOLaF5xq,2024-01-05 15:32:26.621000+00:00,004, ,, , 
net_NRNB2owBbVMQAOLaF5xq,NRNB2owBbVMQAOLaF5xq,2024-01-05 15:32:26.685000+00:00,004, ,, , 
net_OBNB2owBbVMQAOLaF5xq,OBNB2owBbVMQAOLaF5xq,2024-01-05 15:32:26.689000+00:00,004, ,, , 
net_ORNB2owBbVMQAOLaF5xq,ORNB2owBbVMQAOLaF5xq,2024-01-05 15:32:26.693000+00:00,004, ,, , 
net_zBNB2owBbVMQAOLazZzp,zBNB2owBbVMQAOLazZzp,2024-01-05 15:33:04.879000+00:00,004, ,, , 
net_zxNB2owBbVMQAOLazZzp,zxNB2owBbVMQAOLazZzp,2024-01-05 15:33:04.950000+00:00,004, ,, , 
net_0RNB2owBbVMQAOLazZzp,0RNB2owBbVMQAOLazZzp,2024-01-05 15:33:05.002000+00:00,004, ,, , 
net_1hNB2owBbVMQAOLazZzp,1hNB2owBbVMQAOLazZzp,2024-01-05 15:33:05.007000+00:00,004, ,, , 
net_2xNB2owBbVMQAOLazZzp,2xNB2owBbVMQAOLazZzp,2024-01-05 15:33:06.943000+00:00,004, ,, , 
net_3xNB2owBbVMQAOLazZzp,3xNB2owBbVMQAOLazZzp,2024-01-05 15:33:06.956000+00:00,004, ,, , 
net_4BNB2owBbVMQAOLazZzp,4BNB2owBbVMQAOLazZzp,2024-01-05 15:33:06.958000+00:00,004, ,, , 
net_4hNB2owBbVMQAOLazZzp,4hNB2owBbVMQAOLazZzp,2024-01-05 15:33:06.960000+00:00,004, ,, , 
net_5BNB2owBbVMQAOLazZzp,5BNB2owBbVMQAOLazZzp,2024-01-05 15:33:07.201000+00:00,004, ,, , 
net_7RNB2owBbVMQAOLazZzp,7RNB2owBbVMQAOLazZzp,2024-01-05 15:33:08.888000+00:00,004, ,, , 
net_8RNB2owBbVMQAOLazZzp,8RNB2owBbVMQAOLazZzp,2024-01-05 15:33:08.907000+00:00,004, ,, , 
net_8xNB2owBbVMQAOLazZzp,8xNB2owBbVMQAOLazZzp,2024-01-05 15:33:08.996000+00:00,004, ,, , 
net_uhNB2owBbVMQAOLaX5zc,uhNB2owBbVMQAOLaX5zc,2024-01-05 15:32:44.779000+00:00,004, ,, , 
net_vRNB2owBbVMQAOLaX5zc,vRNB2owBbVMQAOLaX5zc,2024-01-05 15:32:44.782000+00:00,004, ,, , 
net_whNB2owBbVMQAOLaX5zc,whNB2owBbVMQAOLaX5zc,2024-01-05 15:32:44.797000+00:00,004, ,, , 
net_xBNB2owBbVMQAOLaX5zc,xBNB2owBbVMQAOLaX5zc,2024-01-05 15:32:44.916000+00:00,004, ,, , 
net_xRNB2owBbVMQAOLaY5xk,xRNB2owBbVMQAOLaY5xk,2024-01-05 15:32:45.011000+00:00,004, ,, , 
net_9hNC2owBbVMQAOLaVpya,9hNC2owBbVMQAOLaVpya,2024-01-05 15:33:43.579000+00:00,004, ,, , 
net_'-BNC2owBbVMQAOLaVpya,'-BNC2owBbVMQAOLaVpya,2024-01-05 15:33:43.580000+00:00,004, ,, , 
net__BNC2owBbVMQAOLaVpya,_BNC2owBbVMQAOLaVpya,2024-01-05 15:33:43.684000+00:00,004, ,, , 
net_ThNS2owBbVMQAOLab56H,ThNS2owBbVMQAOLab56H,2024-01-05 15:51:21.149000+00:00,004,192.168.217.1,52375, ,sohaib
net_URNS2owBbVMQAOLacZ4R,URNS2owBbVMQAOLacZ4R,2024-01-05 15:51:23.262000+00:00,004, ,, , 
net_UxNS2owBbVMQAOLacZ4R,UxNS2owBbVMQAOLacZ4R,2024-01-05 15:51:23.271000+00:00,004, ,, , 
net_VRNS2owBbVMQAOLacZ4R,VRNS2owBbVMQAOLacZ4R,2024-01-05 15:51:23.272000+00:00,004, ,, , 
net_XRNS2owBbVMQAOLacZ4R,XRNS2owBbVMQAOLacZ4R,2024-01-05 15:51:23.289000+00:00,004, ,, , 
net_YhNS2owBbVMQAOLacZ4R,YhNS2owBbVMQAOLacZ4R,2024-01-05 15:51:23.301000+00:00,004, ,, , 
net_ZRNS2owBbVMQAOLacZ4R,ZRNS2owBbVMQAOLacZ4R,2024-01-05 15:51:23.308000+00:00,004, ,, , 
net_ZxNS2owBbVMQAOLacZ4R,ZxNS2owBbVMQAOLacZ4R,2024-01-05 15:51:23.315000+00:00,004, ,, , 
net_aBNS2owBbVMQAOLacZ4R,aBNS2owBbVMQAOLacZ4R,2024-01-05 15:51:23.317000+00:00,004, ,, , 
net_aRNS2owBbVMQAOLacZ4R,aRNS2owBbVMQAOLacZ4R,2024-01-05 15:51:23.366000+00:00,004, ,, , 
net_axNS2owBbVMQAOLacZ4R,axNS2owBbVMQAOLacZ4R,2024-01-05 15:51:23.368000+00:00,004, ,, , 
net_dBNS2owBbVMQAOLacZ4R,dBNS2owBbVMQAOLacZ4R,2024-01-05 15:51:23.380000+00:00,004, ,, , 
net_dRNS2owBbVMQAOLacZ4R,dRNS2owBbVMQAOLacZ4R,2024-01-05 15:51:23.380000+00:00,004, ,, , 
net_eBNS2owBbVMQAOLacZ4R,eBNS2owBbVMQAOLacZ4R,2024-01-05 15:51:23.382000+00:00,004, ,, , 
net_eRNS2owBbVMQAOLacZ4R,eRNS2owBbVMQAOLacZ4R,2024-01-05 15:51:23.382000+00:00,004, ,, , 
net_ghNS2owBbVMQAOLacZ4R,ghNS2owBbVMQAOLacZ4R,2024-01-05 15:51:23.408000+00:00,004, ,, , 
net_gxNS2owBbVMQAOLacZ5u,gxNS2owBbVMQAOLacZ5u,2024-01-05 15:51:23.409000+00:00,004, ,, , 
net_hRNS2owBbVMQAOLacZ5v,hRNS2owBbVMQAOLacZ5v,2024-01-05 15:51:23.415000+00:00,004, ,, , 
net_iRNS2owBbVMQAOLacZ5v,iRNS2owBbVMQAOLacZ5v,2024-01-05 15:51:23.442000+00:00,004, ,, , 
net_jBNS2owBbVMQAOLacZ5v,jBNS2owBbVMQAOLacZ5v,2024-01-05 15:51:23.485000+00:00,004, ,, , 
net_jRNS2owBbVMQAOLacZ5v,jRNS2owBbVMQAOLacZ5v,2024-01-05 15:51:23.500000+00:00,004, ,, , 
net_kBNS2owBbVMQAOLacZ5v,kBNS2owBbVMQAOLacZ5v,2024-01-05 15:51:23.665000+00:00,004, ,, , 
net_oRNY2owBbVMQAOLaY55g,oRNY2owBbVMQAOLaY55g,2024-01-05 15:57:45.071000+00:00,004, ,, , 
net_ohNY2owBbVMQAOLaY55g,ohNY2owBbVMQAOLaY55g,2024-01-05 15:57:45.075000+00:00,004, ,, , 
net_pRNY2owBbVMQAOLaY55g,pRNY2owBbVMQAOLaY55g,2024-01-05 15:57:45.081000+00:00,004, ,, , 
net_lRNS2owBbVMQAOLax57I,lRNS2owBbVMQAOLax57I,2024-01-05 15:51:43.395000+00:00,004, ,, , 
net_mhNS2owBbVMQAOLax57I,mhNS2owBbVMQAOLax57I,2024-01-05 15:51:43.503000+00:00,004, ,, , 
net_nBNS2owBbVMQAOLax57I,nBNS2owBbVMQAOLax57I,2024-01-05 15:51:43.504000+00:00,004, ,, , 
net_khNS2owBbVMQAOLajJ5X,khNS2owBbVMQAOLajJ5X,2024-01-05 15:51:27.252000+00:00,004, ,, , 
net_QhNN2owBbVMQAOLaVJ4n,QhNN2owBbVMQAOLaVJ4n,2024-01-05 15:45:43.585000+00:00,004, ,, , 
net_JBNH2owBbVMQAOLaTp5n,JBNH2owBbVMQAOLaTp5n,2024-01-05 15:39:11.704000+00:00,004, ,, , 
net_KRNH2owBbVMQAOLaXp42,KRNH2owBbVMQAOLaXp42,2024-01-05 15:39:18.048000+00:00,004, ,, , 
net_OhNK2owBbVMQAOLaMZ61,OhNK2owBbVMQAOLaMZ61,2024-01-05 15:42:14.555000+00:00,004, ,, , 
net_MhNH2owBbVMQAOLa554P,MhNH2owBbVMQAOLa554P,2024-01-05 15:39:43.830000+00:00,004, ,, , 
net_fxOZ2owBbVMQAOLamZ_N,fxOZ2owBbVMQAOLamZ_N,2024-01-05 17:09:02.683000+00:00,004, ,, , 
net_gxOZ2owBbVMQAOLamZ_N,gxOZ2owBbVMQAOLamZ_N,2024-01-05 17:09:04.138000+00:00,004, ,, , 
net_hhOZ2owBbVMQAOLamZ_N,hhOZ2owBbVMQAOLamZ_N,2024-01-05 17:09:04.143000+00:00,004, ,, , 
net_iBOZ2owBbVMQAOLamZ_N,iBOZ2owBbVMQAOLamZ_N,2024-01-05 17:09:04.149000+00:00,004, ,, , 
net_ihOZ2owBbVMQAOLamZ_N,ihOZ2owBbVMQAOLamZ_N,2024-01-05 17:09:04.157000+00:00,004, ,, , 
net_ixOZ2owBbVMQAOLamZ_N,ixOZ2owBbVMQAOLamZ_N,2024-01-05 17:09:04.235000+00:00,004, ,, , 
net_jhOZ2owBbVMQAOLamZ_N,jhOZ2owBbVMQAOLamZ_N,2024-01-05 17:09:04.242000+00:00,004, ,, , 
net_HhN-2owBbVMQAOLaGZ8E,HhN-2owBbVMQAOLaGZ8E,2024-01-05 16:39:03.017000+00:00,004, ,, , 
net_IxN-2owBbVMQAOLaGZ8E,IxN-2owBbVMQAOLaGZ8E,2024-01-05 16:39:03.032000+00:00,004, ,, , 
net_KRN-2owBbVMQAOLaGZ8E,KRN-2owBbVMQAOLaGZ8E,2024-01-05 16:39:03.048000+00:00,004, ,, , 
net_LBN-2owBbVMQAOLaGZ8E,LBN-2owBbVMQAOLaGZ8E,2024-01-05 16:39:03.055000+00:00,004, ,, , 
net_LRN-2owBbVMQAOLaGZ8E,LRN-2owBbVMQAOLaGZ8E,2024-01-05 16:39:03.056000+00:00,004, ,, , 
net_LxN-2owBbVMQAOLaGZ8E,LxN-2owBbVMQAOLaGZ8E,2024-01-05 16:39:03.063000+00:00,004, ,, , 
net_MhN-2owBbVMQAOLaGZ8E,MhN-2owBbVMQAOLaGZ8E,2024-01-05 16:39:03.072000+00:00,004, ,, , 
net_NxN-2owBbVMQAOLayJ_o,NxN-2owBbVMQAOLayJ_o,2024-01-05 16:39:47.145000+00:00,004, ,, , 
net_OhN-2owBbVMQAOLayJ_o,OhN-2owBbVMQAOLayJ_o,2024-01-05 16:39:47.148000+00:00,004, ,, , 
net_OxN-2owBbVMQAOLayJ_o,OxN-2owBbVMQAOLayJ_o,2024-01-05 16:39:47.145000+00:00,004, ,, , 
net_PBN-2owBbVMQAOLayJ_o,PBN-2owBbVMQAOLayJ_o,2024-01-05 16:39:47.154000+00:00,004, ,, , 
net_PhN-2owBbVMQAOLayJ_o,PhN-2owBbVMQAOLayJ_o,2024-01-05 16:39:47.155000+00:00,004, ,, , 
net_khOa2owBbVMQAOLaSZ_U,khOa2owBbVMQAOLaSZ_U,2024-01-05 17:09:49.183000+00:00,004, ,, , 
net_lROa2owBbVMQAOLaSZ_U,lROa2owBbVMQAOLaSZ_U,2024-01-05 17:09:51.215000+00:00,004, ,, , 
net_mROa2owBbVMQAOLaSZ_U,mROa2owBbVMQAOLaSZ_U,2024-01-05 17:09:51.214000+00:00,004, ,, , 
net_YROP2owBbVMQAOLaW5_V,YROP2owBbVMQAOLaW5_V,2024-01-05 16:57:50.281000+00:00,004, ,, , 
net_ZBOP2owBbVMQAOLaW5_V,ZBOP2owBbVMQAOLaW5_V,2024-01-05 16:57:50.294000+00:00,004, ,, , 
net_ZROP2owBbVMQAOLaW5_V,ZROP2owBbVMQAOLaW5_V,2024-01-05 16:57:50.294000+00:00,004, ,, , 
net_bhOU2owBbVMQAOLa3J8z,bhOU2owBbVMQAOLa3J8z,2024-01-05 17:03:51.458000+00:00,004, ,, , 
net_cROU2owBbVMQAOLa3J8z,cROU2owBbVMQAOLa3J8z,2024-01-05 17:03:51.462000+00:00,004, ,, , 
net_TROE2owBbVMQAOLaWp_U,TROE2owBbVMQAOLaWp_U,2024-01-05 16:45:48.363000+00:00,004, ,, , 
net_TxOE2owBbVMQAOLaWp_U,TxOE2owBbVMQAOLaWp_U,2024-01-05 16:45:48.368000+00:00,004, ,, , 
net_rBOg2owBbVMQAOLa3J8t,rBOg2owBbVMQAOLa3J8t,2024-01-05 17:17:02.150000+00:00,004, ,, , 
net_qhOf2owBbVMQAOLa3p8R,qhOf2owBbVMQAOLa3p8R,2024-01-05 17:15:51.791000+00:00,004, ,, , 
net_uSrx1owBBvI38zPES3pO,uSrx1owBBvI38zPES3pO,2024-01-05 00:06:20.688000+00:00,004, ,, , 
net_vCrx1owBBvI38zPES3pP,vCrx1owBBvI38zPES3pP,2024-01-05 00:06:20.719000+00:00,004, ,, , 
net_virx1owBBvI38zPES3pP,virx1owBBvI38zPES3pP,2024-01-05 00:06:20.731000+00:00,004, ,, , 
net_wCrx1owBBvI38zPES3pP,wCrx1owBBvI38zPES3pP,2024-01-05 00:06:20.757000+00:00,004, ,, , 
net_wyrz1owBBvI38zPE0Hog,wyrz1owBBvI38zPE0Hog,2024-01-05 00:09:02.953000+00:00,004, ,, , 
net_xSrz1owBBvI38zPE0Hog,xSrz1owBBvI38zPE0Hog,2024-01-05 00:09:02.991000+00:00,004, ,, , 
net_xyrz1owBBvI38zPE0Hog,xyrz1owBBvI38zPE0Hog,2024-01-05 00:09:02.992000+00:00,004, ,, , 
net_yyrz1owBBvI38zPE0Hog,yyrz1owBBvI38zPE0Hog,2024-01-05 00:09:03.038000+00:00,004, ,, , 
net_0Srz1owBBvI38zPE0Hog,0Srz1owBBvI38zPE0Hog,2024-01-05 00:09:04.957000+00:00,004, ,, , 
net_0yrz1owBBvI38zPE0Hog,0yrz1owBBvI38zPE0Hog,2024-01-05 00:09:04.957000+00:00,004, ,, , 
net_1Crz1owBBvI38zPE0Hog,1Crz1owBBvI38zPE0Hog,2024-01-05 00:09:04.957000+00:00,004, ,, , 
net_1Srz1owBBvI38zPE0Hog,1Srz1owBBvI38zPE0Hog,2024-01-05 00:09:04.962000+00:00,004, ,, , 
net_3yr21owBBvI38zPEyXrc,3yr21owBBvI38zPEyXrc,2024-01-05 00:12:21.334000+00:00,004, ,, , 
net_4ir21owBBvI38zPEyXrc,4ir21owBBvI38zPEyXrc,2024-01-05 00:12:21.335000+00:00,004, ,, , 
net_5Cr21owBBvI38zPEyXrc,5Cr21owBBvI38zPEyXrc,2024-01-05 00:12:21.357000+00:00,004, ,, , 
net_5Sr21owBBvI38zPEyXrc,5Sr21owBBvI38zPEyXrc,2024-01-05 00:12:21.358000+00:00,004, ,, , 
net_7Sr71owBBvI38zPEI3p0,7Sr71owBBvI38zPEI3p0,2024-01-05 00:17:03.717000+00:00,004, ,, , 
net_7yr71owBBvI38zPEunov,7yr71owBBvI38zPEunov,2024-01-05 00:17:43.718000+00:00,004, ,, , 
net_8Sr71owBBvI38zPEunov,8Sr71owBBvI38zPEunov,2024-01-05 00:17:43.727000+00:00,004, ,, , 
net_8yr71owBBvI38zPEunov,8yr71owBBvI38zPEunov,2024-01-05 00:17:43.739000+00:00,004, ,, , 
net_9ir71owBBvI38zPEunow,9ir71owBBvI38zPEunow,2024-01-05 00:17:43.776000+00:00,004, ,, , 
net_'-Cr71owBBvI38zPEunow,'-Cr71owBBvI38zPEunow,2024-01-05 00:17:43.764000+00:00,004, ,, , 
net_'-Sr71owBBvI38zPEunow,'-Sr71owBBvI38zPEunow,2024-01-05 00:17:43.779000+00:00,004, ,, , 
net_'-ir71owBBvI38zPEunow,'-ir71owBBvI38zPEunow,2024-01-05 00:17:43.779000+00:00,004, ,, , 
net_'-yr71owBBvI38zPEunow,'-yr71owBBvI38zPEunow,2024-01-05 00:17:43.779000+00:00,004, ,, , 
net__Cr71owBBvI38zPEunow,_Cr71owBBvI38zPEunow,2024-01-05 00:17:43.780000+00:00,004, ,, , 
net_ASr71owBBvI38zPEunsx,ASr71owBBvI38zPEunsx,2024-01-05 00:17:43.787000+00:00,004, ,, , 
net_BCr71owBBvI38zPEunsx,BCr71owBBvI38zPEunsx,2024-01-05 00:17:43.802000+00:00,004, ,, , 
net_BSr71owBBvI38zPEunsx,BSr71owBBvI38zPEunsx,2024-01-05 00:17:43.804000+00:00,004, ,, , 
net_ESr71owBBvI38zPEunsz,ESr71owBBvI38zPEunsz,2024-01-05 00:17:43.813000+00:00,004, ,, , 
net_Eir71owBBvI38zPEunsz,Eir71owBBvI38zPEunsz,2024-01-05 00:17:43.816000+00:00,004, ,, , 
net_FCr71owBBvI38zPEunsz,FCr71owBBvI38zPEunsz,2024-01-05 00:17:43.819000+00:00,004, ,, , 
net_HSr71owBBvI38zPEuns0,HSr71owBBvI38zPEuns0,2024-01-05 00:17:43.836000+00:00,004, ,, , 
net_Hir71owBBvI38zPEuns0,Hir71owBBvI38zPEuns0,2024-01-05 00:17:43.843000+00:00,004, ,, , 
net_ICr71owBBvI38zPEvHuM,ICr71owBBvI38zPEvHuM,2024-01-05 00:17:43.849000+00:00,004, ,, , 
net_Iir71owBBvI38zPEvHuM,Iir71owBBvI38zPEvHuM,2024-01-05 00:17:43.844000+00:00,004, ,, , 
net_Jir71owBBvI38zPEvHuM,Jir71owBBvI38zPEvHuM,2024-01-05 00:17:43.860000+00:00,004, ,, , 
net_Jyr71owBBvI38zPEvHuN,Jyr71owBBvI38zPEvHuN,2024-01-05 00:17:43.856000+00:00,004, ,, , 
net_KCr71owBBvI38zPEvHuN,KCr71owBBvI38zPEvHuN,2024-01-05 00:17:43.849000+00:00,004, ,, , 
net_KSr71owBBvI38zPEvHuN,KSr71owBBvI38zPEvHuN,2024-01-05 00:17:43.864000+00:00,004, ,, , 
net_Kyr71owBBvI38zPEvHuN,Kyr71owBBvI38zPEvHuN,2024-01-05 00:17:43.857000+00:00,004, ,, , 
net_LCr71owBBvI38zPEvHuN,LCr71owBBvI38zPEvHuN,2024-01-05 00:17:43.822000+00:00,004, ,, , 
net_Lyr71owBBvI38zPEvHuN,Lyr71owBBvI38zPEvHuN,2024-01-05 00:17:43.880000+00:00,004, ,, , 
net_MCr71owBBvI38zPEvHuO,MCr71owBBvI38zPEvHuO,2024-01-05 00:17:43.881000+00:00,004, ,, , 
net_Myr71owBBvI38zPEvHuO,Myr71owBBvI38zPEvHuO,2024-01-05 00:17:43.860000+00:00,004, ,, , 
net_NCr71owBBvI38zPEvHuO,NCr71owBBvI38zPEvHuO,2024-01-05 00:17:43.886000+00:00,004, ,, , 
net_OSr71owBBvI38zPEvHuP,OSr71owBBvI38zPEvHuP,2024-01-05 00:17:43.888000+00:00,004, ,, , 
net_PSr71owBBvI38zPEvHuP,PSr71owBBvI38zPEvHuP,2024-01-05 00:17:43.886000+00:00,004, ,, , 
net_Pir71owBBvI38zPEvHuP,Pir71owBBvI38zPEvHuP,2024-01-05 00:17:43.910000+00:00,004, ,, , 
net_QSr71owBBvI38zPEvHuQ,QSr71owBBvI38zPEvHuQ,2024-01-05 00:17:43.908000+00:00,004, ,, , 
net_Qir71owBBvI38zPEvHuQ,Qir71owBBvI38zPEvHuQ,2024-01-05 00:17:43.912000+00:00,004, ,, , 
net_RCr71owBBvI38zPEvHuQ,RCr71owBBvI38zPEvHuQ,2024-01-05 00:17:43.917000+00:00,004, ,, , 
net_RSr71owBBvI38zPEvHuQ,RSr71owBBvI38zPEvHuQ,2024-01-05 00:17:43.920000+00:00,004, ,, , 
net_Ryr71owBBvI38zPEvHuQ,Ryr71owBBvI38zPEvHuQ,2024-01-05 00:17:43.924000+00:00,004, ,, , 
net_TCr71owBBvI38zPEvHuR,TCr71owBBvI38zPEvHuR,2024-01-05 00:17:43.887000+00:00,004, ,, , 
net_Tir71owBBvI38zPEvHuR,Tir71owBBvI38zPEvHuR,2024-01-05 00:17:43.937000+00:00,004, ,, , 
net_UCr71owBBvI38zPEvHuR,UCr71owBBvI38zPEvHuR,2024-01-05 00:17:43.928000+00:00,004, ,, , 
net_USr71owBBvI38zPEvHuR,USr71owBBvI38zPEvHuR,2024-01-05 00:17:43.928000+00:00,004, ,, , 
net_Vir71owBBvI38zPEvnup,Vir71owBBvI38zPEvnup,2024-01-05 00:17:43.927000+00:00,004, ,, , 
net_WSr71owBBvI38zPEvnuq,WSr71owBBvI38zPEvnuq,2024-01-05 00:17:43.954000+00:00,004, ,, , 
net_ZCr71owBBvI38zPEvnur,ZCr71owBBvI38zPEvnur,2024-01-05 00:17:43.975000+00:00,004, ,, , 
net_Zyr71owBBvI38zPEvnus,Zyr71owBBvI38zPEvnus,2024-01-05 00:17:43.983000+00:00,004, ,, , 
net_aSr71owBBvI38zPEvnus,aSr71owBBvI38zPEvnus,2024-01-05 00:17:44.016000+00:00,004, ,, , 
net_bCr71owBBvI38zPEvnus,bCr71owBBvI38zPEvnus,2024-01-05 00:17:43.946000+00:00,004, ,, , 
net_dSr71owBBvI38zPEvnut,dSr71owBBvI38zPEvnut,2024-01-05 00:17:44.097000+00:00,004, ,, , 
net_eyr71owBBvI38zPEvnuu,eyr71owBBvI38zPEvnuu,2024-01-05 00:17:44.110000+00:00,004, ,, , 
net_gSr71owBBvI38zPEvnuv,gSr71owBBvI38zPEvnuv,2024-01-05 00:17:44.024000+00:00,004, ,, , 
net_gir71owBBvI38zPEvnuv,gir71owBBvI38zPEvnuv,2024-01-05 00:17:44.206000+00:00,004, ,, , 
net_gyr71owBBvI38zPEvnuv,gyr71owBBvI38zPEvnuv,2024-01-05 00:17:44.212000+00:00,004, ,, , 
net_hCr71owBBvI38zPEwHuO,hCr71owBBvI38zPEwHuO,2024-01-05 00:17:44.213000+00:00,004, ,, , 
net_hSr71owBBvI38zPEwHuO,hSr71owBBvI38zPEwHuO,2024-01-05 00:17:44.576000+00:00,004, ,, , 
net_jir71owBBvI38zPEwHuP,jir71owBBvI38zPEwHuP,2024-01-05 00:17:44.656000+00:00,004, ,, , 
net_kCr71owBBvI38zPEwHuP,kCr71owBBvI38zPEwHuP,2024-01-05 00:17:44.106000+00:00,004, ,, , 
net_kSr71owBBvI38zPEwHuP,kSr71owBBvI38zPEwHuP,2024-01-05 00:17:47.609000+00:00,004, ,, , 
net_lir71owBBvI38zPEwHuQ,lir71owBBvI38zPEwHuQ,2024-01-05 00:17:48.184000+00:00,004, ,, , 
net_lyr71owBBvI38zPEwHuQ,lyr71owBBvI38zPEwHuQ,2024-01-05 00:17:48.217000+00:00,004, ,, , 
net_nCr71owBBvI38zPEwHuQ,nCr71owBBvI38zPEwHuQ,2024-01-05 00:17:48.730000+00:00,004, ,, , 
net_nyr71owBBvI38zPEwHuR,nyr71owBBvI38zPEwHuR,2024-01-05 00:17:49.795000+00:00,004, ,, , 
net_pCr71owBBvI38zPEyXsC,pCr71owBBvI38zPEyXsC,2024-01-05 00:17:51.674000+00:00,004, ,, , 
net_qyr71owBBvI38zPEyXsD,qyr71owBBvI38zPEyXsD,2024-01-05 00:17:52.774000+00:00,003, ,, , 
net_rSr71owBBvI38zPEznur,rSr71owBBvI38zPEznur,2024-01-05 00:17:53.537000+00:00,004, ,, , 
net_sCr71owBBvI38zPEznus,sCr71owBBvI38zPEznus,2024-01-05 00:17:54.180000+00:00,004, ,, , 
net_uir71owBBvI38zPE0XuY,uir71owBBvI38zPE0XuY,2024-01-05 00:17:54.472000+00:00,004, ,, , 
net_vSr71owBBvI38zPE0XuY,vSr71owBBvI38zPE0XuY,2024-01-05 00:17:55.713000+00:00,004, ,, , 
net_vir71owBBvI38zPE0XuZ,vir71owBBvI38zPE0XuZ,2024-01-05 00:17:55.865000+00:00,004, ,, , 
net_vyr71owBBvI38zPE0XuZ,vyr71owBBvI38zPE0XuZ,2024-01-05 00:17:55.878000+00:00,004, ,, , 
net_wSr71owBBvI38zPE0XuZ,wSr71owBBvI38zPE0XuZ,2024-01-05 00:17:55.989000+00:00,004, ,, , 
net_wir71owBBvI38zPE0XuZ,wir71owBBvI38zPE0XuZ,2024-01-05 00:17:56.103000+00:00,004, ,, , 
net_xSr71owBBvI38zPE3Hvt,xSr71owBBvI38zPE3Hvt,2024-01-05 00:17:57.521000+00:00,004, ,, , 
net_xyr71owBBvI38zPE3Hvu,xyr71owBBvI38zPE3Hvu,2024-01-05 00:17:57.524000+00:00,004, ,, , 
net_yir71owBBvI38zPE3Hvu,yir71owBBvI38zPE3Hvu,2024-01-05 00:17:57.678000+00:00,004, ,, , 
net_zSr71owBBvI38zPE3Hvv,zSr71owBBvI38zPE3Hvv,2024-01-05 00:17:57.870000+00:00,004, ,, , 
net_0Cr71owBBvI38zPE6HuU,0Cr71owBBvI38zPE6HuU,2024-01-05 00:17:59.599000+00:00,004, ,, , 
net_1yr71owBBvI38zPE7Hum,1yr71owBBvI38zPE7Hum,2024-01-05 00:18:01.552000+00:00,004, ,, , 
net_2Cr71owBBvI38zPE7Hun,2Cr71owBBvI38zPE7Hun,2024-01-05 00:18:01.567000+00:00,004, ,, , 
net_3ir71owBBvI38zPE-HvD,3ir71owBBvI38zPE-HvD,2024-01-05 00:18:03.593000+00:00,004, ,, , 
net_3yr71owBBvI38zPE-HvD,3yr71owBBvI38zPE-HvD,2024-01-05 00:18:03.604000+00:00,004, ,, , 
net_4Cr71owBBvI38zPE-HvD,4Cr71owBBvI38zPE-HvD,2024-01-05 00:18:03.615000+00:00,004, ,, , 
net_5Cr71owBBvI38zPE-HvE,5Cr71owBBvI38zPE-HvE,2024-01-05 00:18:03.643000+00:00,004, ,, , 
net_5ir71owBBvI38zPE-HvE,5ir71owBBvI38zPE-HvE,2024-01-05 00:18:03.653000+00:00,004, ,, , 
net_6ir71owBBvI38zPE-HvE,6ir71owBBvI38zPE-HvE,2024-01-05 00:18:03.677000+00:00,004, ,, , 
net_7Cr71owBBvI38zPE-HvF,7Cr71owBBvI38zPE-HvF,2024-01-05 00:18:03.687000+00:00,004, ,, , 
net_7Sr71owBBvI38zPE-HvF,7Sr71owBBvI38zPE-HvF,2024-01-05 00:18:03.706000+00:00,004, ,, , 
net_8Sr71owBBvI38zPE_Hu7,8Sr71owBBvI38zPE_Hu7,2024-01-05 00:18:05.578000+00:00,004, ,, , 
net_8yr71owBBvI38zPE_Hu7,8yr71owBBvI38zPE_Hu7,2024-01-05 00:18:05.593000+00:00,004, ,, , 
net_9Cr71owBBvI38zPE_Hu7,9Cr71owBBvI38zPE_Hu7,2024-01-05 00:18:05.600000+00:00,004, ,, , 
net_9ir71owBBvI38zPE_Hu8,9ir71owBBvI38zPE_Hu8,2024-01-05 00:18:05.895000+00:00,004, ,, , 
net_'-yr81owBBvI38zPECHu7,'-yr81owBBvI38zPECHu7,2024-01-05 00:18:07.827000+00:00,004, ,, , 
net__Sr81owBBvI38zPECHu8,_Sr81owBBvI38zPECHu8,2024-01-05 00:18:07.884000+00:00,004, ,, , 
net__ir81owBBvI38zPECHu8,_ir81owBBvI38zPECHu8,2024-01-05 00:18:07.887000+00:00,004, ,, , 
net__yr81owBBvI38zPECHu8,_yr81owBBvI38zPECHu8,2024-01-05 00:18:07.908000+00:00,004, ,, , 
net_Air81owBBvI38zPECHy8,Air81owBBvI38zPECHy8,2024-01-05 00:18:07.947000+00:00,004, ,, , 
net_Ayr81owBBvI38zPECHy8,Ayr81owBBvI38zPECHy8,2024-01-05 00:18:07.956000+00:00,004, ,, , 
net_BCr81owBBvI38zPECHy8,BCr81owBBvI38zPECHy8,2024-01-05 00:18:07.961000+00:00,004, ,, , 
net_Bir81owBBvI38zPECHy9,Bir81owBBvI38zPECHy9,2024-01-05 00:18:08.031000+00:00,004, ,, , 
net_Byr81owBBvI38zPECHy9,Byr81owBBvI38zPECHy9,2024-01-05 00:18:08.037000+00:00,004, ,, , 
net_CSr81owBBvI38zPECHy9,CSr81owBBvI38zPECHy9,2024-01-05 00:18:08.067000+00:00,004, ,, , 
net_Cir81owBBvI38zPEDXwc,Cir81owBBvI38zPEDXwc,2024-01-05 00:18:09.622000+00:00,004, ,, , 
net_Cyr81owBBvI38zPEDXwd,Cyr81owBBvI38zPEDXwd,2024-01-05 00:18:09.645000+00:00,004, ,, , 
net_Eir81owBBvI38zPEDXwd,Eir81owBBvI38zPEDXwd,2024-01-05 00:18:09.888000+00:00,004, ,, , 
net_FCr81owBBvI38zPEDXwd,FCr81owBBvI38zPEDXwd,2024-01-05 00:18:09.949000+00:00,004, ,, , 
net_Fir81owBBvI38zPEDXwe,Fir81owBBvI38zPEDXwe,2024-01-05 00:18:09.949000+00:00,004, ,, , 
net_HCr81owBBvI38zPEDXwf,HCr81owBBvI38zPEDXwf,2024-01-05 00:18:10.068000+00:00,004, ,, , 
net_Hyr81owBBvI38zPEDXwf,Hyr81owBBvI38zPEDXwf,2024-01-05 00:18:10.073000+00:00,004, ,, , 
net_ICr81owBBvI38zPEEHzM,ICr81owBBvI38zPEEHzM,2024-01-05 00:18:11.641000+00:00,004, ,, , 
net_Iir81owBBvI38zPEEHzN,Iir81owBBvI38zPEEHzN,2024-01-05 00:18:11.705000+00:00,004, ,, , 
net_Iyr81owBBvI38zPEEHzN,Iyr81owBBvI38zPEEHzN,2024-01-05 00:18:11.761000+00:00,004, ,, , 
net_vhM92owBbVMQAOLaeZWc,vhM92owBbVMQAOLaeZWc,2024-01-05 15:28:27.755000+00:00,004, ,, , 
net_vxM92owBbVMQAOLaeZWc,vxM92owBbVMQAOLaeZWc,2024-01-05 15:28:27.755000+00:00,004, ,, , 
net_wRM92owBbVMQAOLaeZWc,wRM92owBbVMQAOLaeZWc,2024-01-05 15:28:27.755000+00:00,004, ,, , 
net_wxM92owBbVMQAOLaeZWc,wxM92owBbVMQAOLaeZWc,2024-01-05 15:28:27.755000+00:00,004, ,, , 
net_xBM92owBbVMQAOLaeZWc,xBM92owBbVMQAOLaeZWc,2024-01-05 15:28:27.755000+00:00,004, ,, , 
net_zxM92owBbVMQAOLaeZWc,zxM92owBbVMQAOLaeZWc,2024-01-05 15:28:30.057000+00:00,004, ,, , 
net_0BM92owBbVMQAOLaeZWc,0BM92owBbVMQAOLaeZWc,2024-01-05 15:28:30.157000+00:00,004, ,, , 
net_1hM92owBbVMQAOLagJUh,1hM92owBbVMQAOLagJUh,2024-01-05 15:28:30.277000+00:00,004, ,, , 
net_2BM92owBbVMQAOLahZVB,2BM92owBbVMQAOLahZVB,2024-01-05 15:28:31.593000+00:00,004, ,, , 
net_2xM92owBbVMQAOLahZVB,2xM92owBbVMQAOLahZVB,2024-01-05 15:28:31.838000+00:00,004, ,, , 
net_3RM92owBbVMQAOLaiJVi,3RM92owBbVMQAOLaiJVi,2024-01-05 15:28:33.407000+00:00,004, ,, , 
net_3hM92owBbVMQAOLaiJVi,3hM92owBbVMQAOLaiJVi,2024-01-05 15:28:33.407000+00:00,004, ,, , 
net_5xM92owBbVMQAOLai5XJ,5xM92owBbVMQAOLai5XJ,2024-01-05 15:28:34.378000+00:00,004, ,, , 
net_rBM-2owBbVMQAOLaLZYR,rBM-2owBbVMQAOLaLZYR,2024-01-05 15:29:14.953000+00:00,004, ,, , 
net_rhM-2owBbVMQAOLaLZYR,rhM-2owBbVMQAOLaLZYR,2024-01-05 15:29:14.953000+00:00,004, ,, , 
net_sBM-2owBbVMQAOLaLZYR,sBM-2owBbVMQAOLaLZYR,2024-01-05 15:29:14.954000+00:00,004, ,, , 
net_txM-2owBbVMQAOLaLZYR,txM-2owBbVMQAOLaLZYR,2024-01-05 15:29:15.033000+00:00,004, ,, , 
net_uxM-2owBbVMQAOLaLZYR,uxM-2owBbVMQAOLaLZYR,2024-01-05 15:29:15.046000+00:00,004, ,, , 
net_vhM-2owBbVMQAOLaLZYR,vhM-2owBbVMQAOLaLZYR,2024-01-05 15:29:15.076000+00:00,004, ,, , 
net_wBM-2owBbVMQAOLaLZYR,wBM-2owBbVMQAOLaLZYR,2024-01-05 15:29:15.203000+00:00,004, ,, , 
net_xRM-2owBbVMQAOLaLZYR,xRM-2owBbVMQAOLaLZYR,2024-01-05 15:29:15.310000+00:00,004, ,, , 
net_xhM-2owBbVMQAOLaLZYR,xhM-2owBbVMQAOLaLZYR,2024-01-05 15:29:15.310000+00:00,004, ,, , 
net_xxM-2owBbVMQAOLaLZYR,xxM-2owBbVMQAOLaLZYR,2024-01-05 15:29:15.309000+00:00,004, ,, , 
net_zRM-2owBbVMQAOLaLZYR,zRM-2owBbVMQAOLaLZYR,2024-01-05 15:29:15.566000+00:00,004, ,, , 
net_0BM-2owBbVMQAOLaLZYR,0BM-2owBbVMQAOLaLZYR,2024-01-05 15:29:16.040000+00:00,004, ,, , 
net_1hM-2owBbVMQAOLaMZZO,1hM-2owBbVMQAOLaMZZO,2024-01-05 15:29:16.119000+00:00,004, ,, , 
net_1xM-2owBbVMQAOLaMZZO,1xM-2owBbVMQAOLaMZZO,2024-01-05 15:29:16.120000+00:00,004, ,, , 
net_2RM-2owBbVMQAOLaMZZO,2RM-2owBbVMQAOLaMZZO,2024-01-05 15:29:16.257000+00:00,004, ,, , 
net_3xM-2owBbVMQAOLaMZZP,3xM-2owBbVMQAOLaMZZP,2024-01-05 15:29:16.268000+00:00,004, ,, , 
net_4RM-2owBbVMQAOLaMZZP,4RM-2owBbVMQAOLaMZZP,2024-01-05 15:29:16.271000+00:00,004, ,, , 
net_4hM-2owBbVMQAOLaMZZP,4hM-2owBbVMQAOLaMZZP,2024-01-05 15:29:16.274000+00:00,004, ,, , 
net_5hM-2owBbVMQAOLaNJb7,5hM-2owBbVMQAOLaNJb7,2024-01-05 15:29:18.266000+00:00,004, ,, , 
net_7BM-2owBbVMQAOLaNJb7,7BM-2owBbVMQAOLaNJb7,2024-01-05 15:29:18.267000+00:00,004, ,, , 
net_'-RM-2owBbVMQAOLaOZZE,'-RM-2owBbVMQAOLaOZZE,2024-01-05 15:29:18.611000+00:00,004, ,, , 
net_'-hM-2owBbVMQAOLaPZaZ,'-hM-2owBbVMQAOLaPZaZ,2024-01-05 15:29:18.612000+00:00,004, ,, , 
net_ARM-2owBbVMQAOLaPZeZ,ARM-2owBbVMQAOLaPZeZ,2024-01-05 15:29:20.368000+00:00,004, ,, , 
net_AhM-2owBbVMQAOLaPZeZ,AhM-2owBbVMQAOLaPZeZ,2024-01-05 15:29:20.368000+00:00,004, ,, , 
net_ChM-2owBbVMQAOLaPZeZ,ChM-2owBbVMQAOLaPZeZ,2024-01-05 15:29:20.553000+00:00,004, ,, , 
net_DxM-2owBbVMQAOLaRZda,DxM-2owBbVMQAOLaRZda,2024-01-05 15:29:20.567000+00:00,004, ,, , 
net_7BM92owBbVMQAOLak5WV,7BM92owBbVMQAOLak5WV,2024-01-05 15:28:35.615000+00:00,004, ,, , 
net_7hM92owBbVMQAOLak5WV,7hM92owBbVMQAOLak5WV,2024-01-05 15:28:36.461000+00:00,004, ,, , 
net_8hM92owBbVMQAOLal5Wh,8hM92owBbVMQAOLal5Wh,2024-01-05 15:28:36.798000+00:00,004, ,, , 
net_9BM92owBbVMQAOLanJWH,9BM92owBbVMQAOLanJWH,2024-01-05 15:28:37.877000+00:00,004, ,, , 
net_'-RM92owBbVMQAOLanJWH,'-RM92owBbVMQAOLanJWH,2024-01-05 15:28:37.902000+00:00,004, ,, , 
net_'-hM92owBbVMQAOLanJWH,'-hM92owBbVMQAOLanJWH,2024-01-05 15:28:37.902000+00:00,004, ,, , 
net__BM92owBbVMQAOLanJWH,_BM92owBbVMQAOLanJWH,2024-01-05 15:28:37.902000+00:00,004, ,, , 
net__RM92owBbVMQAOLanJWH,_RM92owBbVMQAOLanJWH,2024-01-05 15:28:37.902000+00:00,004, ,, , 
net__hM92owBbVMQAOLanJWH,_hM92owBbVMQAOLanJWH,2024-01-05 15:28:37.902000+00:00,004, ,, , 
net_ARM92owBbVMQAOLanJaH,ARM92owBbVMQAOLanJaH,2024-01-05 15:28:37.902000+00:00,004, ,, , 
net_AhM92owBbVMQAOLanJaH,AhM92owBbVMQAOLanJaH,2024-01-05 15:28:37.902000+00:00,004, ,, , 
net_AxM92owBbVMQAOLanJaH,AxM92owBbVMQAOLanJaH,2024-01-05 15:28:37.901000+00:00,004, ,, , 
net_CRM92owBbVMQAOLaoJZ2,CRM92owBbVMQAOLaoJZ2,2024-01-05 15:28:38.853000+00:00,004, ,, , 
net_DhM92owBbVMQAOLaoJZ2,DhM92owBbVMQAOLaoJZ2,2024-01-05 15:28:39.722000+00:00,004, ,, , 
net_FhM92owBbVMQAOLapJaZ,FhM92owBbVMQAOLapJaZ,2024-01-05 15:28:40.094000+00:00,004, ,, , 
net_FxM92owBbVMQAOLapJaZ,FxM92owBbVMQAOLapJaZ,2024-01-05 15:28:40.094000+00:00,004, ,, , 
net_GBM92owBbVMQAOLapJaZ,GBM92owBbVMQAOLapJaZ,2024-01-05 15:28:40.094000+00:00,004, ,, , 
net_HBM92owBbVMQAOLaqJZ8,HBM92owBbVMQAOLaqJZ8,2024-01-05 15:28:41.458000+00:00,004, ,, , 
net_HhM92owBbVMQAOLaqJZ8,HhM92owBbVMQAOLaqJZ8,2024-01-05 15:28:41.559000+00:00,004, ,, , 
net_IBM92owBbVMQAOLaqJZ8,IBM92owBbVMQAOLaqJZ8,2024-01-05 15:28:41.563000+00:00,004, ,, , 
net_IhM92owBbVMQAOLaqJZ8,IhM92owBbVMQAOLaqJZ8,2024-01-05 15:28:41.569000+00:00,004, ,, , 
net_JhM92owBbVMQAOLaqJZ8,JhM92owBbVMQAOLaqJZ8,2024-01-05 15:28:41.678000+00:00,004, ,, , 
net_ERM-2owBbVMQAOLaS5dw,ERM-2owBbVMQAOLaS5dw,2024-01-05 15:29:22.741000+00:00,004, ,, , 
net_EhM-2owBbVMQAOLaS5dw,EhM-2owBbVMQAOLaS5dw,2024-01-05 15:29:22.697000+00:00,004, ,, , 
net_FBM-2owBbVMQAOLaS5dw,FBM-2owBbVMQAOLaS5dw,2024-01-05 15:29:22.911000+00:00,004, ,, , 
net_GhM-2owBbVMQAOLaS5dw,GhM-2owBbVMQAOLaS5dw,2024-01-05 15:29:22.958000+00:00,004, ,, , 
net_IBM-2owBbVMQAOLaS5dw,IBM-2owBbVMQAOLaS5dw,2024-01-05 15:29:23.020000+00:00,004, ,, , 
net_IRM-2owBbVMQAOLaS5dw,IRM-2owBbVMQAOLaS5dw,2024-01-05 15:29:23.020000+00:00,004, ,, , 
net_IhM-2owBbVMQAOLaS5dw,IhM-2owBbVMQAOLaS5dw,2024-01-05 15:29:23.020000+00:00,004, ,, , 
net_JBM-2owBbVMQAOLaS5dw,JBM-2owBbVMQAOLaS5dw,2024-01-05 15:29:23.021000+00:00,004, ,, , 
net_JhM-2owBbVMQAOLaS5dw,JhM-2owBbVMQAOLaS5dw,2024-01-05 15:29:23.021000+00:00,004, ,, , 
net_LRM-2owBbVMQAOLaS5dw,LRM-2owBbVMQAOLaS5dw,2024-01-05 15:29:22.959000+00:00,004, ,, , 
net_MxM-2owBbVMQAOLaS5dw,MxM-2owBbVMQAOLaS5dw,2024-01-05 15:29:23.347000+00:00,004, ,, , 
net_NBM-2owBbVMQAOLaUpdw,NBM-2owBbVMQAOLaUpdw,2024-01-05 15:29:23.347000+00:00,004, ,, , 
net_NhM-2owBbVMQAOLaUpdw,NhM-2owBbVMQAOLaUpdw,2024-01-05 15:29:24.376000+00:00,004, ,, , 
net_OBM-2owBbVMQAOLaUpdw,OBM-2owBbVMQAOLaUpdw,2024-01-05 15:29:24.376000+00:00,004, ,, , 
net_ORM-2owBbVMQAOLaUpdw,ORM-2owBbVMQAOLaUpdw,2024-01-05 15:29:24.484000+00:00,004, ,, , 
net_OhM-2owBbVMQAOLaUpdw,OhM-2owBbVMQAOLaUpdw,2024-01-05 15:29:24.484000+00:00,004, ,, , 
net_PRM-2owBbVMQAOLaUpdw,PRM-2owBbVMQAOLaUpdw,2024-01-05 15:29:24.489000+00:00,004, ,, , 
net_RhM-2owBbVMQAOLaUpdw,RhM-2owBbVMQAOLaUpdw,2024-01-05 15:29:24.508000+00:00,004, ,, , 
net_RxM-2owBbVMQAOLaUpdw,RxM-2owBbVMQAOLaUpdw,2024-01-05 15:29:24.508000+00:00,004, ,, , 
net_SxM-2owBbVMQAOLaVpfc,SxM-2owBbVMQAOLaVpfc,2024-01-05 15:29:26.277000+00:00,004, ,, , 
net_TBM-2owBbVMQAOLaVpfc,TBM-2owBbVMQAOLaVpfc,2024-01-05 15:29:26.384000+00:00,004, ,, , 
net_UBM-2owBbVMQAOLaXpft,UBM-2owBbVMQAOLaXpft,2024-01-05 15:29:26.789000+00:00,004, ,, , 
net_QBM92owBbVMQAOLaxZYV,QBM92owBbVMQAOLaxZYV,2024-01-05 15:28:48.180000+00:00,004, ,, , 
net_RBM92owBbVMQAOLaxZYV,RBM92owBbVMQAOLaxZYV,2024-01-05 15:28:48.254000+00:00,004, ,, , 
net_RhM92owBbVMQAOLaxZYV,RhM92owBbVMQAOLaxZYV,2024-01-05 15:28:48.254000+00:00,004, ,, , 
net_RxM92owBbVMQAOLayJZ6,RxM92owBbVMQAOLayJZ6,2024-01-05 15:28:50.004000+00:00,004, ,, , 
net_TBM92owBbVMQAOLa1ZaM,TBM92owBbVMQAOLa1ZaM,2024-01-05 15:28:51.883000+00:00,004, ,, , 
net_TxM92owBbVMQAOLa1ZaM,TxM92owBbVMQAOLa1ZaM,2024-01-05 15:28:52.133000+00:00,004, ,, , 
net_UBM92owBbVMQAOLa1ZaM,UBM92owBbVMQAOLa1ZaM,2024-01-05 15:28:52.133000+00:00,004, ,, , 
net_URM92owBbVMQAOLa1ZaM,URM92owBbVMQAOLa1ZaM,2024-01-05 15:28:52.133000+00:00,004, ,, , 
net_UhM92owBbVMQAOLa1ZaM,UhM92owBbVMQAOLa1ZaM,2024-01-05 15:28:54.155000+00:00,004, ,, , 
net_UxM92owBbVMQAOLa1ZaM,UxM92owBbVMQAOLa1ZaM,2024-01-05 15:28:54.162000+00:00,004, ,, , 
net_WBM92owBbVMQAOLa1ZaM,WBM92owBbVMQAOLa1ZaM,2024-01-05 15:28:54.157000+00:00,004, ,, , 
net_WhM92owBbVMQAOLa1ZaM,WhM92owBbVMQAOLa1ZaM,2024-01-05 15:28:54.162000+00:00,004, ,, , 
net_cRM92owBbVMQAOLa9JZS,cRM92owBbVMQAOLa9JZS,2024-01-05 15:28:59.889000+00:00,004, ,, , 
net_chM92owBbVMQAOLa9JZS,chM92owBbVMQAOLa9JZS,2024-01-05 15:28:59.889000+00:00,004, ,, , 
net_dBM92owBbVMQAOLa9JZS,dBM92owBbVMQAOLa9JZS,2024-01-05 15:28:59.889000+00:00,004, ,, , 
net_dRM92owBbVMQAOLa9JZS,dRM92owBbVMQAOLa9JZS,2024-01-05 15:28:59.889000+00:00,004, ,, , 
net_dhM92owBbVMQAOLa9JZS,dhM92owBbVMQAOLa9JZS,2024-01-05 15:29:00.147000+00:00,004, ,, , 
net_ehM92owBbVMQAOLa-JZI,ehM92owBbVMQAOLa-JZI,2024-01-05 15:29:01.843000+00:00,004, ,, , 
net_fBM92owBbVMQAOLa_JZx,fBM92owBbVMQAOLa_JZx,2024-01-05 15:29:01.970000+00:00,004, ,, , 
net_fRM92owBbVMQAOLa_JZx,fRM92owBbVMQAOLa_JZx,2024-01-05 15:29:01.970000+00:00,004, ,, , 
net_gRM-2owBbVMQAOLaAJZj,gRM-2owBbVMQAOLaAJZj,2024-01-05 15:29:03.911000+00:00,004, ,, , 
net_ghM-2owBbVMQAOLaAJZj,ghM-2owBbVMQAOLaAJZj,2024-01-05 15:29:03.911000+00:00,004, ,, , 
net_hRM-2owBbVMQAOLaAJZj,hRM-2owBbVMQAOLaAJZj,2024-01-05 15:29:03.912000+00:00,004, ,, , 
net_kxM-2owBbVMQAOLaGJZ7,kxM-2owBbVMQAOLaGJZ7,2024-01-05 15:29:10.153000+00:00,004, ,, , 
net_lhM-2owBbVMQAOLaIJZC,lhM-2owBbVMQAOLaIJZC,2024-01-05 15:29:12.133000+00:00,004, ,, , 
net_mRM-2owBbVMQAOLaIJZC,mRM-2owBbVMQAOLaIJZC,2024-01-05 15:29:12.142000+00:00,004, ,, , 
net_mxM-2owBbVMQAOLaIJZC,mxM-2owBbVMQAOLaIJZC,2024-01-05 15:29:12.144000+00:00,004, ,, , 
net_nRM-2owBbVMQAOLaIJZC,nRM-2owBbVMQAOLaIJZC,2024-01-05 15:29:12.142000+00:00,004, ,, , 
net_nxM-2owBbVMQAOLaJJZ-,nxM-2owBbVMQAOLaJJZ-,2024-01-05 15:29:12.143000+00:00,004, ,, , 
net_ohM-2owBbVMQAOLaKJZR,ohM-2owBbVMQAOLaKJZR,2024-01-05 15:29:14.282000+00:00,004, ,, , 
net_oxM-2owBbVMQAOLaKJZR,oxM-2owBbVMQAOLaKJZR,2024-01-05 15:29:14.282000+00:00,004, ,, , 
net_qBM-2owBbVMQAOLaKJZR,qBM-2owBbVMQAOLaKJZR,2024-01-05 15:29:14.379000+00:00,004, ,, , 
net_qRM-2owBbVMQAOLaKJZR,qRM-2owBbVMQAOLaKJZR,2024-01-05 15:29:14.504000+00:00,004, ,, , 
net_WxM92owBbVMQAOLa5JZu,WxM92owBbVMQAOLa5JZu,2024-01-05 15:28:55.866000+00:00,004, ,, , 
net_XRM92owBbVMQAOLa5JZu,XRM92owBbVMQAOLa5JZu,2024-01-05 15:28:55.871000+00:00,004, ,, , 
net_YBM92owBbVMQAOLa5JZu,YBM92owBbVMQAOLa5JZu,2024-01-05 15:28:55.871000+00:00,004, ,, , 
net_YRM92owBbVMQAOLa5JZu,YRM92owBbVMQAOLa5JZu,2024-01-05 15:28:55.871000+00:00,004, ,, , 
net_ZBM92owBbVMQAOLa5JZu,ZBM92owBbVMQAOLa5JZu,2024-01-05 15:28:56.221000+00:00,004, ,, , 
net_ZRM92owBbVMQAOLa5JZu,ZRM92owBbVMQAOLa5JZu,2024-01-05 15:28:56.220000+00:00,004, ,, , 
net_ZhM92owBbVMQAOLa5JZu,ZhM92owBbVMQAOLa5JZu,2024-01-05 15:28:56.239000+00:00,004, ,, , 
net_bBM92owBbVMQAOLa6Jb8,bBM92owBbVMQAOLa6Jb8,2024-01-05 15:28:58.175000+00:00,004, ,, , 
net_LxM92owBbVMQAOLasJad,LxM92owBbVMQAOLasJad,2024-01-05 15:28:43.718000+00:00,004, ,, , 
net_MxM92owBbVMQAOLatZYE,MxM92owBbVMQAOLatZYE,2024-01-05 15:28:44.207000+00:00,004, ,, , 
net_NBM92owBbVMQAOLatZYE,NBM92owBbVMQAOLatZYE,2024-01-05 15:28:44.349000+00:00,004, ,, , 
net_NRM92owBbVMQAOLatZYE,NRM92owBbVMQAOLatZYE,2024-01-05 15:28:44.349000+00:00,004, ,, , 
net_NhM92owBbVMQAOLatZYE,NhM92owBbVMQAOLatZYE,2024-01-05 15:28:44.349000+00:00,004, ,, , 
net_PhM92owBbVMQAOLavZYG,PhM92owBbVMQAOLavZYG,2024-01-05 15:28:47.666000+00:00,004, ,, , 
net_axNA2owBbVMQAOLaTZrB,axNA2owBbVMQAOLaTZrB,2024-01-05 15:31:34.240000+00:00,004, ,, , 
net_bBNA2owBbVMQAOLaTZrB,bBNA2owBbVMQAOLaTZrB,2024-01-05 15:31:34.243000+00:00,004, ,, , 
net_cRNA2owBbVMQAOLaTZrB,cRNA2owBbVMQAOLaTZrB,2024-01-05 15:31:34.354000+00:00,004, ,, , 
net_dRNA2owBbVMQAOLaUpob,dRNA2owBbVMQAOLaUpob,2024-01-05 15:31:36.142000+00:00,004, ,, , 
net_dhNA2owBbVMQAOLaUpob,dhNA2owBbVMQAOLaUpob,2024-01-05 15:31:36.161000+00:00,004, ,, , 
net_dxNA2owBbVMQAOLaUpob,dxNA2owBbVMQAOLaUpob,2024-01-05 15:31:36.168000+00:00,004, ,, , 
net_eBNA2owBbVMQAOLaUpob,eBNA2owBbVMQAOLaUpob,2024-01-05 15:31:36.168000+00:00,004, ,, , 
net_eRNA2owBbVMQAOLaUpob,eRNA2owBbVMQAOLaUpob,2024-01-05 15:31:36.168000+00:00,004, ,, , 
net_fBNA2owBbVMQAOLaUpob,fBNA2owBbVMQAOLaUpob,2024-01-05 15:31:36.160000+00:00,004, ,, , 
net_fhNA2owBbVMQAOLaUpob,fhNA2owBbVMQAOLaUpob,2024-01-05 15:31:36.398000+00:00,004, ,, , 
net_fxNA2owBbVMQAOLaUpob,fxNA2owBbVMQAOLaUpob,2024-01-05 15:31:36.406000+00:00,004, ,, , 
net_gxNA2owBbVMQAOLaWZrF,gxNA2owBbVMQAOLaWZrF,2024-01-05 15:31:38.224000+00:00,004, ,, , 
net_hBNA2owBbVMQAOLaWZrF,hBNA2owBbVMQAOLaWZrF,2024-01-05 15:31:38.224000+00:00,004, ,, , 
net_hRNA2owBbVMQAOLaWZrF,hRNA2owBbVMQAOLaWZrF,2024-01-05 15:31:38.229000+00:00,004, ,, , 
net_hhNA2owBbVMQAOLaWZrF,hhNA2owBbVMQAOLaWZrF,2024-01-05 15:31:38.299000+00:00,004, ,, , 
net_khNA2owBbVMQAOLaYpoe,khNA2owBbVMQAOLaYpoe,2024-01-05 15:31:40.168000+00:00,004, ,, , 
net_kxNA2owBbVMQAOLaYpoe,kxNA2owBbVMQAOLaYpoe,2024-01-05 15:31:40.169000+00:00,004, ,, , 
net_lBNA2owBbVMQAOLaYpoe,lBNA2owBbVMQAOLaYpoe,2024-01-05 15:31:40.172000+00:00,004, ,, , 
net_lhNA2owBbVMQAOLaYpoe,lhNA2owBbVMQAOLaYpoe,2024-01-05 15:31:40.174000+00:00,004, ,, , 
net_mRNA2owBbVMQAOLaYpoe,mRNA2owBbVMQAOLaYpoe,2024-01-05 15:31:40.183000+00:00,004, ,, , 
net_mhNA2owBbVMQAOLaYpoe,mhNA2owBbVMQAOLaYpoe,2024-01-05 15:31:40.279000+00:00,004, ,, , 
net_nRNA2owBbVMQAOLaYpoe,nRNA2owBbVMQAOLaYpoe,2024-01-05 15:31:40.288000+00:00,004, ,, , 
net_ohNA2owBbVMQAOLaYpoe,ohNA2owBbVMQAOLaYpoe,2024-01-05 15:31:40.412000+00:00,004, ,, , 
net_wxNA2owBbVMQAOLafprE,wxNA2owBbVMQAOLafprE,2024-01-05 15:31:46.173000+00:00,004, ,, , 
net_xRNA2owBbVMQAOLafprE,xRNA2owBbVMQAOLafprE,2024-01-05 15:31:46.181000+00:00,004, ,, , 
net_xhNA2owBbVMQAOLafprE,xhNA2owBbVMQAOLafprE,2024-01-05 15:31:46.182000+00:00,004, ,, , 
net_1BNA2owBbVMQAOLagZqO,1BNA2owBbVMQAOLagZqO,2024-01-05 15:31:48.338000+00:00,004, ,, , 
net_1xNA2owBbVMQAOLagZqO,1xNA2owBbVMQAOLagZqO,2024-01-05 15:31:48.339000+00:00,004, ,, , 
net_2BNA2owBbVMQAOLagZqO,2BNA2owBbVMQAOLagZqO,2024-01-05 15:31:48.339000+00:00,004, ,, , 
net_3xNA2owBbVMQAOLagZqO,3xNA2owBbVMQAOLagZqO,2024-01-05 15:31:48.559000+00:00,004, ,, , 
net_4BNA2owBbVMQAOLahZqO,4BNA2owBbVMQAOLahZqO,2024-01-05 15:31:48.560000+00:00,004, ,, , 
net_4xNA2owBbVMQAOLaiZqO,4xNA2owBbVMQAOLaiZqO,2024-01-05 15:31:50.261000+00:00,004, ,, , 
net_5RNA2owBbVMQAOLaiZqO,5RNA2owBbVMQAOLaiZqO,2024-01-05 15:31:50.265000+00:00,004, ,, , 
net_5hNA2owBbVMQAOLaiZqO,5hNA2owBbVMQAOLaiZqO,2024-01-05 15:31:50.358000+00:00,004, ,, , 
net_7BNA2owBbVMQAOLajZq2,7BNA2owBbVMQAOLajZq2,2024-01-05 15:31:50.483000+00:00,004, ,, , 
net_7hNA2owBbVMQAOLakZqK,7hNA2owBbVMQAOLakZqK,2024-01-05 15:31:52.400000+00:00,004, ,, , 
net_8BNA2owBbVMQAOLakZqK,8BNA2owBbVMQAOLakZqK,2024-01-05 15:31:52.402000+00:00,004, ,, , 
net_8RNA2owBbVMQAOLakZqK,8RNA2owBbVMQAOLakZqK,2024-01-05 15:31:52.405000+00:00,004, ,, , 
net_8hNA2owBbVMQAOLakZqK,8hNA2owBbVMQAOLakZqK,2024-01-05 15:31:52.403000+00:00,004, ,, , 
net_8xNA2owBbVMQAOLakZqK,8xNA2owBbVMQAOLakZqK,2024-01-05 15:31:52.403000+00:00,004, ,, , 
net_9RNA2owBbVMQAOLakZqK,9RNA2owBbVMQAOLakZqK,2024-01-05 15:31:52.401000+00:00,004, ,, , 
net_9xNA2owBbVMQAOLakZqK,9xNA2owBbVMQAOLakZqK,2024-01-05 15:31:52.408000+00:00,004, ,, , 
net_'-BNA2owBbVMQAOLakZqK,'-BNA2owBbVMQAOLakZqK,2024-01-05 15:31:52.410000+00:00,004, ,, , 
net_'-RNA2owBbVMQAOLakZqK,'-RNA2owBbVMQAOLakZqK,2024-01-05 15:31:52.410000+00:00,004, ,, , 
net_JBNA2owBbVMQAOLaqpt4,JBNA2owBbVMQAOLaqpt4,2024-01-05 15:31:58.298000+00:00,004, ,, , 
net_KBNA2owBbVMQAOLaqpt4,KBNA2owBbVMQAOLaqpt4,2024-01-05 15:31:58.303000+00:00,004, ,, , 
net_LRNA2owBbVMQAOLaqpt4,LRNA2owBbVMQAOLaqpt4,2024-01-05 15:31:58.310000+00:00,004, ,, , 
net_LxNA2owBbVMQAOLaqpt4,LxNA2owBbVMQAOLaqpt4,2024-01-05 15:31:58.313000+00:00,004, ,, , 
net_MhNA2owBbVMQAOLaqpt4,MhNA2owBbVMQAOLaqpt4,2024-01-05 15:31:58.413000+00:00,004, ,, , 
net_NBNA2owBbVMQAOLaqpt4,NBNA2owBbVMQAOLaqpt4,2024-01-05 15:31:58.544000+00:00,004, ,, , 
net_NRNA2owBbVMQAOLaqpt4,NRNA2owBbVMQAOLaqpt4,2024-01-05 15:31:58.548000+00:00,004, ,, , 
net_OxNA2owBbVMQAOLatps0,OxNA2owBbVMQAOLatps0,2024-01-05 15:32:00.445000+00:00,004, ,, , 
net_PBNA2owBbVMQAOLatps0,PBNA2owBbVMQAOLatps0,2024-01-05 15:32:00.445000+00:00,004, ,, , 
net_PRNA2owBbVMQAOLatps0,PRNA2owBbVMQAOLatps0,2024-01-05 15:32:00.347000+00:00,004, ,, , 
net_QhNA2owBbVMQAOLatps0,QhNA2owBbVMQAOLatps0,2024-01-05 15:32:00.454000+00:00,004, ,, , 
net_QxNA2owBbVMQAOLaupvV,QxNA2owBbVMQAOLaupvV,2024-01-05 15:32:02.378000+00:00,004, ,, , 
net_RxNA2owBbVMQAOLaupvV,RxNA2owBbVMQAOLaupvV,2024-01-05 15:32:02.395000+00:00,004, ,, , 
net_SBNA2owBbVMQAOLaupvV,SBNA2owBbVMQAOLaupvV,2024-01-05 15:32:02.395000+00:00,004, ,, , 
net_SRNA2owBbVMQAOLaupvV,SRNA2owBbVMQAOLaupvV,2024-01-05 15:32:02.433000+00:00,004, ,, , 
net_TBNA2owBbVMQAOLaupvV,TBNA2owBbVMQAOLaupvV,2024-01-05 15:32:02.500000+00:00,004, ,, , 
net_TRNA2owBbVMQAOLaupvV,TRNA2owBbVMQAOLaupvV,2024-01-05 15:32:02.502000+00:00,004, ,, , 
net_UxNA2owBbVMQAOLaupvV,UxNA2owBbVMQAOLaupvV,2024-01-05 15:32:02.612000+00:00,004, ,, , 
net_VBNA2owBbVMQAOLaupvV,VBNA2owBbVMQAOLaupvV,2024-01-05 15:32:02.614000+00:00,004, ,, , 
net_NBNA2owBbVMQAOLaOZqo,NBNA2owBbVMQAOLaOZqo,2024-01-05 15:31:28.382000+00:00,004, ,, , 
net_OBNA2owBbVMQAOLaOZqo,OBNA2owBbVMQAOLaOZqo,2024-01-05 15:31:28.507000+00:00,004, ,, , 
net_PBNA2owBbVMQAOLaOZqo,PBNA2owBbVMQAOLaOZqo,2024-01-05 15:31:28.508000+00:00,004, ,, , 
net_PRNA2owBbVMQAOLaOZqo,PRNA2owBbVMQAOLaOZqo,2024-01-05 15:31:28.509000+00:00,004, ,, , 
net_PhNA2owBbVMQAOLaOZqo,PhNA2owBbVMQAOLaOZqo,2024-01-05 15:31:28.509000+00:00,004, ,, , 
net_QBNA2owBbVMQAOLaOZqo,QBNA2owBbVMQAOLaOZqo,2024-01-05 15:31:28.545000+00:00,004, ,, , 
net_QhNA2owBbVMQAOLaOZqo,QhNA2owBbVMQAOLaOZqo,2024-01-05 15:31:30.210000+00:00,004, ,, , 
net_RxNA2owBbVMQAOLaOZqo,RxNA2owBbVMQAOLaOZqo,2024-01-05 15:31:30.224000+00:00,004, ,, , 
net_UxNA2owBbVMQAOLaRZpc,UxNA2owBbVMQAOLaRZpc,2024-01-05 15:31:32.277000+00:00,004, ,, , 
net_VxNA2owBbVMQAOLaRZpc,VxNA2owBbVMQAOLaRZpc,2024-01-05 15:31:32.293000+00:00,004, ,, , 
net_WRNA2owBbVMQAOLaRZpc,WRNA2owBbVMQAOLaRZpc,2024-01-05 15:31:32.294000+00:00,004, ,, , 
net_WhNA2owBbVMQAOLaRZpc,WhNA2owBbVMQAOLaRZpc,2024-01-05 15:31:32.395000+00:00,004, ,, , 
net_XhNA2owBbVMQAOLaRZpc,XhNA2owBbVMQAOLaRZpc,2024-01-05 15:31:32.417000+00:00,004, ,, , 
net_XxNA2owBbVMQAOLaRZpc,XxNA2owBbVMQAOLaRZpc,2024-01-05 15:31:32.396000+00:00,004, ,, , 
net_YBNA2owBbVMQAOLaSZqY,YBNA2owBbVMQAOLaSZqY,2024-01-05 15:31:32.638000+00:00,004, ,, , 
net_YRNA2owBbVMQAOLaSZqY,YRNA2owBbVMQAOLaSZqY,2024-01-05 15:31:34.109000+00:00,004, ,, , 
net_ZBNA2owBbVMQAOLaSZqY,ZBNA2owBbVMQAOLaSZqY,2024-01-05 15:31:34.125000+00:00,004, ,, , 
net_ZxNA2owBbVMQAOLaSZqY,ZxNA2owBbVMQAOLaSZqY,2024-01-05 15:31:34.180000+00:00,004, ,, , 
net_8hNA2owBbVMQAOLaEpnh,8hNA2owBbVMQAOLaEpnh,2024-01-05 15:31:19.632000+00:00,004, ,, , 
net_8xNA2owBbVMQAOLaEpnh,8xNA2owBbVMQAOLaEpnh,2024-01-05 15:31:19.632000+00:00,004, ,, , 
net_'-BNA2owBbVMQAOLaEpnh,'-BNA2owBbVMQAOLaEpnh,2024-01-05 15:31:19.638000+00:00,004, ,, , 
net_'-xNA2owBbVMQAOLaEpnh,'-xNA2owBbVMQAOLaEpnh,2024-01-05 15:31:19.642000+00:00,004, ,, , 
net__BNA2owBbVMQAOLaGZl6,_BNA2owBbVMQAOLaGZl6,2024-01-05 15:31:21.569000+00:00,004, ,, , 
net__hNA2owBbVMQAOLaGZl6,_hNA2owBbVMQAOLaGZl6,2024-01-05 15:31:21.676000+00:00,004, ,, , 
net__xNA2owBbVMQAOLaGZl6,_xNA2owBbVMQAOLaGZl6,2024-01-05 15:31:20.326000+00:00,004, ,, , 
net_ARNA2owBbVMQAOLaGZp6,ARNA2owBbVMQAOLaGZp6,2024-01-05 15:31:20.327000+00:00,004, ,, , 
net_AxNA2owBbVMQAOLaGZp6,AxNA2owBbVMQAOLaGZp6,2024-01-05 15:31:20.328000+00:00,004, ,, , 
net_BBNA2owBbVMQAOLaGZp6,BBNA2owBbVMQAOLaGZp6,2024-01-05 15:31:20.328000+00:00,004, ,, , 
net_BxNA2owBbVMQAOLaGZp6,BxNA2owBbVMQAOLaGZp6,2024-01-05 15:31:20.334000+00:00,004, ,, , 
net_CRNA2owBbVMQAOLaGZp6,CRNA2owBbVMQAOLaGZp6,2024-01-05 15:31:20.575000+00:00,004, ,, , 
net_ChNA2owBbVMQAOLaHZqr,ChNA2owBbVMQAOLaHZqr,2024-01-05 15:31:22.183000+00:00,004, ,, , 
net_DxNA2owBbVMQAOLaHZqr,DxNA2owBbVMQAOLaHZqr,2024-01-05 15:31:22.304000+00:00,004, ,, , 
net_ERNA2owBbVMQAOLaHZqr,ERNA2owBbVMQAOLaHZqr,2024-01-05 15:31:22.415000+00:00,004, ,, , 
net_EhNA2owBbVMQAOLaHZqr,EhNA2owBbVMQAOLaHZqr,2024-01-05 15:31:22.416000+00:00,004, ,, , 
net_FhNA2owBbVMQAOLaHZqr,FhNA2owBbVMQAOLaHZqr,2024-01-05 15:31:22.546000+00:00,004, ,, , 
net_FxNA2owBbVMQAOLaHZqr,FxNA2owBbVMQAOLaHZqr,2024-01-05 15:31:22.546000+00:00,004, ,, , 
net_xhM_2owBbVMQAOLa9ZmB,xhM_2owBbVMQAOLa9ZmB,2024-01-05 15:31:11.618000+00:00,004, ,, , 
net_yBM_2owBbVMQAOLa9ZmB,yBM_2owBbVMQAOLa9ZmB,2024-01-05 15:31:11.637000+00:00,004, ,, , 
net_yRM_2owBbVMQAOLa9ZmB,yRM_2owBbVMQAOLa9ZmB,2024-01-05 15:31:11.637000+00:00,004, ,, , 
net_zhNA2owBbVMQAOLaApkg,zhNA2owBbVMQAOLaApkg,2024-01-05 15:31:14.013000+00:00,004, ,, , 
net_0RNA2owBbVMQAOLaApkg,0RNA2owBbVMQAOLaApkg,2024-01-05 15:31:14.013000+00:00,004, ,, , 
net_0xNA2owBbVMQAOLaApkg,0xNA2owBbVMQAOLaApkg,2024-01-05 15:31:14.013000+00:00,004, ,, , 
net_2BNA2owBbVMQAOLaApkg,2BNA2owBbVMQAOLaApkg,2024-01-05 15:31:14.012000+00:00,004, ,, , 
net_2RNA2owBbVMQAOLaApkg,2RNA2owBbVMQAOLaApkg,2024-01-05 15:31:14.029000+00:00,004, ,, , 
net_3BNA2owBbVMQAOLaApkg,3BNA2owBbVMQAOLaApkg,2024-01-05 15:31:15.620000+00:00,004, ,, , 
net_4xNA2owBbVMQAOLaBZnq,4xNA2owBbVMQAOLaBZnq,2024-01-05 15:31:15.744000+00:00,004, ,, , 
net_5xNA2owBbVMQAOLaC5kM,5xNA2owBbVMQAOLaC5kM,2024-01-05 15:31:17.668000+00:00,004, ,, , 
net_6hNA2owBbVMQAOLaDpmC,6hNA2owBbVMQAOLaDpmC,2024-01-05 15:31:17.894000+00:00,004, ,, , 
net_8BNA2owBbVMQAOLaDpmC,8BNA2owBbVMQAOLaDpmC,2024-01-05 15:31:18.130000+00:00,004, ,, , 
net__hNA2owBbVMQAOLalZqv,_hNA2owBbVMQAOLalZqv,2024-01-05 15:31:52.529000+00:00,004, ,, , 
net_AhNA2owBbVMQAOLampsF,AhNA2owBbVMQAOLampsF,2024-01-05 15:31:54.335000+00:00,004, ,, , 
net_BxNA2owBbVMQAOLampsF,BxNA2owBbVMQAOLampsF,2024-01-05 15:31:54.335000+00:00,004, ,, , 
net_CBNA2owBbVMQAOLampsF,CBNA2owBbVMQAOLampsF,2024-01-05 15:31:54.335000+00:00,004, ,, , 
net_CxNA2owBbVMQAOLampsF,CxNA2owBbVMQAOLampsF,2024-01-05 15:31:54.346000+00:00,004, ,, , 
net_DBNA2owBbVMQAOLampsF,DBNA2owBbVMQAOLampsF,2024-01-05 15:31:54.338000+00:00,004, ,, , 
net_DhNA2owBbVMQAOLappt-,DhNA2owBbVMQAOLappt-,2024-01-05 15:31:56.267000+00:00,004, ,, , 
net_GhNA2owBbVMQAOLappt-,GhNA2owBbVMQAOLappt-,2024-01-05 15:31:56.377000+00:00,004, ,, , 
net_GxNA2owBbVMQAOLappt-,GxNA2owBbVMQAOLappt-,2024-01-05 15:31:56.377000+00:00,004, ,, , 
net_HxNA2owBbVMQAOLappt-,HxNA2owBbVMQAOLappt-,2024-01-05 15:31:56.379000+00:00,004, ,, , 
net_pRNA2owBbVMQAOLabZre,pRNA2owBbVMQAOLabZre,2024-01-05 15:31:42.220000+00:00,004, ,, , 
net_phNA2owBbVMQAOLabZre,phNA2owBbVMQAOLabZre,2024-01-05 15:31:42.220000+00:00,004, ,, , 
net_qBNA2owBbVMQAOLabZre,qBNA2owBbVMQAOLabZre,2024-01-05 15:31:42.223000+00:00,004, ,, , 
net_qRNA2owBbVMQAOLabZre,qRNA2owBbVMQAOLabZre,2024-01-05 15:31:42.267000+00:00,004, ,, , 
net_rhNA2owBbVMQAOLabZre,rhNA2owBbVMQAOLabZre,2024-01-05 15:31:42.408000+00:00,004, ,, , 
net_sxNA2owBbVMQAOLacZqj,sxNA2owBbVMQAOLacZqj,2024-01-05 15:31:44.144000+00:00,004, ,, , 
net_tRNA2owBbVMQAOLacZqj,tRNA2owBbVMQAOLacZqj,2024-01-05 15:31:44.248000+00:00,004, ,, , 
net_thNA2owBbVMQAOLacZqj,thNA2owBbVMQAOLacZqj,2024-01-05 15:31:44.253000+00:00,004, ,, , 
net_vhNA2owBbVMQAOLacZqj,vhNA2owBbVMQAOLacZqj,2024-01-05 15:31:44.358000+00:00,004, ,, , 
net_vxNA2owBbVMQAOLacZqj,vxNA2owBbVMQAOLacZqj,2024-01-05 15:31:44.505000+00:00,004, ,, , 
net_wBNA2owBbVMQAOLacZqj,wBNA2owBbVMQAOLacZqj,2024-01-05 15:31:44.528000+00:00,004, ,, , 
net_IBNA2owBbVMQAOLaKZqs,IBNA2owBbVMQAOLaKZqs,2024-01-05 15:31:24.354000+00:00,004, ,, , 
net_IhNA2owBbVMQAOLaKZqs,IhNA2owBbVMQAOLaKZqs,2024-01-05 15:31:24.540000+00:00,004, ,, , 
net_IxNA2owBbVMQAOLaKZqs,IxNA2owBbVMQAOLaKZqs,2024-01-05 15:31:24.540000+00:00,004, ,, , 
net_JhNA2owBbVMQAOLaKZqs,JhNA2owBbVMQAOLaKZqs,2024-01-05 15:31:24.541000+00:00,004, ,, , 
net_KhNA2owBbVMQAOLaLZqI,KhNA2owBbVMQAOLaLZqI,2024-01-05 15:31:26.326000+00:00,004, ,, , 
net_KxNA2owBbVMQAOLaLZqI,KxNA2owBbVMQAOLaLZqI,2024-01-05 15:31:26.423000+00:00,004, ,, , 
net_LhNA2owBbVMQAOLaLZqI,LhNA2owBbVMQAOLaLZqI,2024-01-05 15:31:26.422000+00:00,004, ,, , 
net_LxNA2owBbVMQAOLaLZqI,LxNA2owBbVMQAOLaLZqI,2024-01-05 15:31:26.430000+00:00,004, ,, , 
net_MxNA2owBbVMQAOLaLZqI,MxNA2owBbVMQAOLaLZqI,2024-01-05 15:31:26.443000+00:00,004, ,, , 
net_ZxND2owBbVMQAOLa0J1a,ZxND2owBbVMQAOLa0J1a,2024-01-05 15:35:20.664000+00:00,004, ,, , 
net_aBND2owBbVMQAOLa0J1a,aBND2owBbVMQAOLa0J1a,2024-01-05 15:35:22.696000+00:00,004, ,, , 
net_ahND2owBbVMQAOLa0J1a,ahND2owBbVMQAOLa0J1a,2024-01-05 15:35:22.824000+00:00,004, ,, , 
net_axND2owBbVMQAOLa0J1a,axND2owBbVMQAOLa0J1a,2024-01-05 15:35:24.666000+00:00,004, ,, , 
net_bBND2owBbVMQAOLa0J1a,bBND2owBbVMQAOLa0J1a,2024-01-05 15:35:24.763000+00:00,004, ,, , 
net_bRND2owBbVMQAOLa0J1a,bRND2owBbVMQAOLa0J1a,2024-01-05 15:35:24.763000+00:00,004, ,, , 
net_bhND2owBbVMQAOLa0J1a,bhND2owBbVMQAOLa0J1a,2024-01-05 15:35:24.763000+00:00,004, ,, , 
net_cBND2owBbVMQAOLa0J1a,cBND2owBbVMQAOLa0J1a,2024-01-05 15:35:24.763000+00:00,004, ,, , 
net_chND2owBbVMQAOLa0J1a,chND2owBbVMQAOLa0J1a,2024-01-05 15:35:24.763000+00:00,004, ,, , 
net_fhND2owBbVMQAOLa0J1a,fhND2owBbVMQAOLa0J1a,2024-01-05 15:35:24.909000+00:00,004, ,, , 
net_gxND2owBbVMQAOLa0J1a,gxND2owBbVMQAOLa0J1a,2024-01-05 15:35:24.989000+00:00,004, ,, , 
net_hxND2owBbVMQAOLa0J1a,hxND2owBbVMQAOLa0J1a,2024-01-05 15:35:24.990000+00:00,004, ,, , 
net_ihND2owBbVMQAOLa0J1a,ihND2owBbVMQAOLa0J1a,2024-01-05 15:35:24.990000+00:00,004, ,, , 
net_jBND2owBbVMQAOLa0J1a,jBND2owBbVMQAOLa0J1a,2024-01-05 15:35:24.990000+00:00,004, ,, , 
net_jRND2owBbVMQAOLa0J1a,jRND2owBbVMQAOLa0J1a,2024-01-05 15:35:24.990000+00:00,004, ,, , 
net_kBND2owBbVMQAOLa0J1a,kBND2owBbVMQAOLa0J1a,2024-01-05 15:35:24.990000+00:00,004, ,, , 
net_khND2owBbVMQAOLa0J1a,khND2owBbVMQAOLa0J1a,2024-01-05 15:35:25.013000+00:00,004, ,, , 
net_kxND2owBbVMQAOLa0J1a,kxND2owBbVMQAOLa0J1a,2024-01-05 15:35:25.013000+00:00,004, ,, , 
net_lhND2owBbVMQAOLa0J1a,lhND2owBbVMQAOLa0J1a,2024-01-05 15:35:25.013000+00:00,004, ,, , 
net_oBND2owBbVMQAOLa1J0y,oBND2owBbVMQAOLa1J0y,2024-01-05 15:35:25.252000+00:00,004, ,, , 
net_pBND2owBbVMQAOLa1J0y,pBND2owBbVMQAOLa1J0y,2024-01-05 15:35:25.253000+00:00,004, ,, , 
net_qRND2owBbVMQAOLa1J0y,qRND2owBbVMQAOLa1J0y,2024-01-05 15:35:25.374000+00:00,004, ,, , 
net_rBND2owBbVMQAOLa1J0y,rBND2owBbVMQAOLa1J0y,2024-01-05 15:35:25.376000+00:00,004, ,, , 
net_rxND2owBbVMQAOLa1J0y,rxND2owBbVMQAOLa1J0y,2024-01-05 15:35:25.377000+00:00,004, ,, , 
net_sRND2owBbVMQAOLa1J0y,sRND2owBbVMQAOLa1J0y,2024-01-05 15:35:25.375000+00:00,004, ,, , 
net_shND2owBbVMQAOLa1J0y,shND2owBbVMQAOLa1J0y,2024-01-05 15:35:25.385000+00:00,004, ,, , 
net_sxND2owBbVMQAOLa1J0y,sxND2owBbVMQAOLa1J0y,2024-01-05 15:35:25.385000+00:00,004, ,, , 
net_AxND2owBbVMQAOLaHp3u,AxND2owBbVMQAOLaHp3u,2024-01-05 15:34:38.147000+00:00,004, ,, , 
net_CRND2owBbVMQAOLaIp2-,CRND2owBbVMQAOLaIp2-,2024-01-05 15:34:40.239000+00:00,004, ,, , 
net_DxND2owBbVMQAOLaIp2-,DxND2owBbVMQAOLaIp2-,2024-01-05 15:34:40.396000+00:00,004, ,, , 
net_EBND2owBbVMQAOLaIp2-,EBND2owBbVMQAOLaIp2-,2024-01-05 15:34:40.396000+00:00,004, ,, , 
net_ERND2owBbVMQAOLaIp2-,ERND2owBbVMQAOLaIp2-,2024-01-05 15:34:40.478000+00:00,004, ,, , 
net_ExND2owBbVMQAOLaIp2-,ExND2owBbVMQAOLaIp2-,2024-01-05 15:34:40.563000+00:00,004, ,, , 
net_FRND2owBbVMQAOLaIp2-,FRND2owBbVMQAOLaIp2-,2024-01-05 15:34:40.611000+00:00,004, ,, , 
net_FhND2owBbVMQAOLaIp2-,FhND2owBbVMQAOLaIp2-,2024-01-05 15:34:40.623000+00:00,004, ,, , 
net_GhND2owBbVMQAOLaIp2-,GhND2owBbVMQAOLaIp2-,2024-01-05 15:34:40.850000+00:00,004, ,, , 
net_HBND2owBbVMQAOLaIp2-,HBND2owBbVMQAOLaIp2-,2024-01-05 15:34:40.850000+00:00,004, ,, , 
net_HhND2owBbVMQAOLaIp2-,HhND2owBbVMQAOLaIp2-,2024-01-05 15:34:40.921000+00:00,004, ,, , 
net_ShND2owBbVMQAOLalp15,ShND2owBbVMQAOLalp15,2024-01-05 15:35:10.527000+00:00,004, ,, , 
net_ThND2owBbVMQAOLamp2g,ThND2owBbVMQAOLamp2g,2024-01-05 15:35:10.535000+00:00,004, ,, , 
net_UxND2owBbVMQAOLamp2g,UxND2owBbVMQAOLamp2g,2024-01-05 15:35:12.636000+00:00,004, ,, , 
net_VBND2owBbVMQAOLamp2g,VBND2owBbVMQAOLamp2g,2024-01-05 15:35:12.636000+00:00,004, ,, , 
net_WBND2owBbVMQAOLao51I,WBND2owBbVMQAOLao51I,2024-01-05 15:35:12.676000+00:00,004, ,, , 
net_NRND2owBbVMQAOLadp26,NRND2owBbVMQAOLadp26,2024-01-05 15:34:58.475000+00:00,004, ,, , 
net_PBND2owBbVMQAOLadp26,PBND2owBbVMQAOLadp26,2024-01-05 15:34:58.539000+00:00,004, ,, , 
net_PhND2owBbVMQAOLadp26,PhND2owBbVMQAOLadp26,2024-01-05 15:34:58.653000+00:00,004, ,, , 
net_QxND2owBbVMQAOLaep1Q,QxND2owBbVMQAOLaep1Q,2024-01-05 15:35:02.475000+00:00,004, ,, , 
net_XBND2owBbVMQAOLaq53Z,XBND2owBbVMQAOLaq53Z,2024-01-05 15:35:14.859000+00:00,004, ,, , 
net_ZBND2owBbVMQAOLar51I,ZBND2owBbVMQAOLar51I,2024-01-05 15:35:16.523000+00:00,004, ,, , 
net_ZRND2owBbVMQAOLas50d,ZRND2owBbVMQAOLas50d,2024-01-05 15:35:16.530000+00:00,004, ,, , 
net_LxND2owBbVMQAOLaSp1_,LxND2owBbVMQAOLaSp1_,2024-01-05 15:34:50.374000+00:00,004, ,, , 
net_RRND2owBbVMQAOLaip1G,RRND2owBbVMQAOLaip1G,2024-01-05 15:35:06.442000+00:00,004, ,, , 
net_RhND2owBbVMQAOLaip1G,RhND2owBbVMQAOLaip1G,2024-01-05 15:35:06.442000+00:00,004, ,, , 
net_RxND2owBbVMQAOLaip1G,RxND2owBbVMQAOLaip1G,2024-01-05 15:35:06.563000+00:00,004, ,, , 
net_IhND2owBbVMQAOLaJp3Z,IhND2owBbVMQAOLaJp3Z,2024-01-05 15:34:40.923000+00:00,004, ,, , 
net_JxND2owBbVMQAOLaMp2Q,JxND2owBbVMQAOLaMp2Q,2024-01-05 15:34:44.813000+00:00,004, ,, , 
net_ABNC2owBbVMQAOLalZ1V,ABNC2owBbVMQAOLalZ1V,2024-01-05 15:34:03.891000+00:00,004, ,, , 
net_3hNE2owBbVMQAOLaaJ0G,3hNE2owBbVMQAOLaaJ0G,2024-01-05 15:36:01.122000+00:00,004, ,, , 
net_4RNE2owBbVMQAOLaaJ0G,4RNE2owBbVMQAOLaaJ0G,2024-01-05 15:36:01.126000+00:00,004, ,, , 
net_4xNE2owBbVMQAOLaaJ0G,4xNE2owBbVMQAOLaaJ0G,2024-01-05 15:36:01.130000+00:00,004, ,, , 
net_5RNE2owBbVMQAOLaaJ0G,5RNE2owBbVMQAOLaaJ0G,2024-01-05 15:36:01.137000+00:00,004, ,, , 
net_6BNE2owBbVMQAOLaaJ0G,6BNE2owBbVMQAOLaaJ0G,2024-01-05 15:36:03.187000+00:00,004, ,, , 
net_6RNE2owBbVMQAOLaaJ0G,6RNE2owBbVMQAOLaaJ0G,2024-01-05 15:36:03.187000+00:00,004, ,, , 
net_9RNE2owBbVMQAOLaaJ0G,9RNE2owBbVMQAOLaaJ0G,2024-01-05 15:36:03.420000+00:00,004, ,, , 
net_9xNE2owBbVMQAOLaaJ0G,9xNE2owBbVMQAOLaaJ0G,2024-01-05 15:36:03.429000+00:00,004, ,, , 
net__BNE2owBbVMQAOLaaJ0G,_BNE2owBbVMQAOLaaJ0G,2024-01-05 15:36:03.547000+00:00,004, ,, , 
net_ABNE2owBbVMQAOLaaJ4G,ABNE2owBbVMQAOLaaJ4G,2024-01-05 15:36:03.555000+00:00,004, ,, , 
net_ARNE2owBbVMQAOLaaJ4G,ARNE2owBbVMQAOLaaJ4G,2024-01-05 15:36:03.641000+00:00,004, ,, , 
net_AhNE2owBbVMQAOLaaJ4G,AhNE2owBbVMQAOLaaJ4G,2024-01-05 15:36:03.642000+00:00,004, ,, , 
net_BxNH2owBbVMQAOLaNJ7E,BxNH2owBbVMQAOLaNJ7E,2024-01-05 15:39:01.707000+00:00,004, ,, , 
net_CBNH2owBbVMQAOLaNJ7E,CBNH2owBbVMQAOLaNJ7E,2024-01-05 15:39:01.715000+00:00,004, ,, , 
net_CxNH2owBbVMQAOLaNJ7E,CxNH2owBbVMQAOLaNJ7E,2024-01-05 15:39:01.727000+00:00,004, ,, , 
net_DRNH2owBbVMQAOLaNJ7E,DRNH2owBbVMQAOLaNJ7E,2024-01-05 15:39:01.735000+00:00,004, ,, , 
net_ERNH2owBbVMQAOLaNJ7E,ERNH2owBbVMQAOLaNJ7E,2024-01-05 15:39:03.698000+00:00,004, ,, , 
net_ExNH2owBbVMQAOLaNJ7E,ExNH2owBbVMQAOLaNJ7E,2024-01-05 15:39:03.703000+00:00,004, ,, , 
net_FBNH2owBbVMQAOLaNJ7E,FBNH2owBbVMQAOLaNJ7E,2024-01-05 15:39:03.707000+00:00,004, ,, , 
net_GBNH2owBbVMQAOLaNJ7E,GBNH2owBbVMQAOLaNJ7E,2024-01-05 15:39:03.724000+00:00,004, ,, , 
net_GxNH2owBbVMQAOLaNJ7E,GxNH2owBbVMQAOLaNJ7E,2024-01-05 15:39:03.735000+00:00,004, ,, , 
net_IhNH2owBbVMQAOLaNJ7E,IhNH2owBbVMQAOLaNJ7E,2024-01-05 15:39:05.714000+00:00,004, ,, , 
net_thND2owBbVMQAOLa153h,thND2owBbVMQAOLa153h,2024-01-05 15:35:26.920000+00:00,004, ,, , 
net_uBND2owBbVMQAOLa153h,uBND2owBbVMQAOLa153h,2024-01-05 15:35:26.923000+00:00,004, ,, , 
net_uxND2owBbVMQAOLa3J0A,uxND2owBbVMQAOLa3J0A,2024-01-05 15:35:27.232000+00:00,004, ,, , 
net_wxND2owBbVMQAOLa4J04,wxND2owBbVMQAOLa4J04,2024-01-05 15:35:29.067000+00:00,004, ,, , 
net_xBND2owBbVMQAOLa4J04,xBND2owBbVMQAOLa4J04,2024-01-05 15:35:29.067000+00:00,004, ,, , 
net_xRND2owBbVMQAOLa6J0F,xRND2owBbVMQAOLa6J0F,2024-01-05 15:35:30.734000+00:00,004, ,, , 
net_xhND2owBbVMQAOLa6J0F,xhND2owBbVMQAOLa6J0F,2024-01-05 15:35:30.735000+00:00,004, ,, , 
net_yhND2owBbVMQAOLa9J0E,yhND2owBbVMQAOLa9J0E,2024-01-05 15:35:32.774000+00:00,004, ,, , 
net_yxND2owBbVMQAOLa_53S,yxND2owBbVMQAOLa_53S,2024-01-05 15:35:34.975000+00:00,004, ,, , 
net_2RNE2owBbVMQAOLaS52t,2RNE2owBbVMQAOLaS52t,2024-01-05 15:35:55.011000+00:00,004, ,, , 
net_2hNE2owBbVMQAOLaS52t,2hNE2owBbVMQAOLaS52t,2024-01-05 15:35:55.013000+00:00,004, ,, , 
net_BhNF2owBbVMQAOLaSp6Z,BhNF2owBbVMQAOLaSp6Z,2024-01-05 15:36:57.593000+00:00,004, ,, , 
net_zhNE2owBbVMQAOLaD51-,zhNE2owBbVMQAOLaD51-,2024-01-05 15:35:40.846000+00:00,004, ,, , 
net_zxNE2owBbVMQAOLaD51-,zxNE2owBbVMQAOLaD51-,2024-01-05 15:35:40.846000+00:00,004, ,, , 
net_0xNE2owBbVMQAOLaH51v,0xNE2owBbVMQAOLaH51v,2024-01-05 15:35:44.866000+00:00,004, ,, , 
net_1RNE2owBbVMQAOLaL530,1RNE2owBbVMQAOLaL530,2024-01-05 15:35:48.939000+00:00,004, ,, , 
net_whNi2owBbVMQAOLanp7g,whNi2owBbVMQAOLanp7g,2024-01-05 16:09:02.121000+00:00,004, ,, , 
net_xRNi2owBbVMQAOLanp7g,xRNi2owBbVMQAOLanp7g,2024-01-05 16:09:04.093000+00:00,004, ,, , 
net_xxNi2owBbVMQAOLanp7g,xxNi2owBbVMQAOLanp7g,2024-01-05 16:09:04.096000+00:00,004, ,, , 
net_yBNi2owBbVMQAOLanp7g,yBNi2owBbVMQAOLanp7g,2024-01-05 16:09:04.103000+00:00,004, ,, , 
net_yRNi2owBbVMQAOLanp7g,yRNi2owBbVMQAOLanp7g,2024-01-05 16:09:04.104000+00:00,004, ,, , 
net_yxNi2owBbVMQAOLanp7g,yxNi2owBbVMQAOLanp7g,2024-01-05 16:09:04.104000+00:00,004, ,, , 
net_zhNi2owBbVMQAOLanp7g,zhNi2owBbVMQAOLanp7g,2024-01-05 16:09:04.112000+00:00,004, ,, , 
net_zxNi2owBbVMQAOLanp7g,zxNi2owBbVMQAOLanp7g,2024-01-05 16:09:04.115000+00:00,004, ,, , 
net_0BNi2owBbVMQAOLanp7g,0BNi2owBbVMQAOLanp7g,2024-01-05 16:09:04.118000+00:00,004, ,, , 
net_0xNi2owBbVMQAOLaop6Q,0xNi2owBbVMQAOLaop6Q,2024-01-05 16:09:04.165000+00:00,004, ,, , 
net_EhN52owBbVMQAOLaXJ_b,EhN52owBbVMQAOLaXJ_b,2024-01-05 16:33:46.516000+00:00,004, ,, , 
net_ExN52owBbVMQAOLaXJ_b,ExN52owBbVMQAOLaXJ_b,2024-01-05 16:33:46.532000+00:00,004, ,, , 
net_FhN52owBbVMQAOLaXJ_b,FhN52owBbVMQAOLaXJ_b,2024-01-05 16:33:46.561000+00:00,004, ,, , 
net_FxN52owBbVMQAOLaXJ_b,FxN52owBbVMQAOLaXJ_b,2024-01-05 16:33:46.578000+00:00,004, ,, , 
net_GhN52owBbVMQAOLaXJ_b,GhN52owBbVMQAOLaXJ_b,2024-01-05 16:33:46.584000+00:00,004, ,, , 
net_9hNu2owBbVMQAOLaYJ5Z,9hNu2owBbVMQAOLaYJ5Z,2024-01-05 16:21:46.016000+00:00,004, ,, , 
net_9xNu2owBbVMQAOLaYJ5Z,9xNu2owBbVMQAOLaYJ5Z,2024-01-05 16:21:46.037000+00:00,004, ,, , 
net_'-BNu2owBbVMQAOLaYJ5Z,'-BNu2owBbVMQAOLaYJ5Z,2024-01-05 16:21:46.065000+00:00,004, ,, , 
net_'-hNu2owBbVMQAOLaYJ5Z,'-hNu2owBbVMQAOLaYJ5Z,2024-01-05 16:21:46.083000+00:00,004, ,, , 
net_AhNz2owBbVMQAOLazZ8B,AhNz2owBbVMQAOLazZ8B,2024-01-05 16:27:45.958000+00:00,004, ,, , 
net_BBNz2owBbVMQAOLazZ8B,BBNz2owBbVMQAOLazZ8B,2024-01-05 16:27:45.958000+00:00,004, ,, , 
net_BhNz2owBbVMQAOLazZ8B,BhNz2owBbVMQAOLazZ8B,2024-01-05 16:27:45.963000+00:00,004, ,, , 
net_CBNz2owBbVMQAOLazZ8B,CBNz2owBbVMQAOLazZ8B,2024-01-05 16:27:45.970000+00:00,004, ,, , 
net_5RNo2owBbVMQAOLa4p4M,5RNo2owBbVMQAOLa4p4M,2024-01-05 16:15:45.453000+00:00,004, ,, , 
net_5xNo2owBbVMQAOLa4p4M,5xNo2owBbVMQAOLa4p4M,2024-01-05 16:15:45.520000+00:00,004, ,, , 
net_6BNo2owBbVMQAOLa4p4M,6BNo2owBbVMQAOLa4p4M,2024-01-05 16:15:45.522000+00:00,004, ,, , 
net_6hNo2owBbVMQAOLa4p4M,6hNo2owBbVMQAOLa4p4M,2024-01-05 16:15:45.528000+00:00,004, ,, , 
net_'-xNw2owBbVMQAOLavZ6y,'-xNw2owBbVMQAOLavZ6y,2024-01-05 16:24:24.299000+00:00,004, ,, , 
net__BNw2owBbVMQAOLavZ6y,_BNw2owBbVMQAOLavZ6y,2024-01-05 16:24:24.315000+00:00,004, ,, , 
net_sRNd2owBbVMQAOLa4p64,sRNd2owBbVMQAOLa4p64,2024-01-05 16:03:44.946000+00:00,004, ,, , 
net_shNd2owBbVMQAOLa4p64,shNd2owBbVMQAOLa4p64,2024-01-05 16:03:44.946000+00:00,004, ,, , 
net_1RNj2owBbVMQAOLaUp5_,1RNj2owBbVMQAOLaUp5_,2024-01-05 16:09:44.296000+00:00,004, ,, , 
net_1xNj2owBbVMQAOLaUp5_,1xNj2owBbVMQAOLaUp5_,2024-01-05 16:09:44.295000+00:00,004, ,, , 
net__xNy2owBbVMQAOLaCZ7H,_xNy2owBbVMQAOLaCZ7H,2024-01-05 16:25:47.583000+00:00,004, ,, , 
net_1xO12owBbVMQAOLaG5-k,1xO12owBbVMQAOLaG5-k,2024-01-05 17:39:02.127000+00:00,004, ,, , 
net_2hO12owBbVMQAOLaG5-k,2hO12owBbVMQAOLaG5-k,2024-01-05 17:39:02.128000+00:00,004, ,, , 
net_2xO12owBbVMQAOLaG5-k,2xO12owBbVMQAOLaG5-k,2024-01-05 17:39:02.128000+00:00,004, ,, , 
net_3xO12owBbVMQAOLaG5-k,3xO12owBbVMQAOLaG5-k,2024-01-05 17:39:02.128000+00:00,004, ,, , 
net_5BO12owBbVMQAOLaG5-k,5BO12owBbVMQAOLaG5-k,2024-01-05 17:39:02.858000+00:00,004, ,, , 
net_5RO12owBbVMQAOLaG5-k,5RO12owBbVMQAOLaG5-k,2024-01-05 17:39:02.859000+00:00,004, ,, , 
net_6BO12owBbVMQAOLaG5-k,6BO12owBbVMQAOLaG5-k,2024-01-05 17:39:02.950000+00:00,004, ,, , 
net_7xO12owBbVMQAOLaG5-k,7xO12owBbVMQAOLaG5-k,2024-01-05 17:39:02.968000+00:00,004, ,, , 
net_GRPG2owBbVMQAOLaOaD2,GRPG2owBbVMQAOLaOaD2,2024-01-05 17:57:51.323000+00:00,004, ,, , 
net_GhPG2owBbVMQAOLaOaD2,GhPG2owBbVMQAOLaOaD2,2024-01-05 17:57:51.323000+00:00,004, ,, , 
net_HBPG2owBbVMQAOLaOaD2,HBPG2owBbVMQAOLaOaD2,2024-01-05 17:57:51.323000+00:00,004, ,, , 
net_HRPG2owBbVMQAOLaOaD2,HRPG2owBbVMQAOLaOaD2,2024-01-05 17:57:51.324000+00:00,004, ,, , 
net_JxPL2owBbVMQAOLau6A-,JxPL2owBbVMQAOLau6A-,2024-01-05 18:03:49.359000+00:00,004, ,, , 
net_LBPL2owBbVMQAOLau6A-,LBPL2owBbVMQAOLau6A-,2024-01-05 18:03:51.410000+00:00,004, ,, , 
net_LRPL2owBbVMQAOLau6A-,LRPL2owBbVMQAOLau6A-,2024-01-05 18:03:51.413000+00:00,004, ,, , 
net_LhPL2owBbVMQAOLau6A-,LhPL2owBbVMQAOLau6A-,2024-01-05 18:03:51.420000+00:00,004, ,, , 
net_ARO72owBbVMQAOLaOKD0,ARO72owBbVMQAOLaOKD0,2024-01-05 17:45:49.349000+00:00,004, ,, , 
net_BBO72owBbVMQAOLaPKCp,BBO72owBbVMQAOLaPKCp,2024-01-05 17:45:51.380000+00:00,004, ,, , 
net_BhO72owBbVMQAOLaPKCp,BhO72owBbVMQAOLaPKCp,2024-01-05 17:45:51.380000+00:00,004, ,, , 
net_BxO72owBbVMQAOLaPKCp,BxO72owBbVMQAOLaPKCp,2024-01-05 17:45:51.380000+00:00,004, ,, , 
net_9BO12owBbVMQAOLazJ8G,9BO12owBbVMQAOLazJ8G,2024-01-05 17:39:51.407000+00:00,004, ,, , 
net_9RO12owBbVMQAOLazJ8G,9RO12owBbVMQAOLazJ8G,2024-01-05 17:39:51.409000+00:00,004, ,, , 
net_9xO12owBbVMQAOLazJ8G,9xO12owBbVMQAOLazJ8G,2024-01-05 17:39:51.407000+00:00,004, ,, , 
net_uhOq2owBbVMQAOLa4p-L,uhOq2owBbVMQAOLa4p-L,2024-01-05 17:27:49.372000+00:00,004, ,, , 
net_vxOq2owBbVMQAOLa4p-L,vxOq2owBbVMQAOLa4p-L,2024-01-05 17:27:51.455000+00:00,004, ,, , 
net_whOq2owBbVMQAOLa4p-L,whOq2owBbVMQAOLa4p-L,2024-01-05 17:27:51.461000+00:00,004, ,, , 
net_sBOl2owBbVMQAOLaXp9A,sBOl2owBbVMQAOLaXp9A,2024-01-05 17:21:49.541000+00:00,004, ,, , 
net_sxOl2owBbVMQAOLaXp9A,sxOl2owBbVMQAOLaXp9A,2024-01-05 17:21:51.684000+00:00,004, ,, , 
net_txOl2owBbVMQAOLaXp9A,txOl2owBbVMQAOLaXp9A,2024-01-05 17:21:51.684000+00:00,004, ,, , 
net_zROw2owBbVMQAOLaS59T,zROw2owBbVMQAOLaS59T,2024-01-05 17:33:51.230000+00:00,004, ,, , 
net_zhOw2owBbVMQAOLaS59T,zhOw2owBbVMQAOLaS59T,2024-01-05 17:33:51.230000+00:00,004, ,, , 
net_EBPA2owBbVMQAOLauaC_,EBPA2owBbVMQAOLauaC_,2024-01-05 17:51:51.302000+00:00,004, ,, , 
net_MRPQ2owBbVMQAOLaeKC4,MRPQ2owBbVMQAOLaeKC4,2024-01-05 18:09:01.093000+00:00,004, ,, , 
net_NxPQ2owBbVMQAOLaeKC4,NxPQ2owBbVMQAOLaeKC4,2024-01-05 18:09:02.068000+00:00,004, ,, , 
net_OxPQ2owBbVMQAOLaeKC4,OxPQ2owBbVMQAOLaeKC4,2024-01-05 18:09:02.069000+00:00,004, ,, , 
net_PRPQ2owBbVMQAOLaeKC4,PRPQ2owBbVMQAOLaeKC4,2024-01-05 18:09:02.069000+00:00,004, ,, , 
net_RxPQ2owBbVMQAOLaeKC4,RxPQ2owBbVMQAOLaeKC4,2024-01-05 18:09:02.166000+00:00,004, ,, , 
net_SBPQ2owBbVMQAOLaeKC4,SBPQ2owBbVMQAOLaeKC4,2024-01-05 18:09:02.167000+00:00,004, ,, , 
net_SRPQ2owBbVMQAOLaeKC4,SRPQ2owBbVMQAOLaeKC4,2024-01-05 18:09:02.168000+00:00,004, ,, , 
net_TBPR2owBbVMQAOLaT6B6,TBPR2owBbVMQAOLaT6B6,2024-01-05 18:09:49.591000+00:00,004, ,, , 
net_ThPR2owBbVMQAOLaT6B6,ThPR2owBbVMQAOLaT6B6,2024-01-05 18:09:51.395000+00:00,004, ,, , 
net_XhPW2owBbVMQAOLavKCP,XhPW2owBbVMQAOLavKCP,2024-01-05 18:15:51.769000+00:00,004, ,, , 
net_XxPW2owBbVMQAOLavKCP,XxPW2owBbVMQAOLavKCP,2024-01-05 18:15:51.773000+00:00,004, ,, , 
net_YxPW2owBbVMQAOLavKCP,YxPW2owBbVMQAOLavKCP,2024-01-05 18:15:51.780000+00:00,004, ,, , 
net_ZRPX2owBbVMQAOLa4qBJ,ZRPX2owBbVMQAOLa4qBJ,2024-01-05 18:17:02.286000+00:00,004, ,, , 
net_aRPc2owBbVMQAOLaPKAk,aRPc2owBbVMQAOLaPKAk,2024-01-05 18:21:49.708000+00:00,004, ,, , 
net_bBPc2owBbVMQAOLaPKAk,bBPc2owBbVMQAOLaPKAk,2024-01-05 18:21:51.708000+00:00,004, ,, , 
net_cBPc2owBbVMQAOLaPKAk,cBPc2owBbVMQAOLaPKAk,2024-01-05 18:21:51.720000+00:00,004, ,, , 
net_cRPc2owBbVMQAOLaPKAk,cRPc2owBbVMQAOLaPKAk,2024-01-05 18:21:51.722000+00:00,004, ,, , 
net_eBPe2owBbVMQAOLac6CM,eBPe2owBbVMQAOLac6CM,2024-01-05 18:24:09.756000+00:00,004, ,, , 
net_eRPe2owBbVMQAOLac6CM,eRPe2owBbVMQAOLac6CM,2024-01-05 18:24:09.756000+00:00,004, ,, , 
net_exPe2owBbVMQAOLac6CM,exPe2owBbVMQAOLac6CM,2024-01-05 18:24:09.757000+00:00,004, ,, , 
net_fhPe2owBbVMQAOLac6CM,fhPe2owBbVMQAOLac6CM,2024-01-05 18:24:09.756000+00:00,004, ,, , 
net_gBPe2owBbVMQAOLac6CM,gBPe2owBbVMQAOLac6CM,2024-01-05 18:24:09.756000+00:00,004, ,, , 
net_hRPe2owBbVMQAOLac6CM,hRPe2owBbVMQAOLac6CM,2024-01-05 18:24:09.762000+00:00,004, ,, , 
net_ihPe2owBbVMQAOLac6CM,ihPe2owBbVMQAOLac6CM,2024-01-05 18:24:09.766000+00:00,004, ,, , 
net_ixPe2owBbVMQAOLac6CM,ixPe2owBbVMQAOLac6CM,2024-01-05 18:24:09.767000+00:00,004, ,, , 
net_jBPe2owBbVMQAOLac6CM,jBPe2owBbVMQAOLac6CM,2024-01-05 18:24:09.767000+00:00,004, ,, , 
net_jhPe2owBbVMQAOLac6CM,jhPe2owBbVMQAOLac6CM,2024-01-05 18:24:09.767000+00:00,004, ,, , 
net_kRPe2owBbVMQAOLac6CM,kRPe2owBbVMQAOLac6CM,2024-01-05 18:24:09.768000+00:00,004, ,, , 
net_lxPe2owBbVMQAOLac6CM,lxPe2owBbVMQAOLac6CM,2024-01-05 18:24:09.779000+00:00,004, ,, , 
net_mxPe2owBbVMQAOLac6CM,mxPe2owBbVMQAOLac6CM,2024-01-05 18:24:09.778000+00:00,004, ,, , 
net_nxPe2owBbVMQAOLac6CM,nxPe2owBbVMQAOLac6CM,2024-01-05 18:24:09.781000+00:00,004, ,, , 
net_pBPe2owBbVMQAOLadKCB,pBPe2owBbVMQAOLadKCB,2024-01-05 18:24:09.781000+00:00,004, ,, , 
net_phPe2owBbVMQAOLadKCB,phPe2owBbVMQAOLadKCB,2024-01-05 18:24:09.783000+00:00,004, ,, , 
net_sBPe2owBbVMQAOLadKCB,sBPe2owBbVMQAOLadKCB,2024-01-05 18:24:09.783000+00:00,004, ,, , 
net_sRPe2owBbVMQAOLadKCB,sRPe2owBbVMQAOLadKCB,2024-01-05 18:24:09.790000+00:00,004, ,, , 
net_tRPe2owBbVMQAOLadKCB,tRPe2owBbVMQAOLadKCB,2024-01-05 18:24:09.792000+00:00,004, ,, , 
net_uRPe2owBbVMQAOLadKCB,uRPe2owBbVMQAOLadKCB,2024-01-05 18:24:09.790000+00:00,004, ,, , 
net_uxPe2owBbVMQAOLadKCB,uxPe2owBbVMQAOLadKCB,2024-01-05 18:24:09.795000+00:00,004, ,, , 
net_vRPe2owBbVMQAOLadKCB,vRPe2owBbVMQAOLadKCB,2024-01-05 18:24:09.789000+00:00,004, ,, , 
net_vhPe2owBbVMQAOLadKCB,vhPe2owBbVMQAOLadKCB,2024-01-05 18:24:09.795000+00:00,004, ,, , 
net_wBPe2owBbVMQAOLadKCB,wBPe2owBbVMQAOLadKCB,2024-01-05 18:24:09.795000+00:00,004, ,, , 
net_xBPe2owBbVMQAOLadKCB,xBPe2owBbVMQAOLadKCB,2024-01-05 18:24:09.799000+00:00,004, ,, , 
net_xhPe2owBbVMQAOLadKCB,xhPe2owBbVMQAOLadKCB,2024-01-05 18:24:09.795000+00:00,004, ,, , 
net_xxPe2owBbVMQAOLadKCB,xxPe2owBbVMQAOLadKCB,2024-01-05 18:24:09.800000+00:00,004, ,, , 
net_yhPe2owBbVMQAOLadKCB,yhPe2owBbVMQAOLadKCB,2024-01-05 18:24:09.802000+00:00,004, ,, , 
net_yxPe2owBbVMQAOLadKCB,yxPe2owBbVMQAOLadKCB,2024-01-05 18:24:09.803000+00:00,004, ,, , 
net_zRPe2owBbVMQAOLadKCB,zRPe2owBbVMQAOLadKCB,2024-01-05 18:24:09.800000+00:00,004, ,, , 
net_zhPe2owBbVMQAOLadKCB,zhPe2owBbVMQAOLadKCB,2024-01-05 18:24:09.805000+00:00,004, ,, , 
net_0RPe2owBbVMQAOLadKCB,0RPe2owBbVMQAOLadKCB,2024-01-05 18:24:09.803000+00:00,004, ,, , 
net_1xPe2owBbVMQAOLadaAl,1xPe2owBbVMQAOLadaAl,2024-01-05 18:24:09.811000+00:00,004, ,, , 
net_2RPe2owBbVMQAOLadaAl,2RPe2owBbVMQAOLadaAl,2024-01-05 18:24:09.810000+00:00,004, ,, , 
net_4xPe2owBbVMQAOLadaAl,4xPe2owBbVMQAOLadaAl,2024-01-05 18:24:09.818000+00:00,004, ,, , 
net_5RPe2owBbVMQAOLadaAl,5RPe2owBbVMQAOLadaAl,2024-01-05 18:24:09.827000+00:00,004, ,, , 
net_5hPe2owBbVMQAOLadaAl,5hPe2owBbVMQAOLadaAl,2024-01-05 18:24:09.821000+00:00,004, ,, , 
net_6hPe2owBbVMQAOLadaAl,6hPe2owBbVMQAOLadaAl,2024-01-05 18:24:09.830000+00:00,004, ,, , 
net_7RPe2owBbVMQAOLadaAl,7RPe2owBbVMQAOLadaAl,2024-01-05 18:24:09.819000+00:00,004, ,, , 
net_8BPe2owBbVMQAOLadaAl,8BPe2owBbVMQAOLadaAl,2024-01-05 18:24:09.831000+00:00,004, ,, , 
net_8hPe2owBbVMQAOLadaAl,8hPe2owBbVMQAOLadaAl,2024-01-05 18:24:09.833000+00:00,004, ,, , 
net_9hPe2owBbVMQAOLadaAl,9hPe2owBbVMQAOLadaAl,2024-01-05 18:24:09.829000+00:00,004, ,, , 
net_'-RPe2owBbVMQAOLadaAl,'-RPe2owBbVMQAOLadaAl,2024-01-05 18:24:09.839000+00:00,004, ,, , 
net_'-xPe2owBbVMQAOLadaAl,'-xPe2owBbVMQAOLadaAl,2024-01-05 18:24:09.834000+00:00,004, ,, , 
net__RPe2owBbVMQAOLadaAl,_RPe2owBbVMQAOLadaAl,2024-01-05 18:24:09.842000+00:00,004, ,, , 
net__xPe2owBbVMQAOLadaAl,_xPe2owBbVMQAOLadaAl,2024-01-05 18:24:09.843000+00:00,004, ,, , 
net_ABPe2owBbVMQAOLadaEl,ABPe2owBbVMQAOLadaEl,2024-01-05 18:24:09.841000+00:00,004, ,, , 
net_BRPe2owBbVMQAOLadaEl,BRPe2owBbVMQAOLadaEl,2024-01-05 18:24:09.843000+00:00,004, ,, , 
net_BhPe2owBbVMQAOLadaEl,BhPe2owBbVMQAOLadaEl,2024-01-05 18:24:09.849000+00:00,004, ,, , 
net_CRPe2owBbVMQAOLadqEp,CRPe2owBbVMQAOLadqEp,2024-01-05 18:24:09.845000+00:00,004, ,, , 
net_CxPe2owBbVMQAOLadqEp,CxPe2owBbVMQAOLadqEp,2024-01-05 18:24:09.841000+00:00,004, ,, , 
net_DhPe2owBbVMQAOLadqEp,DhPe2owBbVMQAOLadqEp,2024-01-05 18:24:09.847000+00:00,004, ,, , 
net_ERPe2owBbVMQAOLadqEp,ERPe2owBbVMQAOLadqEp,2024-01-05 18:24:09.858000+00:00,004, ,, , 
net_GRPe2owBbVMQAOLadqEp,GRPe2owBbVMQAOLadqEp,2024-01-05 18:24:09.862000+00:00,004, ,, , 
net_HxPe2owBbVMQAOLadqEp,HxPe2owBbVMQAOLadqEp,2024-01-05 18:24:09.985000+00:00,004, ,, , 
net_IRPe2owBbVMQAOLadqEp,IRPe2owBbVMQAOLadqEp,2024-01-05 18:24:10.006000+00:00,004, ,, , 
net_KxPe2owBbVMQAOLadqEp,KxPe2owBbVMQAOLadqEp,2024-01-05 18:24:10.785000+00:00,004, ,, , 
net_OBPe2owBbVMQAOLadqEp,OBPe2owBbVMQAOLadqEp,2024-01-05 18:24:11.356000+00:00,004, ,, , 
net_PBPe2owBbVMQAOLadqH-,PBPe2owBbVMQAOLadqH-,2024-01-05 18:24:11.590000+00:00,004, ,, , 
net_PhPe2owBbVMQAOLadqH-,PhPe2owBbVMQAOLadqH-,2024-01-05 18:24:11.633000+00:00,004, ,, , 
net_PxPe2owBbVMQAOLadqH-,PxPe2owBbVMQAOLadqH-,2024-01-05 18:24:11.635000+00:00,004, ,, , 
net_QxPe2owBbVMQAOLadqH-,QxPe2owBbVMQAOLadqH-,2024-01-05 18:24:11.681000+00:00,004, ,, , 
net_RhPe2owBbVMQAOLadqH-,RhPe2owBbVMQAOLadqH-,2024-01-05 18:24:11.748000+00:00,004, ,, , 
net_RxPe2owBbVMQAOLadqH-,RxPe2owBbVMQAOLadqH-,2024-01-05 18:24:11.777000+00:00,004, ,, , 
net_SBPe2owBbVMQAOLadqH-,SBPe2owBbVMQAOLadqH-,2024-01-05 18:24:11.778000+00:00,004, ,, , 
net_SRPe2owBbVMQAOLadqH-,SRPe2owBbVMQAOLadqH-,2024-01-05 18:24:11.798000+00:00,004, ,, , 
net_TBPe2owBbVMQAOLadqH-,TBPe2owBbVMQAOLadqH-,2024-01-05 18:24:11.835000+00:00,004, ,, , 
net_ThPe2owBbVMQAOLadqH-,ThPe2owBbVMQAOLadqH-,2024-01-05 18:24:11.882000+00:00,004, ,, , 
net_URPe2owBbVMQAOLadqH-,URPe2owBbVMQAOLadqH-,2024-01-05 18:24:11.971000+00:00,004, ,, , 
net_UhPe2owBbVMQAOLadqH-,UhPe2owBbVMQAOLadqH-,2024-01-05 18:24:11.971000+00:00,004, ,, , 
net_UxPe2owBbVMQAOLadqH-,UxPe2owBbVMQAOLadqH-,2024-01-05 18:24:12.031000+00:00,004, ,, , 
net_VBPe2owBbVMQAOLadqH-,VBPe2owBbVMQAOLadqH-,2024-01-05 18:24:12.038000+00:00,004, ,, , 
net_XxPe2owBbVMQAOLadqH-,XxPe2owBbVMQAOLadqH-,2024-01-05 18:24:12.393000+00:00,004, ,, , 
net_YhPe2owBbVMQAOLadqH-,YhPe2owBbVMQAOLadqH-,2024-01-05 18:24:12.399000+00:00,004, ,, , 
net_ZBPe2owBbVMQAOLadqH-,ZBPe2owBbVMQAOLadqH-,2024-01-05 18:24:12.405000+00:00,004, ,, , 
net_aBPe2owBbVMQAOLadqH-,aBPe2owBbVMQAOLadqH-,2024-01-05 18:24:12.417000+00:00,004, ,, , 
net_aRPe2owBbVMQAOLadqH-,aRPe2owBbVMQAOLadqH-,2024-01-05 18:24:12.421000+00:00,004, ,, , 
net_bhPe2owBbVMQAOLad6Gg,bhPe2owBbVMQAOLad6Gg,2024-01-05 18:24:12.439000+00:00,004, ,, , 
net_cBPe2owBbVMQAOLad6Gg,cBPe2owBbVMQAOLad6Gg,2024-01-05 18:24:12.447000+00:00,004, ,, , 
net_cxPe2owBbVMQAOLad6Gg,cxPe2owBbVMQAOLad6Gg,2024-01-05 18:24:12.454000+00:00,004, ,, , 
net_dBPe2owBbVMQAOLad6Gg,dBPe2owBbVMQAOLad6Gg,2024-01-05 18:24:12.462000+00:00,004, ,, , 
net_dRPe2owBbVMQAOLad6Gg,dRPe2owBbVMQAOLad6Gg,2024-01-05 18:24:12.464000+00:00,004, ,, , 
net_dxPe2owBbVMQAOLad6Gg,dxPe2owBbVMQAOLad6Gg,2024-01-05 18:24:12.636000+00:00,004, ,, , 
net_ehPe2owBbVMQAOLad6Gg,ehPe2owBbVMQAOLad6Gg,2024-01-05 18:24:12.646000+00:00,004, ,, , 
net_fRPe2owBbVMQAOLad6Gg,fRPe2owBbVMQAOLad6Gg,2024-01-05 18:24:12.665000+00:00,004, ,, , 
net_fhPe2owBbVMQAOLad6Gg,fhPe2owBbVMQAOLad6Gg,2024-01-05 18:24:12.669000+00:00,004, ,, , 
net_gRPe2owBbVMQAOLad6Gg,gRPe2owBbVMQAOLad6Gg,2024-01-05 18:24:12.678000+00:00,004, ,, , 
net_hRPe2owBbVMQAOLad6Gg,hRPe2owBbVMQAOLad6Gg,2024-01-05 18:24:12.718000+00:00,004, ,, , 
net_jBPe2owBbVMQAOLad6Gg,jBPe2owBbVMQAOLad6Gg,2024-01-05 18:24:14.096000+00:00,004, ,, , 
net_jhPe2owBbVMQAOLad6Gg,jhPe2owBbVMQAOLad6Gg,2024-01-05 18:24:14.106000+00:00,004, ,, , 
net_jxPe2owBbVMQAOLad6Gg,jxPe2owBbVMQAOLad6Gg,2024-01-05 18:24:14.118000+00:00,004, ,, , 
net_kRPe2owBbVMQAOLad6Gg,kRPe2owBbVMQAOLad6Gg,2024-01-05 18:24:14.169000+00:00,004, ,, , 
net_mBPe2owBbVMQAOLad6Gg,mBPe2owBbVMQAOLad6Gg,2024-01-05 18:24:14.233000+00:00,004, ,, , 
net_mRPe2owBbVMQAOLad6Gg,mRPe2owBbVMQAOLad6Gg,2024-01-05 18:24:14.261000+00:00,004, ,, , 
net_nBPe2owBbVMQAOLad6Gg,nBPe2owBbVMQAOLad6Gg,2024-01-05 18:24:14.447000+00:00,004, ,, , 
net_N01s3YwBSd_mrKXN_lp6,N01s3YwBSd_mrKXN_lp6,2024-01-06 04:17:34.979000+00:00,004, ,, , 
net_Ok1s3YwBSd_mrKXN_lp6,Ok1s3YwBSd_mrKXN_lp6,2024-01-06 04:17:34.981000+00:00,004, ,, , 
net_O01s3YwBSd_mrKXN_lp6,O01s3YwBSd_mrKXN_lp6,2024-01-06 04:17:34.987000+00:00,004, ,, , 
net_PE1s3YwBSd_mrKXN_lp6,PE1s3YwBSd_mrKXN_lp6,2024-01-06 04:17:34.991000+00:00,004, ,, , 
net_Pk1s3YwBSd_mrKXN_lp6,Pk1s3YwBSd_mrKXN_lp6,2024-01-06 04:17:34.992000+00:00,004, ,, , 
net_P01s3YwBSd_mrKXN_lp7,P01s3YwBSd_mrKXN_lp7,2024-01-06 04:17:34.992000+00:00,004, ,, , 
net_RE1s3YwBSd_mrKXN_lp7,RE1s3YwBSd_mrKXN_lp7,2024-01-06 04:17:35.022000+00:00,004, ,, , 
net_RU1s3YwBSd_mrKXN_lp7,RU1s3YwBSd_mrKXN_lp7,2024-01-06 04:17:35.017000+00:00,004, ,, , 
net_Rk1s3YwBSd_mrKXN_lp7,Rk1s3YwBSd_mrKXN_lp7,2024-01-06 04:17:35.019000+00:00,004, ,, , 
net_R01s3YwBSd_mrKXN_lp7,R01s3YwBSd_mrKXN_lp7,2024-01-06 04:17:34.992000+00:00,004, ,, , 
net_SU1s3YwBSd_mrKXN_lp7,SU1s3YwBSd_mrKXN_lp7,2024-01-06 04:17:35.021000+00:00,004, ,, , 
net_Uk1s3YwBSd_mrKXN_lp8,Uk1s3YwBSd_mrKXN_lp8,2024-01-06 04:17:35.116000+00:00,004, ,, , 
net_U01s3YwBSd_mrKXN_lp8,U01s3YwBSd_mrKXN_lp8,2024-01-06 04:17:35.117000+00:00,004, ,, , 
net_VU1s3YwBSd_mrKXN_lp8,VU1s3YwBSd_mrKXN_lp8,2024-01-06 04:17:34.996000+00:00,004, ,, , 
net_Vk1s3YwBSd_mrKXN_lp8,Vk1s3YwBSd_mrKXN_lp8,2024-01-06 04:17:35.195000+00:00,004, ,, , 
net_V01s3YwBSd_mrKXN_lp8,V01s3YwBSd_mrKXN_lp8,2024-01-06 04:17:35.256000+00:00,004, ,, , 
net_XU1s3YwBSd_mrKXN_lp8,XU1s3YwBSd_mrKXN_lp8,2024-01-06 04:17:35.258000+00:00,004, ,, , 
net_YU1s3YwBSd_mrKXN_lp9,YU1s3YwBSd_mrKXN_lp9,2024-01-06 04:17:35.270000+00:00,004, ,, , 
net_ZE1s3YwBSd_mrKXN_lp9,ZE1s3YwBSd_mrKXN_lp9,2024-01-06 04:17:35.273000+00:00,004, ,, , 
net_Zk1s3YwBSd_mrKXN_lp9,Zk1s3YwBSd_mrKXN_lp9,2024-01-06 04:17:35.284000+00:00,004, ,, , 
net_Z01s3YwBSd_mrKXN_lp9,Z01s3YwBSd_mrKXN_lp9,2024-01-06 04:17:35.268000+00:00,004, ,, , 
net_aE1s3YwBSd_mrKXN_lp9,aE1s3YwBSd_mrKXN_lp9,2024-01-06 04:17:35.338000+00:00,004, ,, , 
net_aU1s3YwBSd_mrKXN_1qV,aU1s3YwBSd_mrKXN_1qV,2024-01-06 04:17:39.272000+00:00,004, ,, , 
net_bU1s3YwBSd_mrKXN_1qV,bU1s3YwBSd_mrKXN_1qV,2024-01-06 04:17:39.293000+00:00,004, ,, , 
net_bk1s3YwBSd_mrKXN_1qV,bk1s3YwBSd_mrKXN_1qV,2024-01-06 04:17:39.315000+00:00,004, ,, , 
net_cE1s3YwBSd_mrKXN_1qV,cE1s3YwBSd_mrKXN_1qV,2024-01-06 04:17:39.325000+00:00,004, ,, , 
net_cU1s3YwBSd_mrKXN_1qV,cU1s3YwBSd_mrKXN_1qV,2024-01-06 04:17:39.332000+00:00,004, ,, , 
net_dE1s3YwBSd_mrKXN_1qV,dE1s3YwBSd_mrKXN_1qV,2024-01-06 04:17:39.348000+00:00,004, ,, , 
net_dk1s3YwBSd_mrKXN_1qV,dk1s3YwBSd_mrKXN_1qV,2024-01-06 04:17:39.355000+00:00,004, ,, , 
net_fE1s3YwBSd_mrKXN_1qV,fE1s3YwBSd_mrKXN_1qV,2024-01-06 04:17:39.971000+00:00,000, ,, , 
net_fU1s3YwBSd_mrKXN_1qV,fU1s3YwBSd_mrKXN_1qV,2024-01-06 04:17:41.062000+00:00,004, ,, , 
net_gE1s3YwBSd_mrKXN_1qW,gE1s3YwBSd_mrKXN_1qW,2024-01-06 04:17:41.137000+00:00,004, ,, , 
net_gk1s3YwBSd_mrKXN_1qW,gk1s3YwBSd_mrKXN_1qW,2024-01-06 04:17:41.267000+00:00,004, ,, , 
net_g01s3YwBSd_mrKXN_1qW,g01s3YwBSd_mrKXN_1qW,2024-01-06 04:17:41.271000+00:00,004, ,, , 
net_hE1s3YwBSd_mrKXN_1qW,hE1s3YwBSd_mrKXN_1qW,2024-01-06 04:17:41.284000+00:00,004, ,, , 
net_h01s3YwBSd_mrKXN_1qW,h01s3YwBSd_mrKXN_1qW,2024-01-06 04:17:43.205000+00:00,004, ,, , 
net_jE1s3YwBSd_mrKXN_1qW,jE1s3YwBSd_mrKXN_1qW,2024-01-06 04:17:43.316000+00:00,004, ,, , 
net_jU1s3YwBSd_mrKXN_1qW,jU1s3YwBSd_mrKXN_1qW,2024-01-06 04:17:43.318000+00:00,004, ,, , 
net_j01s3YwBSd_mrKXN_1qW,j01s3YwBSd_mrKXN_1qW,2024-01-06 04:17:43.327000+00:00,004, ,, , 
net_kE1s3YwBSd_mrKXN_1qW,kE1s3YwBSd_mrKXN_1qW,2024-01-06 04:17:43.364000+00:00,004, ,, , 
net_k01s3YwBSd_mrKXN_1qW,k01s3YwBSd_mrKXN_1qW,2024-01-06 04:17:45.102000+00:00,004, ,, , 
net_lE1s3YwBSd_mrKXN_1qW,lE1s3YwBSd_mrKXN_1qW,2024-01-06 04:17:45.116000+00:00,004, ,, , 
net_mE1s3YwBSd_mrKXN_1qW,mE1s3YwBSd_mrKXN_1qW,2024-01-06 04:17:45.163000+00:00,004, ,, , 
net_nk1t3YwBSd_mrKXNAFrt,nk1t3YwBSd_mrKXNAFrt,2024-01-06 04:17:45.310000+00:00,004, ,, , 
net_oE1t3YwBSd_mrKXNAFru,oE1t3YwBSd_mrKXNAFru,2024-01-06 04:17:45.333000+00:00,004, ,, , 
net_ok1t3YwBSd_mrKXNAFru,ok1t3YwBSd_mrKXNAFru,2024-01-06 04:17:45.369000+00:00,004, ,, , 
net_o01t3YwBSd_mrKXNAFru,o01t3YwBSd_mrKXNAFru,2024-01-06 04:17:45.370000+00:00,004, ,, , 
net_pE1t3YwBSd_mrKXNAFru,pE1t3YwBSd_mrKXNAFru,2024-01-06 04:17:45.371000+00:00,004, ,, , 
net_qk1t3YwBSd_mrKXNAFru,qk1t3YwBSd_mrKXNAFru,2024-01-06 04:17:47.168000+00:00,004, ,, , 
net_rU1t3YwBSd_mrKXNAFru,rU1t3YwBSd_mrKXNAFru,2024-01-06 04:17:47.169000+00:00,004, ,, , 
net_tU1t3YwBSd_mrKXNAFru,tU1t3YwBSd_mrKXNAFru,2024-01-06 04:17:47.247000+00:00,004, ,, , 
net_vk1t3YwBSd_mrKXNAFru,vk1t3YwBSd_mrKXNAFru,2024-01-06 04:17:49.129000+00:00,004, ,, , 
net_wk1t3YwBSd_mrKXNAFru,wk1t3YwBSd_mrKXNAFru,2024-01-06 04:17:49.149000+00:00,004, ,, , 
net_w01t3YwBSd_mrKXNAFrv,w01t3YwBSd_mrKXNAFrv,2024-01-06 04:17:49.155000+00:00,004, ,, , 
net_xU1t3YwBSd_mrKXNAFrv,xU1t3YwBSd_mrKXNAFrv,2024-01-06 04:17:49.171000+00:00,004, ,, , 
net_xk1t3YwBSd_mrKXNAFrv,xk1t3YwBSd_mrKXNAFrv,2024-01-06 04:17:49.174000+00:00,004, ,, , 
net_yU1t3YwBSd_mrKXNAFrv,yU1t3YwBSd_mrKXNAFrv,2024-01-06 04:17:49.189000+00:00,004, ,, , 
net_zU1t3YwBSd_mrKXNAlon,zU1t3YwBSd_mrKXNAlon,2024-01-06 04:17:49.199000+00:00,004, ,, , 
net_zk1t3YwBSd_mrKXNAloo,zk1t3YwBSd_mrKXNAloo,2024-01-06 04:17:49.202000+00:00,004, ,, , 
net_0E1t3YwBSd_mrKXNAloo,0E1t3YwBSd_mrKXNAloo,2024-01-06 04:17:49.209000+00:00,004, ,, , 
net_1E1t3YwBSd_mrKXNAloo,1E1t3YwBSd_mrKXNAloo,2024-01-06 04:17:49.302000+00:00,004, ,, , 
net_1k1t3YwBSd_mrKXNAloo,1k1t3YwBSd_mrKXNAloo,2024-01-06 04:17:49.312000+00:00,004, ,, , 
net_101t3YwBSd_mrKXNAloo,101t3YwBSd_mrKXNAloo,2024-01-06 04:17:49.312000+00:00,004, ,, , 
net_2U1t3YwBSd_mrKXNAloo,2U1t3YwBSd_mrKXNAloo,2024-01-06 04:17:49.519000+00:00,004, ,, , 
net_201t3YwBSd_mrKXNAloo,201t3YwBSd_mrKXNAloo,2024-01-06 04:17:51.120000+00:00,004, ,, , 
net_4k1t3YwBSd_mrKXNAloo,4k1t3YwBSd_mrKXNAloo,2024-01-06 04:17:51.158000+00:00,004, ,, , 
net_5k1t3YwBSd_mrKXNAloo,5k1t3YwBSd_mrKXNAloo,2024-01-06 04:17:51.254000+00:00,004, ,, , 
net_6k1t3YwBSd_mrKXNAloo,6k1t3YwBSd_mrKXNAloo,2024-01-06 04:17:51.260000+00:00,004, ,, , 
net_601t3YwBSd_mrKXNAloo,601t3YwBSd_mrKXNAloo,2024-01-06 04:17:51.260000+00:00,004, ,, , 
net_8U1t3YwBSd_mrKXNAloo,8U1t3YwBSd_mrKXNAloo,2024-01-06 04:17:51.321000+00:00,004, ,, , 
net_8k1t3YwBSd_mrKXNAloo,8k1t3YwBSd_mrKXNAloo,2024-01-06 04:17:51.322000+00:00,004, ,, , 
net_901t3YwBSd_mrKXNAlop,901t3YwBSd_mrKXNAlop,2024-01-06 04:17:51.322000+00:00,004, ,, , 
net_'-E1t3YwBSd_mrKXNAlop,'-E1t3YwBSd_mrKXNAlop,2024-01-06 04:17:51.322000+00:00,004, ,, , 
net_'-k1t3YwBSd_mrKXNAlop,'-k1t3YwBSd_mrKXNAlop,2024-01-06 04:17:51.322000+00:00,004, ,, , 
net__E1t3YwBSd_mrKXNAlop,_E1t3YwBSd_mrKXNAlop,2024-01-06 04:17:51.323000+00:00,004, ,, , 
net__U1t3YwBSd_mrKXNAlop,_U1t3YwBSd_mrKXNAlop,2024-01-06 04:17:51.323000+00:00,004, ,, , 
net__k1t3YwBSd_mrKXNAlop,_k1t3YwBSd_mrKXNAlop,2024-01-06 04:17:51.324000+00:00,004, ,, , 
net__01t3YwBSd_mrKXNAlrw,_01t3YwBSd_mrKXNAlrw,2024-01-06 04:17:35.344000+00:00,004, ,, , 
net_BU1t3YwBSd_mrKXNAlvw,BU1t3YwBSd_mrKXNAlvw,2024-01-06 04:17:35.358000+00:00,004, ,, , 
net_DE1t3YwBSd_mrKXNAlvw,DE1t3YwBSd_mrKXNAlvw,2024-01-06 04:17:35.375000+00:00,004, ,, , 
net_D01t3YwBSd_mrKXNAlvx,D01t3YwBSd_mrKXNAlvx,2024-01-06 04:17:35.399000+00:00,004, ,, , 
net_EE1t3YwBSd_mrKXNAlvx,EE1t3YwBSd_mrKXNAlvx,2024-01-06 04:17:35.401000+00:00,004, ,, , 
net_Ek1t3YwBSd_mrKXNAlvx,Ek1t3YwBSd_mrKXNAlvx,2024-01-06 04:17:37.134000+00:00,004, ,, , 
net_E01t3YwBSd_mrKXNAlvx,E01t3YwBSd_mrKXNAlvx,2024-01-06 04:17:37.135000+00:00,004, ,, , 
net_FU1t3YwBSd_mrKXNAlvx,FU1t3YwBSd_mrKXNAlvx,2024-01-06 04:17:37.526000+00:00,004, ,, , 
net_F01t3YwBSd_mrKXNAlvx,F01t3YwBSd_mrKXNAlvx,2024-01-06 04:17:37.528000+00:00,004, ,, , 
net_G01t3YwBSd_mrKXNAlvx,G01t3YwBSd_mrKXNAlvx,2024-01-06 04:17:37.562000+00:00,004, ,, , 
net_Hk1t3YwBSd_mrKXNAlvx,Hk1t3YwBSd_mrKXNAlvx,2024-01-06 04:17:37.573000+00:00,004, ,, , 
net_H01t3YwBSd_mrKXNAlvy,H01t3YwBSd_mrKXNAlvy,2024-01-06 04:17:37.587000+00:00,004, ,, , 
net_IU1t3YwBSd_mrKXNAlvy,IU1t3YwBSd_mrKXNAlvy,2024-01-06 04:17:37.606000+00:00,004, ,, , 
net_I01t3YwBSd_mrKXNAlvy,I01t3YwBSd_mrKXNAlvy,2024-01-06 04:17:37.658000+00:00,004, ,, , 
net_JE1t3YwBSd_mrKXNAlvy,JE1t3YwBSd_mrKXNAlvy,2024-01-06 04:17:37.675000+00:00,004, ,, , 
net_J01t3YwBSd_mrKXNAlvy,J01t3YwBSd_mrKXNAlvy,2024-01-06 04:17:39.108000+00:00,004, ,, , 
net_KU1t3YwBSd_mrKXNAlvy,KU1t3YwBSd_mrKXNAlvy,2024-01-06 04:17:39.149000+00:00,004, ,, , 
net_Kk1t3YwBSd_mrKXNAlvy,Kk1t3YwBSd_mrKXNAlvy,2024-01-06 04:17:39.157000+00:00,004, ,, , 
net_K01t3YwBSd_mrKXNAlvy,K01t3YwBSd_mrKXNAlvy,2024-01-06 04:17:39.156000+00:00,004, ,, , 
net_L01t3YwBSd_mrKXNAlvy,L01t3YwBSd_mrKXNAlvy,2024-01-06 04:17:39.198000+00:00,004, ,, , 
net_MU1t3YwBSd_mrKXNA1uN,MU1t3YwBSd_mrKXNA1uN,2024-01-06 04:17:53.158000+00:00,004, ,, , 
net_M01t3YwBSd_mrKXNA1uN,M01t3YwBSd_mrKXNA1uN,2024-01-06 04:17:53.159000+00:00,004, ,, , 
net_NU1t3YwBSd_mrKXNA1uN,NU1t3YwBSd_mrKXNA1uN,2024-01-06 04:17:53.161000+00:00,004, ,, , 
net_Nk1t3YwBSd_mrKXNA1uN,Nk1t3YwBSd_mrKXNA1uN,2024-01-06 04:17:53.162000+00:00,004, ,, , 
net_OU1t3YwBSd_mrKXNA1uN,OU1t3YwBSd_mrKXNA1uN,2024-01-06 04:17:53.181000+00:00,004, ,, , 
net_PE1t3YwBSd_mrKXNA1uN,PE1t3YwBSd_mrKXNA1uN,2024-01-06 04:17:53.209000+00:00,004, ,, , 
net_Pk1t3YwBSd_mrKXNA1uN,Pk1t3YwBSd_mrKXNA1uN,2024-01-06 04:17:53.215000+00:00,004, ,, , 
net_Q01t3YwBSd_mrKXNA1uN,Q01t3YwBSd_mrKXNA1uN,2024-01-06 04:17:55.215000+00:00,004, ,, , 
net_TU1t3YwBSd_mrKXNA1uN,TU1t3YwBSd_mrKXNA1uN,2024-01-06 04:17:55.225000+00:00,004, ,, , 
net_T01t3YwBSd_mrKXNA1uN,T01t3YwBSd_mrKXNA1uN,2024-01-06 04:17:55.407000+00:00,004, ,, , 
net_Uk1t3YwBSd_mrKXNA1uN,Uk1t3YwBSd_mrKXNA1uN,2024-01-06 04:17:57.183000+00:00,004, ,, , 
net_U01t3YwBSd_mrKXNA1uN,U01t3YwBSd_mrKXNA1uN,2024-01-06 04:17:57.184000+00:00,004, ,, , 
net_WU1t3YwBSd_mrKXNA1uO,WU1t3YwBSd_mrKXNA1uO,2024-01-06 04:17:57.188000+00:00,004, ,, , 
net_Wk1t3YwBSd_mrKXNA1uO,Wk1t3YwBSd_mrKXNA1uO,2024-01-06 04:17:59.143000+00:00,004, ,, , 
net_XE1t3YwBSd_mrKXNA1uO,XE1t3YwBSd_mrKXNA1uO,2024-01-06 04:17:59.172000+00:00,004, ,, , 
net_Xk1t3YwBSd_mrKXNA1uO,Xk1t3YwBSd_mrKXNA1uO,2024-01-06 04:17:59.176000+00:00,004, ,, , 
net_X01t3YwBSd_mrKXNA1uO,X01t3YwBSd_mrKXNA1uO,2024-01-06 04:17:59.220000+00:00,004, ,, , 
net_Y01t3YwBSd_mrKXNBFsa,Y01t3YwBSd_mrKXNBFsa,2024-01-06 04:17:59.262000+00:00,004, ,, , 
net_ZE1t3YwBSd_mrKXNBFsa,ZE1t3YwBSd_mrKXNBFsa,2024-01-06 04:17:59.282000+00:00,004, ,, , 
net_ZU1t3YwBSd_mrKXNBFsa,ZU1t3YwBSd_mrKXNBFsa,2024-01-06 04:17:59.282000+00:00,004, ,, , 
net_aU1t3YwBSd_mrKXNBFsb,aU1t3YwBSd_mrKXNBFsb,2024-01-06 04:17:59.301000+00:00,004, ,, , 
net_ak1t3YwBSd_mrKXNBFsb,ak1t3YwBSd_mrKXNBFsb,2024-01-06 04:17:59.307000+00:00,004, ,, , 
net_b01t3YwBSd_mrKXNBFsb,b01t3YwBSd_mrKXNBFsb,2024-01-06 04:17:59.311000+00:00,004, ,, , 
net_cU1t3YwBSd_mrKXNBFsb,cU1t3YwBSd_mrKXNBFsb,2024-01-06 04:17:59.313000+00:00,004, ,, , 
net_ck1t3YwBSd_mrKXNBFsb,ck1t3YwBSd_mrKXNBFsb,2024-01-06 04:17:59.310000+00:00,004, ,, , 
net_dE1t3YwBSd_mrKXNBFsb,dE1t3YwBSd_mrKXNBFsb,2024-01-06 04:17:59.337000+00:00,004, ,, , 
net_eE1t3YwBSd_mrKXNBFsb,eE1t3YwBSd_mrKXNBFsb,2024-01-06 04:17:59.341000+00:00,004, ,, , 
net_e01t3YwBSd_mrKXNBFsb,e01t3YwBSd_mrKXNBFsb,2024-01-06 04:17:59.343000+00:00,004, ,, , 
net_fk1t3YwBSd_mrKXNBFsb,fk1t3YwBSd_mrKXNBFsb,2024-01-06 04:17:59.355000+00:00,004, ,, , 
net_gE1t3YwBSd_mrKXNBFsb,gE1t3YwBSd_mrKXNBFsb,2024-01-06 04:17:59.361000+00:00,004, ,, , 
net_iE1t3YwBSd_mrKXNBFsb,iE1t3YwBSd_mrKXNBFsb,2024-01-06 04:17:59.449000+00:00,004, ,, , 
net_jU1t3YwBSd_mrKXNBFsb,jU1t3YwBSd_mrKXNBFsb,2024-01-06 04:17:59.484000+00:00,004, ,, , 
net_jk1t3YwBSd_mrKXNBFsb,jk1t3YwBSd_mrKXNBFsb,2024-01-06 04:17:59.519000+00:00,004, ,, , 
net_kk1t3YwBSd_mrKXNBFsb,kk1t3YwBSd_mrKXNBFsb,2024-01-06 04:17:59.532000+00:00,004, ,, , 
net_k01t3YwBSd_mrKXNBFsb,k01t3YwBSd_mrKXNBFsb,2024-01-06 04:17:59.532000+00:00,004, ,, , 
net_lk1t3YwBSd_mrKXNBFvE,lk1t3YwBSd_mrKXNBFvE,2024-01-06 04:18:01.263000+00:00,004, ,, , 
net_m01t3YwBSd_mrKXNBFvE,m01t3YwBSd_mrKXNBFvE,2024-01-06 04:18:01.290000+00:00,004, ,, , 
net_nU1t3YwBSd_mrKXNBFvE,nU1t3YwBSd_mrKXNBFvE,2024-01-06 04:18:01.318000+00:00,004, ,, , 
net_nk1t3YwBSd_mrKXNBFvE,nk1t3YwBSd_mrKXNBFvE,2024-01-06 04:18:03.174000+00:00,004, ,, , 
net_n01t3YwBSd_mrKXNBFvE,n01t3YwBSd_mrKXNBFvE,2024-01-06 04:18:03.176000+00:00,004, ,, , 
net_ok1t3YwBSd_mrKXNBFvE,ok1t3YwBSd_mrKXNBFvE,2024-01-06 04:18:03.182000+00:00,004, ,, , 
net_p01t3YwBSd_mrKXNBFvE,p01t3YwBSd_mrKXNBFvE,2024-01-06 04:18:03.355000+00:00,004, ,, , 
net_qE1t3YwBSd_mrKXNBFvE,qE1t3YwBSd_mrKXNBFvE,2024-01-06 04:18:03.356000+00:00,004, ,, , 
net_q01t3YwBSd_mrKXNBFvE,q01t3YwBSd_mrKXNBFvE,2024-01-06 04:18:03.395000+00:00,004, ,, , 
net_rE1t3YwBSd_mrKXNBFvE,rE1t3YwBSd_mrKXNBFvE,2024-01-06 04:18:05.211000+00:00,004, ,, , 
net_rk1t3YwBSd_mrKXNBFvE,rk1t3YwBSd_mrKXNBFvE,2024-01-06 04:18:05.280000+00:00,004, ,, , 
net_sk1t3YwBSd_mrKXNBFvE,sk1t3YwBSd_mrKXNBFvE,2024-01-06 04:18:05.321000+00:00,004, ,, , 
net_s01t3YwBSd_mrKXNBFvE,s01t3YwBSd_mrKXNBFvE,2024-01-06 04:18:05.345000+00:00,004, ,, , 
net_wE1t3YwBSd_mrKXNBFvE,wE1t3YwBSd_mrKXNBFvE,2024-01-06 04:18:05.700000+00:00,004, ,, , 
net_w01t3YwBSd_mrKXNBFvE,w01t3YwBSd_mrKXNBFvE,2024-01-06 04:18:05.700000+00:00,004, ,, , 
net_xE1t3YwBSd_mrKXNBFvE,xE1t3YwBSd_mrKXNBFvE,2024-01-06 04:18:05.700000+00:00,004, ,, , 
net_xU1t3YwBSd_mrKXNBFvF,xU1t3YwBSd_mrKXNBFvF,2024-01-06 04:18:05.766000+00:00,004, ,, , 
net_zk1t3YwBSd_mrKXNBVth,zk1t3YwBSd_mrKXNBVth,2024-01-06 04:18:05.845000+00:00,004, ,, , 
net_0E1t3YwBSd_mrKXNBVth,0E1t3YwBSd_mrKXNBVth,2024-01-06 04:18:05.870000+00:00,004, ,, , 
net_1k1t3YwBSd_mrKXNBVth,1k1t3YwBSd_mrKXNBVth,2024-01-06 04:18:05.985000+00:00,004, ,, , 
net_101t3YwBSd_mrKXNBVth,101t3YwBSd_mrKXNBVth,2024-01-06 04:18:05.990000+00:00,004, ,, , 
net_2E1t3YwBSd_mrKXNBVth,2E1t3YwBSd_mrKXNBVth,2024-01-06 04:18:05.994000+00:00,004, ,, , 
net_3E1t3YwBSd_mrKXNBVth,3E1t3YwBSd_mrKXNBVth,2024-01-06 04:18:06.046000+00:00,004, ,, , 
net_3U1t3YwBSd_mrKXNBVth,3U1t3YwBSd_mrKXNBVth,2024-01-06 04:18:06.074000+00:00,004, ,, , 
net_4E1t3YwBSd_mrKXNBVth,4E1t3YwBSd_mrKXNBVth,2024-01-06 04:18:09.166000+00:00,004, ,, , 
net_401t3YwBSd_mrKXNBVth,401t3YwBSd_mrKXNBVth,2024-01-06 04:18:09.215000+00:00,004, ,, , 
net_6k1t3YwBSd_mrKXNBVth,6k1t3YwBSd_mrKXNBVth,2024-01-06 04:18:09.244000+00:00,004, ,, , 
net_7U1t3YwBSd_mrKXNBVth,7U1t3YwBSd_mrKXNBVth,2024-01-06 04:18:09.264000+00:00,004, ,, , 
net_8U1t3YwBSd_mrKXNBVth,8U1t3YwBSd_mrKXNBVth,2024-01-06 04:18:09.264000+00:00,004, ,, , 
net_8k1t3YwBSd_mrKXNBVth,8k1t3YwBSd_mrKXNBVth,2024-01-06 04:18:09.271000+00:00,004, ,, , 
net_9U1t3YwBSd_mrKXNBVth,9U1t3YwBSd_mrKXNBVth,2024-01-06 04:18:09.276000+00:00,004, ,, , 
net_'-E1t3YwBSd_mrKXNBVth,'-E1t3YwBSd_mrKXNBVth,2024-01-06 04:18:09.294000+00:00,004, ,, , 
net_'-U1t3YwBSd_mrKXNBVv5,'-U1t3YwBSd_mrKXNBVv5,2024-01-06 04:18:11.155000+00:00,004, ,, , 
net_'-k1t3YwBSd_mrKXNBVv5,'-k1t3YwBSd_mrKXNBVv5,2024-01-06 04:18:11.158000+00:00,004, ,, , 
net__E1t3YwBSd_mrKXNBVv5,_E1t3YwBSd_mrKXNBVv5,2024-01-06 04:18:11.174000+00:00,004, ,, , 
net__U1t3YwBSd_mrKXNBVv5,_U1t3YwBSd_mrKXNBVv5,2024-01-06 04:18:11.179000+00:00,004, ,, , 
net_A01t3YwBSd_mrKXNBVz5,A01t3YwBSd_mrKXNBVz5,2024-01-06 04:18:11.202000+00:00,004, ,, , 
net_BU1t3YwBSd_mrKXNBVz5,BU1t3YwBSd_mrKXNBVz5,2024-01-06 04:18:11.212000+00:00,004, ,, , 
net_C01t3YwBSd_mrKXNBVz5,C01t3YwBSd_mrKXNBVz5,2024-01-06 04:18:11.252000+00:00,004, ,, , 
net_DE1t3YwBSd_mrKXNBVz5,DE1t3YwBSd_mrKXNBVz5,2024-01-06 04:18:11.256000+00:00,004, ,, , 
net_D01t3YwBSd_mrKXNBVz5,D01t3YwBSd_mrKXNBVz5,2024-01-06 04:18:11.269000+00:00,004, ,, , 
net_EE1t3YwBSd_mrKXNBVz5,EE1t3YwBSd_mrKXNBVz5,2024-01-06 04:18:11.280000+00:00,004, ,, , 
net_EU1t3YwBSd_mrKXNBVz5,EU1t3YwBSd_mrKXNBVz5,2024-01-06 04:18:11.286000+00:00,004, ,, , 
net_FE1t3YwBSd_mrKXNBVz5,FE1t3YwBSd_mrKXNBVz5,2024-01-06 04:18:11.290000+00:00,004, ,, , 
net_FU1t3YwBSd_mrKXNBVz5,FU1t3YwBSd_mrKXNBVz5,2024-01-06 04:18:11.299000+00:00,004, ,, , 
net_Fk1t3YwBSd_mrKXNBVz5,Fk1t3YwBSd_mrKXNBVz5,2024-01-06 04:18:11.302000+00:00,004, ,, , 
net_F01t3YwBSd_mrKXNBVz5,F01t3YwBSd_mrKXNBVz5,2024-01-06 04:18:11.307000+00:00,004, ,, , 
net_GE1t3YwBSd_mrKXNBVz5,GE1t3YwBSd_mrKXNBVz5,2024-01-06 04:18:11.309000+00:00,004, ,, , 
net_G01t3YwBSd_mrKXNBVz5,G01t3YwBSd_mrKXNBVz5,2024-01-06 04:18:11.316000+00:00,004, ,, , 
net_Hk1t3YwBSd_mrKXNBVz5,Hk1t3YwBSd_mrKXNBVz5,2024-01-06 04:18:11.338000+00:00,004, ,, , 
net_IU1t3YwBSd_mrKXNBVz5,IU1t3YwBSd_mrKXNBVz5,2024-01-06 04:18:11.347000+00:00,004, ,, , 
net_Jk1t3YwBSd_mrKXNBVz5,Jk1t3YwBSd_mrKXNBVz5,2024-01-06 04:18:11.365000+00:00,004, ,, , 
net_J01t3YwBSd_mrKXNBVz5,J01t3YwBSd_mrKXNBVz5,2024-01-06 04:18:11.369000+00:00,004, ,, , 
net_KU1t3YwBSd_mrKXNBVz6,KU1t3YwBSd_mrKXNBVz6,2024-01-06 04:18:11.378000+00:00,004, ,, , 
net_LE1t3YwBSd_mrKXNBlyM,LE1t3YwBSd_mrKXNBlyM,2024-01-06 04:18:13.193000+00:00,004, ,, , 
net_Lk1t3YwBSd_mrKXNBlyM,Lk1t3YwBSd_mrKXNBlyM,2024-01-06 04:18:13.199000+00:00,004, ,, , 
net_ME1t3YwBSd_mrKXNBlyN,ME1t3YwBSd_mrKXNBlyN,2024-01-06 04:18:13.209000+00:00,004, ,, , 
net_MU1t3YwBSd_mrKXNBlyN,MU1t3YwBSd_mrKXNBlyN,2024-01-06 04:18:13.247000+00:00,004, ,, , 
net_NU1t3YwBSd_mrKXNBlyN,NU1t3YwBSd_mrKXNBlyN,2024-01-06 04:18:13.267000+00:00,004, ,, , 
net_O01t3YwBSd_mrKXNBlyN,O01t3YwBSd_mrKXNBlyN,2024-01-06 04:18:13.404000+00:00,004, ,, , 
net_PU1t3YwBSd_mrKXNBlyN,PU1t3YwBSd_mrKXNBlyN,2024-01-06 04:18:13.422000+00:00,004, ,, , 
net_P01t3YwBSd_mrKXNBlyN,P01t3YwBSd_mrKXNBlyN,2024-01-06 04:18:13.656000+00:00,004, ,, , 
net_QE1t3YwBSd_mrKXNBlyN,QE1t3YwBSd_mrKXNBlyN,2024-01-06 04:18:13.657000+00:00,004, ,, , 
net_Qk1t3YwBSd_mrKXNBlyN,Qk1t3YwBSd_mrKXNBlyN,2024-01-06 04:18:13.735000+00:00,004, ,, , 
net_SE1t3YwBSd_mrKXNBlyN,SE1t3YwBSd_mrKXNBlyN,2024-01-06 04:18:13.982000+00:00,004, ,, , 
net_TE1t3YwBSd_mrKXNBlyN,TE1t3YwBSd_mrKXNBlyN,2024-01-06 04:18:14.205000+00:00,004, ,, , 
net_TU1t3YwBSd_mrKXNBlyN,TU1t3YwBSd_mrKXNBlyN,2024-01-06 04:18:14.204000+00:00,004, ,, , 
net_UE1t3YwBSd_mrKXNBlyN,UE1t3YwBSd_mrKXNBlyN,2024-01-06 04:18:14.251000+00:00,004, ,, , 
net_UU1t3YwBSd_mrKXNBlyN,UU1t3YwBSd_mrKXNBlyN,2024-01-06 04:18:14.252000+00:00,004, ,, , 
net_Uk1t3YwBSd_mrKXNBlyN,Uk1t3YwBSd_mrKXNBlyN,2024-01-06 04:18:14.250000+00:00,004, ,, , 
net_U01t3YwBSd_mrKXNBlyN,U01t3YwBSd_mrKXNBlyN,2024-01-06 04:18:14.316000+00:00,004, ,, , 
net_VE1t3YwBSd_mrKXNBlyN,VE1t3YwBSd_mrKXNBlyN,2024-01-06 04:18:14.316000+00:00,004, ,, , 
net_XE1t3YwBSd_mrKXNBlyN,XE1t3YwBSd_mrKXNBlyN,2024-01-06 04:18:15.242000+00:00,004, ,, , 
net_Xk1t3YwBSd_mrKXNB1xW,Xk1t3YwBSd_mrKXNB1xW,2024-01-06 04:18:15.255000+00:00,004, ,, , 
net_ZU1t3YwBSd_mrKXNB1xW,ZU1t3YwBSd_mrKXNB1xW,2024-01-06 04:18:17.187000+00:00,004, ,, , 
net_bE1t3YwBSd_mrKXNB1xW,bE1t3YwBSd_mrKXNB1xW,2024-01-06 04:18:17.208000+00:00,004, ,, , 
net_cE1t3YwBSd_mrKXNB1xW,cE1t3YwBSd_mrKXNB1xW,2024-01-06 04:18:17.232000+00:00,004, ,, , 
net_dE1t3YwBSd_mrKXNB1xW,dE1t3YwBSd_mrKXNB1xW,2024-01-06 04:18:17.241000+00:00,004, ,, , 
net_dU1t3YwBSd_mrKXNB1xW,dU1t3YwBSd_mrKXNB1xW,2024-01-06 04:18:17.244000+00:00,004, ,, , 
net_e01t3YwBSd_mrKXNB1xW,e01t3YwBSd_mrKXNB1xW,2024-01-06 04:18:17.259000+00:00,004, ,, , 
net_gE1t3YwBSd_mrKXNB1xW,gE1t3YwBSd_mrKXNB1xW,2024-01-06 04:18:17.302000+00:00,004, ,, , 
net_gU1t3YwBSd_mrKXNB1xW,gU1t3YwBSd_mrKXNB1xW,2024-01-06 04:18:19.260000+00:00,004, ,, , 
net_gk1t3YwBSd_mrKXNB1xW,gk1t3YwBSd_mrKXNB1xW,2024-01-06 04:18:19.262000+00:00,004, ,, , 
net_hE1t3YwBSd_mrKXNB1xW,hE1t3YwBSd_mrKXNB1xW,2024-01-06 04:18:19.274000+00:00,004, ,, , 
net_hk1t3YwBSd_mrKXNB1xW,hk1t3YwBSd_mrKXNB1xW,2024-01-06 04:18:19.287000+00:00,004, ,, , 
net_iE1t3YwBSd_mrKXNB1xW,iE1t3YwBSd_mrKXNB1xW,2024-01-06 04:18:23.173000+00:00,004, ,, , 
net_i01t3YwBSd_mrKXNB1xW,i01t3YwBSd_mrKXNB1xW,2024-01-06 04:18:23.177000+00:00,004, ,, , 
net_kE1t3YwBSd_mrKXNB1zT,kE1t3YwBSd_mrKXNB1zT,2024-01-06 04:18:23.202000+00:00,004, ,, , 
net_kk1t3YwBSd_mrKXNB1zT,kk1t3YwBSd_mrKXNB1zT,2024-01-06 04:18:23.203000+00:00,004, ,, , 
net_k01t3YwBSd_mrKXNB1zT,k01t3YwBSd_mrKXNB1zT,2024-01-06 04:18:23.205000+00:00,004, ,, , 
net_lE1t3YwBSd_mrKXNB1zT,lE1t3YwBSd_mrKXNB1zT,2024-01-06 04:18:23.208000+00:00,004, ,, , 
net_lk1t3YwBSd_mrKXNB1zU,lk1t3YwBSd_mrKXNB1zU,2024-01-06 04:18:23.214000+00:00,004, ,, , 
net_mU1t3YwBSd_mrKXNB1zU,mU1t3YwBSd_mrKXNB1zU,2024-01-06 04:18:23.223000+00:00,004, ,, , 
net_m01t3YwBSd_mrKXNB1zU,m01t3YwBSd_mrKXNB1zU,2024-01-06 04:18:23.227000+00:00,004, ,, , 
net_nU1t3YwBSd_mrKXNB1zU,nU1t3YwBSd_mrKXNB1zU,2024-01-06 04:18:23.233000+00:00,004, ,, , 
net_oE1t3YwBSd_mrKXNB1zU,oE1t3YwBSd_mrKXNB1zU,2024-01-06 04:18:23.248000+00:00,004, ,, , 
net_ok1t3YwBSd_mrKXNB1zU,ok1t3YwBSd_mrKXNB1zU,2024-01-06 04:18:23.254000+00:00,004, ,, , 
net_pU1t3YwBSd_mrKXNB1zU,pU1t3YwBSd_mrKXNB1zU,2024-01-06 04:18:23.261000+00:00,004, ,, , 
net_qU1t3YwBSd_mrKXNB1zU,qU1t3YwBSd_mrKXNB1zU,2024-01-06 04:18:23.272000+00:00,004, ,, , 
net_q01t3YwBSd_mrKXNB1zU,q01t3YwBSd_mrKXNB1zU,2024-01-06 04:18:23.280000+00:00,004, ,, , 
net_sE1t3YwBSd_mrKXNB1zU,sE1t3YwBSd_mrKXNB1zU,2024-01-06 04:18:23.288000+00:00,004, ,, , 
net_sk1t3YwBSd_mrKXNB1zU,sk1t3YwBSd_mrKXNB1zU,2024-01-06 04:18:23.293000+00:00,004, ,, , 
net_uk1t3YwBSd_mrKXNB1zU,uk1t3YwBSd_mrKXNB1zU,2024-01-06 04:18:23.311000+00:00,004, ,, , 
net_vU1t3YwBSd_mrKXNB1zU,vU1t3YwBSd_mrKXNB1zU,2024-01-06 04:18:23.317000+00:00,004, ,, , 
net_w01t3YwBSd_mrKXNCFxZ,w01t3YwBSd_mrKXNCFxZ,2024-01-06 04:18:27.185000+00:00,004, ,, , 
net_xE1t3YwBSd_mrKXNCFxZ,xE1t3YwBSd_mrKXNCFxZ,2024-01-06 04:18:27.187000+00:00,004, ,, , 
net_xU1t3YwBSd_mrKXNCFxZ,xU1t3YwBSd_mrKXNCFxZ,2024-01-06 04:18:27.190000+00:00,004, ,, , 
net_yk1t3YwBSd_mrKXNCFxZ,yk1t3YwBSd_mrKXNCFxZ,2024-01-06 04:18:27.216000+00:00,004, ,, , 
net_101t3YwBSd_mrKXNCFxZ,101t3YwBSd_mrKXNCFxZ,2024-01-06 04:18:36.891000+00:00,004, ,, , 
net_2k1t3YwBSd_mrKXNCFxZ,2k1t3YwBSd_mrKXNCFxZ,2024-01-06 06:03:39.030000+00:00,000, ,, , 
net_201t3YwBSd_mrKXNCFxZ,201t3YwBSd_mrKXNCFxZ,2024-01-06 06:03:40.727000+00:00,004, ,, , 
net_3E1t3YwBSd_mrKXNCFxZ,3E1t3YwBSd_mrKXNCFxZ,2024-01-06 06:03:40.787000+00:00,004, ,, , 
net_401t3YwBSd_mrKXNCFxZ,401t3YwBSd_mrKXNCFxZ,2024-01-06 06:03:42.635000+00:00,004, ,, , 
net_5k1t3YwBSd_mrKXNCFxZ,5k1t3YwBSd_mrKXNCFxZ,2024-01-06 06:03:42.645000+00:00,004, ,, , 
net_6E1t3YwBSd_mrKXNCFxZ,6E1t3YwBSd_mrKXNCFxZ,2024-01-06 06:03:42.652000+00:00,004, ,, , 
net_601t3YwBSd_mrKXNCFxZ,601t3YwBSd_mrKXNCFxZ,2024-01-06 06:03:42.663000+00:00,004, ,, , 
net_9k1t3YwBSd_mrKXNCFzh,9k1t3YwBSd_mrKXNCFzh,2024-01-06 06:03:42.702000+00:00,004, ,, , 
net_'-U1t3YwBSd_mrKXNCFzh,'-U1t3YwBSd_mrKXNCFzh,2024-01-06 06:03:42.711000+00:00,004, ,, , 
net__E1t3YwBSd_mrKXNCFzh,_E1t3YwBSd_mrKXNCFzh,2024-01-06 06:03:42.717000+00:00,004, ,, , 
net__k1t3YwBSd_mrKXNCFzh,_k1t3YwBSd_mrKXNCFzh,2024-01-06 06:03:42.722000+00:00,004, ,, , 
net_BU1t3YwBSd_mrKXNCF3h,BU1t3YwBSd_mrKXNCF3h,2024-01-06 06:03:42.736000+00:00,004, ,, , 
net_CU1t3YwBSd_mrKXNCF3h,CU1t3YwBSd_mrKXNCF3h,2024-01-06 06:03:42.745000+00:00,004, ,, , 
net_D01t3YwBSd_mrKXNCF3h,D01t3YwBSd_mrKXNCF3h,2024-01-06 06:03:42.758000+00:00,004, ,, , 
net_Ek1t3YwBSd_mrKXNCF3h,Ek1t3YwBSd_mrKXNCF3h,2024-01-06 06:03:42.764000+00:00,004, ,, , 
net_F01t3YwBSd_mrKXNCF3h,F01t3YwBSd_mrKXNCF3h,2024-01-06 06:03:42.775000+00:00,004, ,, , 
net_GU1t3YwBSd_mrKXNCF3h,GU1t3YwBSd_mrKXNCF3h,2024-01-06 06:03:42.779000+00:00,004, ,, , 
net_Gk1t3YwBSd_mrKXNCF3h,Gk1t3YwBSd_mrKXNCF3h,2024-01-06 06:03:42.782000+00:00,004, ,, , 
net_G01t3YwBSd_mrKXNCF3h,G01t3YwBSd_mrKXNCF3h,2024-01-06 06:03:42.783000+00:00,004, ,, , 
net_Hk1t3YwBSd_mrKXNCF3h,Hk1t3YwBSd_mrKXNCF3h,2024-01-06 06:03:42.790000+00:00,004, ,, , 
net_H01t3YwBSd_mrKXNCF3h,H01t3YwBSd_mrKXNCF3h,2024-01-06 06:03:42.792000+00:00,004, ,, , 
net_JE1t3YwBSd_mrKXNCV1n,JE1t3YwBSd_mrKXNCV1n,2024-01-06 06:03:42.805000+00:00,004, ,, , 
net_JU1t3YwBSd_mrKXNCV1n,JU1t3YwBSd_mrKXNCV1n,2024-01-06 06:03:42.805000+00:00,004, ,, , 
net_Jk1t3YwBSd_mrKXNCV1n,Jk1t3YwBSd_mrKXNCV1n,2024-01-06 06:03:42.808000+00:00,004, ,, , 
net_Kk1t3YwBSd_mrKXNCV1n,Kk1t3YwBSd_mrKXNCV1n,2024-01-06 06:03:42.819000+00:00,004, ,, , 
net_LU1t3YwBSd_mrKXNCV1n,LU1t3YwBSd_mrKXNCV1n,2024-01-06 06:03:42.826000+00:00,004, ,, , 
net_L01t3YwBSd_mrKXNCV1n,L01t3YwBSd_mrKXNCV1n,2024-01-06 06:03:42.830000+00:00,004, ,, , 
net_ME1t3YwBSd_mrKXNCV1n,ME1t3YwBSd_mrKXNCV1n,2024-01-06 06:03:42.836000+00:00,004, ,, , 
net_MU1t3YwBSd_mrKXNCV1n,MU1t3YwBSd_mrKXNCV1n,2024-01-06 06:03:42.836000+00:00,004, ,, , 
net_Mk1t3YwBSd_mrKXNCV1n,Mk1t3YwBSd_mrKXNCV1n,2024-01-06 06:03:42.838000+00:00,004, ,, , 
net_NE1t3YwBSd_mrKXNCV1n,NE1t3YwBSd_mrKXNCV1n,2024-01-06 06:03:42.840000+00:00,004, ,, , 
net_OU1t3YwBSd_mrKXNCV1n,OU1t3YwBSd_mrKXNCV1n,2024-01-06 06:03:42.857000+00:00,004, ,, , 
net_Pk1t3YwBSd_mrKXNCV1n,Pk1t3YwBSd_mrKXNCV1n,2024-01-06 06:03:42.866000+00:00,004, ,, , 
net_Q01t3YwBSd_mrKXNCV1n,Q01t3YwBSd_mrKXNCV1n,2024-01-06 06:03:42.878000+00:00,004, ,, , 
net_Sk1t3YwBSd_mrKXNCV1n,Sk1t3YwBSd_mrKXNCV1n,2024-01-06 06:03:42.898000+00:00,004, ,, , 
net_S01t3YwBSd_mrKXNCV1n,S01t3YwBSd_mrKXNCV1n,2024-01-06 06:03:42.898000+00:00,004, ,, , 
net_TE1t3YwBSd_mrKXNCV1n,TE1t3YwBSd_mrKXNCV1n,2024-01-06 06:03:42.898000+00:00,004, ,, , 
net_TU1t3YwBSd_mrKXNCV1n,TU1t3YwBSd_mrKXNCV1n,2024-01-06 06:03:42.903000+00:00,004, ,, , 
net_Uk1t3YwBSd_mrKXNCV1n,Uk1t3YwBSd_mrKXNCV1n,2024-01-06 06:03:42.914000+00:00,004, ,, , 
net_U01t3YwBSd_mrKXNCV1n,U01t3YwBSd_mrKXNCV1n,2024-01-06 06:03:42.916000+00:00,004, ,, , 
net_Vk1t3YwBSd_mrKXNCV30,Vk1t3YwBSd_mrKXNCV30,2024-01-06 06:03:42.938000+00:00,004, ,, , 
net_WE1t3YwBSd_mrKXNCV30,WE1t3YwBSd_mrKXNCV30,2024-01-06 06:03:42.942000+00:00,004, ,, , 
net_WU1t3YwBSd_mrKXNCV30,WU1t3YwBSd_mrKXNCV30,2024-01-06 06:03:42.942000+00:00,004, ,, , 
net_Wk1t3YwBSd_mrKXNCV30,Wk1t3YwBSd_mrKXNCV30,2024-01-06 06:03:42.945000+00:00,004, ,, , 
net_W01t3YwBSd_mrKXNCV30,W01t3YwBSd_mrKXNCV30,2024-01-06 06:03:42.950000+00:00,004, ,, , 
net_X01t3YwBSd_mrKXNCV30,X01t3YwBSd_mrKXNCV30,2024-01-06 06:03:42.959000+00:00,004, ,, , 
net_Yk1t3YwBSd_mrKXNCV30,Yk1t3YwBSd_mrKXNCV30,2024-01-06 06:03:42.974000+00:00,004, ,, , 
net_Zk1t3YwBSd_mrKXNCV30,Zk1t3YwBSd_mrKXNCV30,2024-01-06 06:03:42.979000+00:00,004, ,, , 
net_aE1t3YwBSd_mrKXNCV30,aE1t3YwBSd_mrKXNCV30,2024-01-06 06:03:43.045000+00:00,004, ,, , 
net_a01t3YwBSd_mrKXNCV30,a01t3YwBSd_mrKXNCV30,2024-01-06 06:03:43.052000+00:00,004, ,, , 
net_bk1t3YwBSd_mrKXNCV30,bk1t3YwBSd_mrKXNCV30,2024-01-06 06:03:43.063000+00:00,004, ,, , 
net_ck1t3YwBSd_mrKXNCV30,ck1t3YwBSd_mrKXNCV30,2024-01-06 06:03:43.068000+00:00,004, ,, , 
net_c01t3YwBSd_mrKXNCV30,c01t3YwBSd_mrKXNCV30,2024-01-06 06:03:43.072000+00:00,004, ,, , 
net_dU1t3YwBSd_mrKXNCV30,dU1t3YwBSd_mrKXNCV30,2024-01-06 06:03:43.082000+00:00,004, ,, , 
net_dk1t3YwBSd_mrKXNCV30,dk1t3YwBSd_mrKXNCV30,2024-01-06 06:03:43.082000+00:00,004, ,, , 
net_eU1t3YwBSd_mrKXNCV30,eU1t3YwBSd_mrKXNCV30,2024-01-06 06:03:43.084000+00:00,004, ,, , 
net_e01t3YwBSd_mrKXNCV30,e01t3YwBSd_mrKXNCV30,2024-01-06 06:03:43.097000+00:00,004, ,, , 
net_gk1t3YwBSd_mrKXNCV30,gk1t3YwBSd_mrKXNCV30,2024-01-06 06:03:43.113000+00:00,004, ,, , 
net_hk1t3YwBSd_mrKXNCV30,hk1t3YwBSd_mrKXNCV30,2024-01-06 06:03:43.123000+00:00,004, ,, , 
net_h01t3YwBSd_mrKXNCV30,h01t3YwBSd_mrKXNCV30,2024-01-06 06:03:43.124000+00:00,004, ,, , 
net_jE1t3YwBSd_mrKXNCl1x,jE1t3YwBSd_mrKXNCl1x,2024-01-06 06:03:43.134000+00:00,004, ,, , 
net_kE1t3YwBSd_mrKXNCl1x,kE1t3YwBSd_mrKXNCl1x,2024-01-06 06:03:43.143000+00:00,004, ,, , 
net_k01t3YwBSd_mrKXNCl1x,k01t3YwBSd_mrKXNCl1x,2024-01-06 06:03:43.150000+00:00,004, ,, , 
net_lE1t3YwBSd_mrKXNCl1x,lE1t3YwBSd_mrKXNCl1x,2024-01-06 06:03:43.153000+00:00,004, ,, , 
net_lk1t3YwBSd_mrKXNCl1x,lk1t3YwBSd_mrKXNCl1x,2024-01-06 06:03:43.156000+00:00,004, ,, , 
net_mU1t3YwBSd_mrKXNCl1x,mU1t3YwBSd_mrKXNCl1x,2024-01-06 06:03:43.171000+00:00,004, ,, , 
net_nU1t3YwBSd_mrKXNCl1y,nU1t3YwBSd_mrKXNCl1y,2024-01-06 06:03:43.182000+00:00,004, ,, , 
net_p01t3YwBSd_mrKXNCl1y,p01t3YwBSd_mrKXNCl1y,2024-01-06 06:03:43.205000+00:00,004, ,, , 
net_sE1t3YwBSd_mrKXNCl1y,sE1t3YwBSd_mrKXNCl1y,2024-01-06 06:03:43.229000+00:00,004, ,, , 
net_tU1t3YwBSd_mrKXNCl1y,tU1t3YwBSd_mrKXNCl1y,2024-01-06 06:03:43.237000+00:00,004, ,, , 
net_tk1t3YwBSd_mrKXNCl1y,tk1t3YwBSd_mrKXNCl1y,2024-01-06 06:03:43.252000+00:00,004, ,, , 
net_uE1t3YwBSd_mrKXNCl1y,uE1t3YwBSd_mrKXNCl1y,2024-01-06 06:03:43.252000+00:00,004, ,, , 
net_uU1t3YwBSd_mrKXNCl1y,uU1t3YwBSd_mrKXNCl1y,2024-01-06 06:03:43.255000+00:00,004, ,, , 
net_uk1t3YwBSd_mrKXNCl3r,uk1t3YwBSd_mrKXNCl3r,2024-01-06 06:03:43.255000+00:00,004, ,, , 
net_u01t3YwBSd_mrKXNCl3r,u01t3YwBSd_mrKXNCl3r,2024-01-06 06:03:43.263000+00:00,004, ,, , 
net_wE1t3YwBSd_mrKXNCl3r,wE1t3YwBSd_mrKXNCl3r,2024-01-06 06:03:43.281000+00:00,004, ,, , 
net_wU1t3YwBSd_mrKXNCl3r,wU1t3YwBSd_mrKXNCl3r,2024-01-06 06:03:43.290000+00:00,004, ,, , 
net_xE1t3YwBSd_mrKXNCl3r,xE1t3YwBSd_mrKXNCl3r,2024-01-06 06:03:43.302000+00:00,004, ,, , 
net_xU1t3YwBSd_mrKXNCl3r,xU1t3YwBSd_mrKXNCl3r,2024-01-06 06:03:43.304000+00:00,004, ,, , 
net_x01t3YwBSd_mrKXNCl3r,x01t3YwBSd_mrKXNCl3r,2024-01-06 06:03:43.310000+00:00,004, ,, , 
net_yE1t3YwBSd_mrKXNCl3r,yE1t3YwBSd_mrKXNCl3r,2024-01-06 06:03:43.315000+00:00,004, ,, , 
net_zk1t3YwBSd_mrKXNCl3r,zk1t3YwBSd_mrKXNCl3r,2024-01-06 06:03:43.332000+00:00,004, ,, , 
net_z01t3YwBSd_mrKXNCl3r,z01t3YwBSd_mrKXNCl3r,2024-01-06 06:03:43.333000+00:00,004, ,, , 
net_0E1t3YwBSd_mrKXNCl3r,0E1t3YwBSd_mrKXNCl3r,2024-01-06 06:03:43.334000+00:00,004, ,, , 
net_1k1t3YwBSd_mrKXNCl3r,1k1t3YwBSd_mrKXNCl3r,2024-01-06 06:03:43.394000+00:00,004, ,, , 
net_2U1t3YwBSd_mrKXNCl3r,2U1t3YwBSd_mrKXNCl3r,2024-01-06 06:03:43.400000+00:00,004, ,, , 
net_3E1t3YwBSd_mrKXNCl3r,3E1t3YwBSd_mrKXNCl3r,2024-01-06 06:03:43.407000+00:00,004, ,, , 
net_301t3YwBSd_mrKXNCl3r,301t3YwBSd_mrKXNCl3r,2024-01-06 06:03:43.413000+00:00,004, ,, , 
net_4E1t3YwBSd_mrKXNCl3r,4E1t3YwBSd_mrKXNCl3r,2024-01-06 06:03:43.415000+00:00,004, ,, , 
net_6k1t3YwBSd_mrKXNCl3r,6k1t3YwBSd_mrKXNCl3r,2024-01-06 06:03:43.436000+00:00,004, ,, , 
net_7U1t3YwBSd_mrKXNC12V,7U1t3YwBSd_mrKXNC12V,2024-01-06 06:03:43.443000+00:00,004, ,, , 
net_8E1t3YwBSd_mrKXNC12V,8E1t3YwBSd_mrKXNC12V,2024-01-06 06:03:43.452000+00:00,004, ,, , 
net_8U1t3YwBSd_mrKXNC12V,8U1t3YwBSd_mrKXNC12V,2024-01-06 06:03:43.454000+00:00,004, ,, , 
net_8k1t3YwBSd_mrKXNC12V,8k1t3YwBSd_mrKXNC12V,2024-01-06 06:03:43.456000+00:00,004, ,, , 
net_801t3YwBSd_mrKXNC12V,801t3YwBSd_mrKXNC12V,2024-01-06 06:03:43.462000+00:00,004, ,, , 
net_9U1t3YwBSd_mrKXNC12V,9U1t3YwBSd_mrKXNC12V,2024-01-06 06:03:43.468000+00:00,004, ,, , 
net_901t3YwBSd_mrKXNC12V,901t3YwBSd_mrKXNC12V,2024-01-06 06:03:43.476000+00:00,004, ,, , 
net_'-E1t3YwBSd_mrKXNC12V,'-E1t3YwBSd_mrKXNC12V,2024-01-06 06:03:43.478000+00:00,004, ,, , 
net_'-k1t3YwBSd_mrKXNC12V,'-k1t3YwBSd_mrKXNC12V,2024-01-06 06:03:43.483000+00:00,004, ,, , 
net__U1t3YwBSd_mrKXNC12V,_U1t3YwBSd_mrKXNC12V,2024-01-06 06:03:43.490000+00:00,004, ,, , 
net__k1t3YwBSd_mrKXNC12V,_k1t3YwBSd_mrKXNC12V,2024-01-06 06:03:43.491000+00:00,004, ,, , 
net__01t3YwBSd_mrKXNC12V,_01t3YwBSd_mrKXNC12V,2024-01-06 06:03:43.494000+00:00,004, ,, , 
net_AE1t3YwBSd_mrKXNC16V,AE1t3YwBSd_mrKXNC16V,2024-01-06 06:03:43.495000+00:00,004, ,, , 
net_AU1t3YwBSd_mrKXNC16V,AU1t3YwBSd_mrKXNC16V,2024-01-06 06:03:43.497000+00:00,004, ,, , 
net_A01t3YwBSd_mrKXNC16V,A01t3YwBSd_mrKXNC16V,2024-01-06 06:03:43.502000+00:00,004, ,, , 
net_C01t3YwBSd_mrKXNC16V,C01t3YwBSd_mrKXNC16V,2024-01-06 06:03:43.523000+00:00,004, ,, , 
net_EE1t3YwBSd_mrKXNC16V,EE1t3YwBSd_mrKXNC16V,2024-01-06 06:03:43.533000+00:00,004, ,, , 
net_Ek1t3YwBSd_mrKXNC16V,Ek1t3YwBSd_mrKXNC16V,2024-01-06 06:03:43.538000+00:00,004, ,, , 
net_E01t3YwBSd_mrKXNC16V,E01t3YwBSd_mrKXNC16V,2024-01-06 06:03:43.540000+00:00,004, ,, , 
net_FE1t3YwBSd_mrKXNC16V,FE1t3YwBSd_mrKXNC16V,2024-01-06 06:03:43.542000+00:00,004, ,, , 
net_GU1t3YwBSd_mrKXNC16V,GU1t3YwBSd_mrKXNC16V,2024-01-06 06:03:43.553000+00:00,004, ,, , 
net_G01t3YwBSd_mrKXNC16V,G01t3YwBSd_mrKXNC16V,2024-01-06 06:03:43.557000+00:00,004, ,, , 
net_HU1t3YwBSd_mrKXNC16V,HU1t3YwBSd_mrKXNC16V,2024-01-06 06:03:43.561000+00:00,004, ,, , 
net_H01t3YwBSd_mrKXNDF4x,H01t3YwBSd_mrKXNDF4x,2024-01-06 06:03:43.570000+00:00,004, ,, , 
net_JE1t3YwBSd_mrKXNDF4x,JE1t3YwBSd_mrKXNDF4x,2024-01-06 06:03:43.582000+00:00,004, ,, , 
net_Jk1t3YwBSd_mrKXNDF4x,Jk1t3YwBSd_mrKXNDF4x,2024-01-06 06:03:43.587000+00:00,004, ,, , 
net_KU1t3YwBSd_mrKXNDF4x,KU1t3YwBSd_mrKXNDF4x,2024-01-06 06:03:43.602000+00:00,004, ,, , 
net_MU1t3YwBSd_mrKXNDF4x,MU1t3YwBSd_mrKXNDF4x,2024-01-06 06:03:43.619000+00:00,004, ,, , 
net_M01t3YwBSd_mrKXNDF4x,M01t3YwBSd_mrKXNDF4x,2024-01-06 06:03:43.623000+00:00,004, ,, , 
net_NU1t3YwBSd_mrKXNDF4x,NU1t3YwBSd_mrKXNDF4x,2024-01-06 06:03:43.627000+00:00,004, ,, , 
net_O01t3YwBSd_mrKXNDF4x,O01t3YwBSd_mrKXNDF4x,2024-01-06 06:03:43.645000+00:00,004, ,, , 
net_Pk1t3YwBSd_mrKXNDF4x,Pk1t3YwBSd_mrKXNDF4x,2024-01-06 06:03:43.651000+00:00,004, ,, , 
net_QE1t3YwBSd_mrKXNDF4x,QE1t3YwBSd_mrKXNDF4x,2024-01-06 06:03:43.655000+00:00,004, ,, , 
net_Qk1t3YwBSd_mrKXNDF4x,Qk1t3YwBSd_mrKXNDF4x,2024-01-06 06:03:43.659000+00:00,004, ,, , 
net_Q01t3YwBSd_mrKXNDF4x,Q01t3YwBSd_mrKXNDF4x,2024-01-06 06:03:43.662000+00:00,004, ,, , 
net_RU1t3YwBSd_mrKXNDF4x,RU1t3YwBSd_mrKXNDF4x,2024-01-06 06:03:43.666000+00:00,004, ,, , 
net_R01t3YwBSd_mrKXNDF4x,R01t3YwBSd_mrKXNDF4x,2024-01-06 06:03:43.670000+00:00,004, ,, , 
net_S01t3YwBSd_mrKXNDF4x,S01t3YwBSd_mrKXNDF4x,2024-01-06 06:03:43.681000+00:00,004, ,, , 
net_TE1t3YwBSd_mrKXNDF4x,TE1t3YwBSd_mrKXNDF4x,2024-01-06 06:03:43.682000+00:00,004, ,, , 
net_TU1t3YwBSd_mrKXNDF4x,TU1t3YwBSd_mrKXNDF4x,2024-01-06 06:03:43.685000+00:00,004, ,, , 
net_Tk1t3YwBSd_mrKXNDF4y,Tk1t3YwBSd_mrKXNDF4y,2024-01-06 06:03:43.686000+00:00,004, ,, , 
net_WU1t3YwBSd_mrKXNDF7O,WU1t3YwBSd_mrKXNDF7O,2024-01-06 06:03:43.738000+00:00,004, ,, , 
net_W01t3YwBSd_mrKXNDF7O,W01t3YwBSd_mrKXNDF7O,2024-01-06 06:03:43.743000+00:00,004, ,, , 
net_YU1t3YwBSd_mrKXNDF7O,YU1t3YwBSd_mrKXNDF7O,2024-01-06 06:03:43.759000+00:00,004, ,, , 
net_Y01t3YwBSd_mrKXNDF7O,Y01t3YwBSd_mrKXNDF7O,2024-01-06 06:03:43.763000+00:00,004, ,, , 
net_ZE1t3YwBSd_mrKXNDF7O,ZE1t3YwBSd_mrKXNDF7O,2024-01-06 06:03:43.765000+00:00,004, ,, , 
net_dE1t3YwBSd_mrKXNDF7O,dE1t3YwBSd_mrKXNDF7O,2024-01-06 06:03:43.819000+00:00,004, ,, , 
net_d01t3YwBSd_mrKXNDF7O,d01t3YwBSd_mrKXNDF7O,2024-01-06 06:03:43.825000+00:00,004, ,, , 
net_fU1t3YwBSd_mrKXNDF7O,fU1t3YwBSd_mrKXNDF7O,2024-01-06 06:03:43.839000+00:00,004, ,, , 
net_fk1t3YwBSd_mrKXNDF7O,fk1t3YwBSd_mrKXNDF7O,2024-01-06 06:03:43.840000+00:00,004, ,, , 
net_f01t3YwBSd_mrKXNDF7O,f01t3YwBSd_mrKXNDF7O,2024-01-06 06:03:43.842000+00:00,004, ,, , 
net_hE1t3YwBSd_mrKXNDV5U,hE1t3YwBSd_mrKXNDV5U,2024-01-06 06:03:43.856000+00:00,004, ,, , 
net_iU1t3YwBSd_mrKXNDV5U,iU1t3YwBSd_mrKXNDV5U,2024-01-06 06:03:43.866000+00:00,004, ,, , 
net_ik1t3YwBSd_mrKXNDV5U,ik1t3YwBSd_mrKXNDV5U,2024-01-06 06:03:43.867000+00:00,004, ,, , 
net_jk1t3YwBSd_mrKXNDV5U,jk1t3YwBSd_mrKXNDV5U,2024-01-06 06:03:43.876000+00:00,004, ,, , 
net_kE1t3YwBSd_mrKXNDV5U,kE1t3YwBSd_mrKXNDV5U,2024-01-06 06:03:43.880000+00:00,004, ,, , 
net_kk1t3YwBSd_mrKXNDV5U,kk1t3YwBSd_mrKXNDV5U,2024-01-06 06:03:43.884000+00:00,004, ,, , 
net_lk1t3YwBSd_mrKXNDV5U,lk1t3YwBSd_mrKXNDV5U,2024-01-06 06:03:43.894000+00:00,004, ,, , 
net_l01t3YwBSd_mrKXNDV5U,l01t3YwBSd_mrKXNDV5U,2024-01-06 06:03:43.895000+00:00,004, ,, , 
net_mE1t3YwBSd_mrKXNDV5U,mE1t3YwBSd_mrKXNDV5U,2024-01-06 06:03:43.897000+00:00,004, ,, , 
net_mU1t3YwBSd_mrKXNDV5U,mU1t3YwBSd_mrKXNDV5U,2024-01-06 06:03:43.899000+00:00,004, ,, , 
net_nE1t3YwBSd_mrKXNDV5U,nE1t3YwBSd_mrKXNDV5U,2024-01-06 06:03:43.907000+00:00,004, ,, , 
net_nU1t3YwBSd_mrKXNDV5U,nU1t3YwBSd_mrKXNDV5U,2024-01-06 06:03:43.910000+00:00,004, ,, , 
net_oE1t3YwBSd_mrKXNDV5U,oE1t3YwBSd_mrKXNDV5U,2024-01-06 06:03:43.916000+00:00,004, ,, , 
net_oU1t3YwBSd_mrKXNDV5U,oU1t3YwBSd_mrKXNDV5U,2024-01-06 06:03:43.918000+00:00,004, ,, , 
net_pE1t3YwBSd_mrKXNDV5U,pE1t3YwBSd_mrKXNDV5U,2024-01-06 06:03:43.925000+00:00,004, ,, , 
net_pU1t3YwBSd_mrKXNDV5U,pU1t3YwBSd_mrKXNDV5U,2024-01-06 06:03:43.927000+00:00,004, ,, , 
net_sk1t3YwBSd_mrKXNDV5U,sk1t3YwBSd_mrKXNDV5U,2024-01-06 06:03:43.956000+00:00,004, ,, , 
net_t01t3YwBSd_mrKXNDl4W,t01t3YwBSd_mrKXNDl4W,2024-01-06 06:03:43.975000+00:00,004, ,, , 
net_vU1t3YwBSd_mrKXNDl4W,vU1t3YwBSd_mrKXNDl4W,2024-01-06 06:03:44.022000+00:00,004, ,, , 
net_wU1t3YwBSd_mrKXNDl4W,wU1t3YwBSd_mrKXNDl4W,2024-01-06 06:03:44.032000+00:00,004, ,, , 
net_wk1t3YwBSd_mrKXNDl4W,wk1t3YwBSd_mrKXNDl4W,2024-01-06 06:03:44.038000+00:00,004, ,, , 
net_w01t3YwBSd_mrKXNDl4W,w01t3YwBSd_mrKXNDl4W,2024-01-06 06:03:44.040000+00:00,004, ,, , 
net_xE1t3YwBSd_mrKXNDl4W,xE1t3YwBSd_mrKXNDl4W,2024-01-06 06:03:44.045000+00:00,004, ,, , 
net_xU1t3YwBSd_mrKXNDl4W,xU1t3YwBSd_mrKXNDl4W,2024-01-06 06:03:44.046000+00:00,004, ,, , 
net_xk1t3YwBSd_mrKXNDl4W,xk1t3YwBSd_mrKXNDl4W,2024-01-06 06:03:44.049000+00:00,004, ,, , 
net_y01t3YwBSd_mrKXNDl4W,y01t3YwBSd_mrKXNDl4W,2024-01-06 06:03:44.065000+00:00,004, ,, , 
net_zE1t3YwBSd_mrKXNDl4W,zE1t3YwBSd_mrKXNDl4W,2024-01-06 06:03:44.069000+00:00,004, ,, , 
net_zk1t3YwBSd_mrKXNDl4W,zk1t3YwBSd_mrKXNDl4W,2024-01-06 06:03:44.080000+00:00,004, ,, , 
net_101t3YwBSd_mrKXNDl4W,101t3YwBSd_mrKXNDl4W,2024-01-06 06:03:44.105000+00:00,004, ,, , 
net_2U1t3YwBSd_mrKXNDl4W,2U1t3YwBSd_mrKXNDl4W,2024-01-06 06:03:44.109000+00:00,004, ,, , 
net_2k1t3YwBSd_mrKXNDl4W,2k1t3YwBSd_mrKXNDl4W,2024-01-06 06:03:44.111000+00:00,004, ,, , 
net_3k1t3YwBSd_mrKXNDl4W,3k1t3YwBSd_mrKXNDl4W,2024-01-06 06:03:44.119000+00:00,004, ,, , 
net_4U1t3YwBSd_mrKXNDl4W,4U1t3YwBSd_mrKXNDl4W,2024-01-06 06:03:44.126000+00:00,004, ,, , 
net_4k1t3YwBSd_mrKXNDl4W,4k1t3YwBSd_mrKXNDl4W,2024-01-06 06:03:44.128000+00:00,004, ,, , 
net_7E1t3YwBSd_mrKXNDl6F,7E1t3YwBSd_mrKXNDl6F,2024-01-06 06:03:44.151000+00:00,004, ,, , 
net_7k1t3YwBSd_mrKXNDl6F,7k1t3YwBSd_mrKXNDl6F,2024-01-06 06:03:44.156000+00:00,004, ,, , 
net_8E1t3YwBSd_mrKXNDl6F,8E1t3YwBSd_mrKXNDl6F,2024-01-06 06:03:44.160000+00:00,004, ,, , 
net_9E1t3YwBSd_mrKXNDl6F,9E1t3YwBSd_mrKXNDl6F,2024-01-06 06:03:44.170000+00:00,004, ,, , 
net_'-k1t3YwBSd_mrKXNDl6F,'-k1t3YwBSd_mrKXNDl6F,2024-01-06 06:03:44.181000+00:00,004, ,, , 
net_C01t3YwBSd_mrKXNDl-F,C01t3YwBSd_mrKXNDl-F,2024-01-06 06:03:44.268000+00:00,004, ,, , 
net_D01t3YwBSd_mrKXNDl-F,D01t3YwBSd_mrKXNDl-F,2024-01-06 06:03:44.276000+00:00,004, ,, , 
net_EE1t3YwBSd_mrKXNDl-F,EE1t3YwBSd_mrKXNDl-F,2024-01-06 06:03:44.278000+00:00,004, ,, , 
net_Ek1t3YwBSd_mrKXNDl-F,Ek1t3YwBSd_mrKXNDl-F,2024-01-06 06:03:44.283000+00:00,004, ,, , 
net_E01t3YwBSd_mrKXNDl-F,E01t3YwBSd_mrKXNDl-F,2024-01-06 06:03:44.285000+00:00,004, ,, , 
net_FE1t3YwBSd_mrKXNDl-F,FE1t3YwBSd_mrKXNDl-F,2024-01-06 06:03:44.293000+00:00,004, ,, , 
net_FU1t3YwBSd_mrKXNDl-F,FU1t3YwBSd_mrKXNDl-F,2024-01-06 06:03:44.295000+00:00,004, ,, , 
net_F01t3YwBSd_mrKXNDl-F,F01t3YwBSd_mrKXNDl-F,2024-01-06 06:03:44.300000+00:00,004, ,, , 
net_G01t3YwBSd_mrKXND18j,G01t3YwBSd_mrKXND18j,2024-01-06 06:03:44.309000+00:00,004, ,, , 
net_HU1t3YwBSd_mrKXND18j,HU1t3YwBSd_mrKXND18j,2024-01-06 06:03:44.313000+00:00,004, ,, , 
net_IE1t3YwBSd_mrKXND18j,IE1t3YwBSd_mrKXND18j,2024-01-06 06:03:44.319000+00:00,004, ,, , 
net_IU1t3YwBSd_mrKXND18j,IU1t3YwBSd_mrKXND18j,2024-01-06 06:03:44.323000+00:00,004, ,, , 
net_JE1t3YwBSd_mrKXND18j,JE1t3YwBSd_mrKXND18j,2024-01-06 06:03:44.330000+00:00,004, ,, , 
net_J01t3YwBSd_mrKXND18j,J01t3YwBSd_mrKXND18j,2024-01-06 06:03:44.337000+00:00,004, ,, , 
net_KU1t3YwBSd_mrKXND18j,KU1t3YwBSd_mrKXND18j,2024-01-06 06:03:44.341000+00:00,004, ,, , 
net_LE1t3YwBSd_mrKXND18j,LE1t3YwBSd_mrKXND18j,2024-01-06 06:03:44.347000+00:00,004, ,, , 
net_M01t3YwBSd_mrKXND18k,M01t3YwBSd_mrKXND18k,2024-01-06 06:03:44.362000+00:00,004, ,, , 
net_N01t3YwBSd_mrKXND18k,N01t3YwBSd_mrKXND18k,2024-01-06 06:03:44.371000+00:00,004, ,, , 
net_O01t3YwBSd_mrKXND18k,O01t3YwBSd_mrKXND18k,2024-01-06 06:03:44.379000+00:00,004, ,, , 
net_Pk1t3YwBSd_mrKXND18k,Pk1t3YwBSd_mrKXND18k,2024-01-06 06:03:44.385000+00:00,004, ,, , 
net_P01t3YwBSd_mrKXND18k,P01t3YwBSd_mrKXND18k,2024-01-06 06:03:44.387000+00:00,004, ,, , 
net_QE1t3YwBSd_mrKXND18k,QE1t3YwBSd_mrKXND18k,2024-01-06 06:03:44.389000+00:00,004, ,, , 
net_QU1t3YwBSd_mrKXND18k,QU1t3YwBSd_mrKXND18k,2024-01-06 06:03:44.391000+00:00,004, ,, , 
net_RU1t3YwBSd_mrKXND18k,RU1t3YwBSd_mrKXND18k,2024-01-06 06:03:44.399000+00:00,004, ,, , 
net_R01t3YwBSd_mrKXND18k,R01t3YwBSd_mrKXND18k,2024-01-06 06:03:44.404000+00:00,004, ,, , 
net_SU1t3YwBSd_mrKXND18k,SU1t3YwBSd_mrKXND18k,2024-01-06 06:03:44.408000+00:00,004, ,, , 
net_S01t3YwBSd_mrKXND1-Q,S01t3YwBSd_mrKXND1-Q,2024-01-06 06:03:44.413000+00:00,004, ,, , 
net_TE1t3YwBSd_mrKXND1-Q,TE1t3YwBSd_mrKXND1-Q,2024-01-06 06:03:44.416000+00:00,004, ,, , 
net_T01t3YwBSd_mrKXND1-Q,T01t3YwBSd_mrKXND1-Q,2024-01-06 06:03:44.421000+00:00,004, ,, , 
net_UU1t3YwBSd_mrKXND1-Q,UU1t3YwBSd_mrKXND1-Q,2024-01-06 06:03:44.425000+00:00,004, ,, , 
net_Uk1t3YwBSd_mrKXND1-Q,Uk1t3YwBSd_mrKXND1-Q,2024-01-06 06:03:44.429000+00:00,004, ,, , 
net_U01t3YwBSd_mrKXND1-Q,U01t3YwBSd_mrKXND1-Q,2024-01-06 06:03:44.430000+00:00,004, ,, , 
net_WU1t3YwBSd_mrKXND1-Q,WU1t3YwBSd_mrKXND1-Q,2024-01-06 06:03:44.442000+00:00,004, ,, , 
net_Wk1t3YwBSd_mrKXND1-Q,Wk1t3YwBSd_mrKXND1-Q,2024-01-06 06:03:44.446000+00:00,004, ,, , 
net_XU1t3YwBSd_mrKXND1-Q,XU1t3YwBSd_mrKXND1-Q,2024-01-06 06:03:44.451000+00:00,004, ,, , 
net_Yk1t3YwBSd_mrKXND1-Q,Yk1t3YwBSd_mrKXND1-Q,2024-01-06 06:03:44.461000+00:00,004, ,, , 
net_ZE1t3YwBSd_mrKXND1-Q,ZE1t3YwBSd_mrKXND1-Q,2024-01-06 06:03:44.466000+00:00,004, ,, , 
net_Zk1t3YwBSd_mrKXND1-Q,Zk1t3YwBSd_mrKXND1-Q,2024-01-06 06:03:44.470000+00:00,004, ,, , 
net_bE1t3YwBSd_mrKXND1-Q,bE1t3YwBSd_mrKXND1-Q,2024-01-06 06:03:44.482000+00:00,004, ,, , 
net_b01t3YwBSd_mrKXND1-Q,b01t3YwBSd_mrKXND1-Q,2024-01-06 06:03:44.489000+00:00,004, ,, , 
net_dE1t3YwBSd_mrKXND1-Q,dE1t3YwBSd_mrKXND1-Q,2024-01-06 06:03:44.499000+00:00,004, ,, , 
net_dU1t3YwBSd_mrKXND1-Q,dU1t3YwBSd_mrKXND1-Q,2024-01-06 06:03:44.501000+00:00,004, ,, , 
net_d01t3YwBSd_mrKXND1-Q,d01t3YwBSd_mrKXND1-Q,2024-01-06 06:03:44.505000+00:00,004, ,, , 
net_fU1t3YwBSd_mrKXNEF8A,fU1t3YwBSd_mrKXNEF8A,2024-01-06 06:03:44.585000+00:00,004, ,, , 
net_fk1t3YwBSd_mrKXNEF8B,fk1t3YwBSd_mrKXNEF8B,2024-01-06 06:03:44.592000+00:00,004, ,, , 
net_gU1t3YwBSd_mrKXNEF8B,gU1t3YwBSd_mrKXNEF8B,2024-01-06 06:03:44.599000+00:00,004, ,, , 
net_h01t3YwBSd_mrKXNEF8B,h01t3YwBSd_mrKXNEF8B,2024-01-06 06:03:44.612000+00:00,004, ,, , 
net_iU1t3YwBSd_mrKXNEF8B,iU1t3YwBSd_mrKXNEF8B,2024-01-06 06:03:44.616000+00:00,004, ,, , 
net_ik1t3YwBSd_mrKXNEF8B,ik1t3YwBSd_mrKXNEF8B,2024-01-06 06:03:44.618000+00:00,004, ,, , 
net_lE1t3YwBSd_mrKXNEF8B,lE1t3YwBSd_mrKXNEF8B,2024-01-06 06:03:44.640000+00:00,004, ,, , 
net_m01t3YwBSd_mrKXNEF8B,m01t3YwBSd_mrKXNEF8B,2024-01-06 06:03:44.655000+00:00,004, ,, , 
net_oU1t3YwBSd_mrKXNEF8B,oU1t3YwBSd_mrKXNEF8B,2024-01-06 06:03:44.668000+00:00,004, ,, , 
net_o01t3YwBSd_mrKXNEF8B,o01t3YwBSd_mrKXNEF8B,2024-01-06 06:03:44.672000+00:00,004, ,, , 
net_pk1t3YwBSd_mrKXNEF8B,pk1t3YwBSd_mrKXNEF8B,2024-01-06 06:03:44.685000+00:00,004, ,, , 
net_p01t3YwBSd_mrKXNEF8B,p01t3YwBSd_mrKXNEF8B,2024-01-06 06:03:44.687000+00:00,004, ,, , 
net_qU1t3YwBSd_mrKXNEF8B,qU1t3YwBSd_mrKXNEF8B,2024-01-06 06:03:44.691000+00:00,004, ,, , 
net_qk1t3YwBSd_mrKXNEF8B,qk1t3YwBSd_mrKXNEF8B,2024-01-06 06:03:44.693000+00:00,004, ,, , 
net_q01t3YwBSd_mrKXNEF8B,q01t3YwBSd_mrKXNEF8B,2024-01-06 06:03:44.695000+00:00,004, ,, , 
net_rE1t3YwBSd_mrKXNEF8B,rE1t3YwBSd_mrKXNEF8B,2024-01-06 06:03:44.698000+00:00,004, ,, , 
net_rU1t3YwBSd_mrKXNEF8B,rU1t3YwBSd_mrKXNEF8B,2024-01-06 06:03:44.700000+00:00,004, ,, , 
net_rk1t3YwBSd_mrKXNEF-c,rk1t3YwBSd_mrKXNEF-c,2024-01-06 06:03:44.702000+00:00,004, ,, , 
net_sk1t3YwBSd_mrKXNEF-c,sk1t3YwBSd_mrKXNEF-c,2024-01-06 06:03:44.711000+00:00,004, ,, , 
net_uU1t3YwBSd_mrKXNEF-c,uU1t3YwBSd_mrKXNEF-c,2024-01-06 06:03:44.725000+00:00,004, ,, , 
net_uk1t3YwBSd_mrKXNEF-c,uk1t3YwBSd_mrKXNEF-c,2024-01-06 06:03:44.727000+00:00,004, ,, , 
net_vE1t3YwBSd_mrKXNEF-c,vE1t3YwBSd_mrKXNEF-c,2024-01-06 06:03:44.734000+00:00,004, ,, , 
net_vU1t3YwBSd_mrKXNEF-c,vU1t3YwBSd_mrKXNEF-c,2024-01-06 06:03:44.736000+00:00,004, ,, , 
net_vk1t3YwBSd_mrKXNEF-c,vk1t3YwBSd_mrKXNEF-c,2024-01-06 06:03:44.738000+00:00,004, ,, , 
net_yU1t3YwBSd_mrKXNEF-c,yU1t3YwBSd_mrKXNEF-c,2024-01-06 06:03:44.762000+00:00,004, ,, , 
net_zk1t3YwBSd_mrKXNEF-c,zk1t3YwBSd_mrKXNEF-c,2024-01-06 06:03:44.771000+00:00,004, ,, , 
net_0U1t3YwBSd_mrKXNEF-c,0U1t3YwBSd_mrKXNEF-c,2024-01-06 06:03:44.777000+00:00,004, ,, , 
net_001t3YwBSd_mrKXNEF-c,001t3YwBSd_mrKXNEF-c,2024-01-06 06:03:44.782000+00:00,004, ,, , 
net_1E1t3YwBSd_mrKXNEF-c,1E1t3YwBSd_mrKXNEF-c,2024-01-06 06:03:44.784000+00:00,004, ,, , 
net_1k1t3YwBSd_mrKXNEF-c,1k1t3YwBSd_mrKXNEF-c,2024-01-06 06:03:44.788000+00:00,004, ,, , 
net_3U1t3YwBSd_mrKXNEF-c,3U1t3YwBSd_mrKXNEF-c,2024-01-06 06:03:44.809000+00:00,004, ,, , 
net_301t3YwBSd_mrKXNEF-c,301t3YwBSd_mrKXNEF-c,2024-01-06 06:03:44.814000+00:00,004, ,, , 
net_401t3YwBSd_mrKXNEF_7,401t3YwBSd_mrKXNEF_7,2024-01-06 06:03:44.826000+00:00,004, ,, , 
net_5U1t3YwBSd_mrKXNEF_7,5U1t3YwBSd_mrKXNEF_7,2024-01-06 06:03:44.831000+00:00,004, ,, , 
net_7E1t3YwBSd_mrKXNEF_7,7E1t3YwBSd_mrKXNEF_7,2024-01-06 06:03:44.866000+00:00,004, ,, , 
net_8U1t3YwBSd_mrKXNEF_7,8U1t3YwBSd_mrKXNEF_7,2024-01-06 06:03:44.878000+00:00,004, ,, , 
net_801t3YwBSd_mrKXNEF_7,801t3YwBSd_mrKXNEF_7,2024-01-06 06:03:44.883000+00:00,004, ,, , 
net_9E1t3YwBSd_mrKXNEF_8,9E1t3YwBSd_mrKXNEF_8,2024-01-06 06:03:44.885000+00:00,004, ,, , 
net_'-k1t3YwBSd_mrKXNEF_8,'-k1t3YwBSd_mrKXNEF_8,2024-01-06 06:03:44.897000+00:00,004, ,, , 
net_'-01t3YwBSd_mrKXNEF_8,'-01t3YwBSd_mrKXNEF_8,2024-01-06 06:03:44.900000+00:00,004, ,, , 
net__U1t3YwBSd_mrKXNEF_8,_U1t3YwBSd_mrKXNEF_8,2024-01-06 06:03:44.903000+00:00,004, ,, , 
net_AE1t3YwBSd_mrKXNEGD8,AE1t3YwBSd_mrKXNEGD8,2024-01-06 06:03:44.913000+00:00,004, ,, , 
net_Ck1t3YwBSd_mrKXNEGD8,Ck1t3YwBSd_mrKXNEGD8,2024-01-06 06:03:44.952000+00:00,004, ,, , 
net_DU1t3YwBSd_mrKXNEGD8,DU1t3YwBSd_mrKXNEGD8,2024-01-06 06:03:44.959000+00:00,004, ,, , 
net_HE1t3YwBSd_mrKXNEWB3,HE1t3YwBSd_mrKXNEWB3,2024-01-06 06:04:00.800000+00:00,004, ,, , 
net_J01t3YwBSd_mrKXNEWB3,J01t3YwBSd_mrKXNEWB3,2024-01-06 06:04:00.830000+00:00,004, ,, , 
net_LU1t3YwBSd_mrKXNEWB3,LU1t3YwBSd_mrKXNEWB3,2024-01-06 06:04:00.843000+00:00,004, ,, , 
net_ME1t3YwBSd_mrKXNEWB3,ME1t3YwBSd_mrKXNEWB3,2024-01-06 06:04:00.849000+00:00,004, ,, , 
net_NE1t3YwBSd_mrKXNEWB3,NE1t3YwBSd_mrKXNEWB3,2024-01-06 06:04:00.981000+00:00,004, ,, , 
net_O01t3YwBSd_mrKXNEWB3,O01t3YwBSd_mrKXNEWB3,2024-01-06 06:04:02.814000+00:00,004, ,, , 
net_PU1t3YwBSd_mrKXNEWB3,PU1t3YwBSd_mrKXNEWB3,2024-01-06 06:04:02.815000+00:00,004, ,, , 
net_Qk1t3YwBSd_mrKXNEWB3,Qk1t3YwBSd_mrKXNEWB3,2024-01-06 06:04:02.815000+00:00,004, ,, , 
net_Q01t3YwBSd_mrKXNEWB3,Q01t3YwBSd_mrKXNEWB3,2024-01-06 06:04:02.815000+00:00,004, ,, , 
net_RE1t3YwBSd_mrKXNEWDp,RE1t3YwBSd_mrKXNEWDp,2024-01-06 06:04:02.816000+00:00,004, ,, , 
net_Rk1t3YwBSd_mrKXNEWDp,Rk1t3YwBSd_mrKXNEWDp,2024-01-06 06:04:02.822000+00:00,004, ,, , 
net_R01t3YwBSd_mrKXNEWDp,R01t3YwBSd_mrKXNEWDp,2024-01-06 06:04:02.822000+00:00,004, ,, , 
net_Uk1t3YwBSd_mrKXNEWDp,Uk1t3YwBSd_mrKXNEWDp,2024-01-06 06:04:02.848000+00:00,004, ,, , 
net_WE1t3YwBSd_mrKXNEWDp,WE1t3YwBSd_mrKXNEWDp,2024-01-06 06:04:02.865000+00:00,004, ,, , 
net_WU1t3YwBSd_mrKXNEWDp,WU1t3YwBSd_mrKXNEWDp,2024-01-06 06:04:02.866000+00:00,004, ,, , 
net_X01t3YwBSd_mrKXNEWDp,X01t3YwBSd_mrKXNEWDp,2024-01-06 06:04:02.879000+00:00,004, ,, , 
net_YE1t3YwBSd_mrKXNEWDp,YE1t3YwBSd_mrKXNEWDp,2024-01-06 06:04:02.879000+00:00,004, ,, , 
net_YU1t3YwBSd_mrKXNEWDp,YU1t3YwBSd_mrKXNEWDp,2024-01-06 06:04:02.885000+00:00,004, ,, , 
net_Y01t3YwBSd_mrKXNEWDp,Y01t3YwBSd_mrKXNEWDp,2024-01-06 06:04:02.885000+00:00,004, ,, , 
net_b01t3YwBSd_mrKXNEWDp,b01t3YwBSd_mrKXNEWDp,2024-01-06 06:04:04.806000+00:00,004, ,, , 
net_dk1t3YwBSd_mrKXNEmBn,dk1t3YwBSd_mrKXNEmBn,2024-01-06 06:04:04.843000+00:00,004, ,, , 
net_d01t3YwBSd_mrKXNEmBn,d01t3YwBSd_mrKXNEmBn,2024-01-06 06:04:04.857000+00:00,004, ,, , 
net_e01t3YwBSd_mrKXNEmBn,e01t3YwBSd_mrKXNEmBn,2024-01-06 06:04:04.859000+00:00,004, ,, , 
net_fE1t3YwBSd_mrKXNEmBn,fE1t3YwBSd_mrKXNEmBn,2024-01-06 06:04:04.860000+00:00,004, ,, , 
net_gk1t3YwBSd_mrKXNEmBn,gk1t3YwBSd_mrKXNEmBn,2024-01-06 06:04:04.878000+00:00,004, ,, , 
net_g01t3YwBSd_mrKXNEmBn,g01t3YwBSd_mrKXNEmBn,2024-01-06 06:04:04.878000+00:00,004, ,, , 
net_hU1t3YwBSd_mrKXNEmBn,hU1t3YwBSd_mrKXNEmBn,2024-01-06 06:04:04.884000+00:00,004, ,, , 
net_iU1t3YwBSd_mrKXNEmBn,iU1t3YwBSd_mrKXNEmBn,2024-01-06 06:04:04.892000+00:00,004, ,, , 
net_jE1t3YwBSd_mrKXNEmBn,jE1t3YwBSd_mrKXNEmBn,2024-01-06 06:04:04.898000+00:00,004, ,, , 
net_lE1t3YwBSd_mrKXNEmBn,lE1t3YwBSd_mrKXNEmBn,2024-01-06 06:04:05.029000+00:00,004, ,, , 
net_lU1t3YwBSd_mrKXNEmBn,lU1t3YwBSd_mrKXNEmBn,2024-01-06 06:04:05.031000+00:00,004, ,, , 
net_nE1t3YwBSd_mrKXNEmBn,nE1t3YwBSd_mrKXNEmBn,2024-01-06 06:04:06.808000+00:00,004, ,, , 
net_nU1t3YwBSd_mrKXNEmBn,nU1t3YwBSd_mrKXNEmBn,2024-01-06 06:04:06.809000+00:00,004, ,, , 
net_oU1t3YwBSd_mrKXNEmBn,oU1t3YwBSd_mrKXNEmBn,2024-01-06 06:04:06.838000+00:00,004, ,, , 
net_pE1t3YwBSd_mrKXNEmBn,pE1t3YwBSd_mrKXNEmBn,2024-01-06 06:04:06.845000+00:00,004, ,, , 
net_pU1t3YwBSd_mrKXNEmBn,pU1t3YwBSd_mrKXNEmBn,2024-01-06 06:04:06.846000+00:00,004, ,, , 
net_p01t3YwBSd_mrKXNEmBn,p01t3YwBSd_mrKXNEmBn,2024-01-06 06:04:06.852000+00:00,004, ,, , 
net_5U1_3YwBSd_mrKXNJGVN,5U1_3YwBSd_mrKXNJGVN,2024-01-06 06:39:01.470000+00:00,004, ,, , 
net_501_3YwBSd_mrKXNJGVN,501_3YwBSd_mrKXNJGVN,2024-01-06 06:39:01.479000+00:00,004, ,, , 
net_6E1_3YwBSd_mrKXNJGVN,6E1_3YwBSd_mrKXNJGVN,2024-01-06 06:39:03.443000+00:00,004, ,, , 
net_6k1_3YwBSd_mrKXNJGVN,6k1_3YwBSd_mrKXNJGVN,2024-01-06 06:39:03.448000+00:00,004, ,, , 
net_'-E1_3YwBSd_mrKXNJGVN,'-E1_3YwBSd_mrKXNJGVN,2024-01-06 06:39:03.478000+00:00,004, ,, , 
net_'-U1_3YwBSd_mrKXNL2XJ,'-U1_3YwBSd_mrKXNL2XJ,2024-01-06 06:39:07.503000+00:00,004, ,, , 
net__k1_3YwBSd_mrKXNL2XJ,_k1_3YwBSd_mrKXNL2XJ,2024-01-06 06:39:07.511000+00:00,004, ,, , 
net_AU1_3YwBSd_mrKXNL2bJ,AU1_3YwBSd_mrKXNL2bJ,2024-01-06 06:39:07.523000+00:00,004, ,, , 
net_C02E3YwBSd_mrKXNsWbn,C02E3YwBSd_mrKXNsWbn,2024-01-06 06:45:07.955000+00:00,004, ,, , 
net_D02E3YwBSd_mrKXNsWbn,D02E3YwBSd_mrKXNsWbn,2024-01-06 06:45:07.998000+00:00,004, ,, , 
net_EE2E3YwBSd_mrKXNsWbn,EE2E3YwBSd_mrKXNsWbn,2024-01-06 06:45:07.999000+00:00,004, ,, , 
net_EU2E3YwBSd_mrKXNsWbn,EU2E3YwBSd_mrKXNsWbn,2024-01-06 06:45:08.043000+00:00,004, ,, , 
net_Ek2E3YwBSd_mrKXNsWbn,Ek2E3YwBSd_mrKXNsWbn,2024-01-06 06:45:08.043000+00:00,004, ,, , 
net_LE2P3YwBSd_mrKXNtmau,LE2P3YwBSd_mrKXNtmau,2024-01-06 06:57:09.450000+00:00,004, ,, , 
net_L02P3YwBSd_mrKXNtmau,L02P3YwBSd_mrKXNtmau,2024-01-06 06:57:09.451000+00:00,004, ,, , 
net_MU2P3YwBSd_mrKXNtmau,MU2P3YwBSd_mrKXNtmau,2024-01-06 06:57:09.451000+00:00,004, ,, , 
net_Mk2P3YwBSd_mrKXNtmau,Mk2P3YwBSd_mrKXNtmau,2024-01-06 06:57:09.451000+00:00,004, ,, , 
net_Gk2K3YwBSd_mrKXNQ2bt,Gk2K3YwBSd_mrKXNQ2bt,2024-01-06 06:51:08.406000+00:00,004, ,, , 
net_Hk2K3YwBSd_mrKXNQ2bt,Hk2K3YwBSd_mrKXNQ2bt,2024-01-06 06:51:08.434000+00:00,004, ,, , 
net_FE2G3YwBSd_mrKXNTGYU,FE2G3YwBSd_mrKXNTGYU,2024-01-06 06:46:48.143000+00:00,004, ,, , 
net_Ik2L3YwBSd_mrKXNGmaF,Ik2L3YwBSd_mrKXNGmaF,2024-01-06 06:52:04.464000+00:00,004, ,, , 
net_NU2R3YwBSd_mrKXNZGZ1,NU2R3YwBSd_mrKXNZGZ1,2024-01-06 06:59:01.014000+00:00,004, ,, , 
net_QE2U3YwBSd_mrKXNy2au,QE2U3YwBSd_mrKXNy2au,2024-01-06 07:02:40.598000+00:00,000, ,, , 
net_J02P3YwBSd_mrKXNYWaz,J02P3YwBSd_mrKXNYWaz,2024-01-06 06:56:43.663000+00:00,000, ,, , 
net_fk2b3YwBSd_mrKXNvGZL,fk2b3YwBSd_mrKXNvGZL,2024-01-06 07:10:16.353000+00:00,004, ,, , 
net_gU2b3YwBSd_mrKXNvGZL,gU2b3YwBSd_mrKXNvGZL,2024-01-06 07:10:16.359000+00:00,004, ,, , 
net_g02b3YwBSd_mrKXNvGZL,g02b3YwBSd_mrKXNvGZL,2024-01-06 07:10:16.365000+00:00,004, ,, , 
net_hU2b3YwBSd_mrKXNvGZL,hU2b3YwBSd_mrKXNvGZL,2024-01-06 07:10:16.366000+00:00,004, ,, , 
net_X02a3YwBSd_mrKXNjmbs,X02a3YwBSd_mrKXNjmbs,2024-01-06 07:08:57.873000+00:00,004, ,, , 
net_UU2X3YwBSd_mrKXNs2Z5,UU2X3YwBSd_mrKXNs2Z5,2024-01-06 07:05:53.652000+00:00,004, ,, , 
net_U02X3YwBSd_mrKXNvWbD,U02X3YwBSd_mrKXNvWbD,2024-01-06 07:05:55.638000+00:00,004, ,, , 
net_WE2X3YwBSd_mrKXNwmaF,WE2X3YwBSd_mrKXNwmaF,2024-01-06 07:05:58+00:00,004, ,, , 
net_WU2X3YwBSd_mrKXNzWa9,WU2X3YwBSd_mrKXNzWa9,2024-01-06 07:05:59.698000+00:00,004, ,, , 
net_XE2X3YwBSd_mrKXNzWa9,XE2X3YwBSd_mrKXNzWa9,2024-01-06 07:05:59.706000+00:00,004, ,, , 
net_ik2e3YwBSd_mrKXNb2by,ik2e3YwBSd_mrKXNb2by,2024-01-06 07:13:06.591000+00:00,004, ,, , 
net_i02e3YwBSd_mrKXNb2by,i02e3YwBSd_mrKXNb2by,2024-01-06 07:13:08.560000+00:00,004, ,, , 
net_ZU2a3YwBSd_mrKXNtWbS,ZU2a3YwBSd_mrKXNtWbS,2024-01-06 07:09:10.279000+00:00,004, ,, , 
net_Zk2a3YwBSd_mrKXNtWbS,Zk2a3YwBSd_mrKXNtWbS,2024-01-06 07:09:10.282000+00:00,004, ,, , 
net_aE2a3YwBSd_mrKXNtWbS,aE2a3YwBSd_mrKXNtWbS,2024-01-06 07:09:10.295000+00:00,004, ,, , 
net_bk2b3YwBSd_mrKXNAGZl,bk2b3YwBSd_mrKXNAGZl,2024-01-06 07:09:30.303000+00:00,004, ,, , 
net_cU2b3YwBSd_mrKXNAGZl,cU2b3YwBSd_mrKXNAGZl,2024-01-06 07:09:30.311000+00:00,004, ,, , 
net_QU2V3YwBSd_mrKXNVGaK,QU2V3YwBSd_mrKXNVGaK,2024-01-06 07:03:09.407000+00:00,004, ,, , 
net_SE2V3YwBSd_mrKXNVGaL,SE2V3YwBSd_mrKXNVGaL,2024-01-06 07:03:09.425000+00:00,004, ,, , 
net_hk2d3YwBSd_mrKXNCWal,hk2d3YwBSd_mrKXNCWal,2024-01-06 07:11:41.634000+00:00,000, ,, , 
net_iE2d3YwBSd_mrKXNCWal,iE2d3YwBSd_mrKXNCWal,2024-01-06 07:11:42.423000+00:00,000, ,, , 
net_vU2i3YwBSd_mrKXNXGaG,vU2i3YwBSd_mrKXNXGaG,2024-01-06 07:17:30.973000+00:00,004, ,, , 
net_v02i3YwBSd_mrKXNXGaG,v02i3YwBSd_mrKXNXGaG,2024-01-06 07:17:30.976000+00:00,004, ,, , 
net_kU2e3YwBSd_mrKXN3WYt,kU2e3YwBSd_mrKXN3WYt,2024-01-06 07:13:42.571000+00:00,004, ,, , 
net_k02e3YwBSd_mrKXN3WYt,k02e3YwBSd_mrKXN3WYt,2024-01-06 07:13:42.702000+00:00,004, ,, , 
net_nU2g3YwBSd_mrKXNUGaE,nU2g3YwBSd_mrKXNUGaE,2024-01-06 07:15:10.819000+00:00,004, ,, , 
net_o02g3YwBSd_mrKXNUGaE,o02g3YwBSd_mrKXNUGaE,2024-01-06 07:15:18.807000+00:00,004, ,, , 
net_rU2h3YwBSd_mrKXNdWad,rU2h3YwBSd_mrKXNdWad,2024-01-06 07:16:32.901000+00:00,004, ,, , 
net_pk2h3YwBSd_mrKXNBGYY,pk2h3YwBSd_mrKXNBGYY,2024-01-06 07:16:00.856000+00:00,004, ,, , 
net_sE2h3YwBSd_mrKXNsGY7,sE2h3YwBSd_mrKXNsGY7,2024-01-06 07:16:46.921000+00:00,004, ,, , 
net_sU2h3YwBSd_mrKXNsGY7,sU2h3YwBSd_mrKXNsGY7,2024-01-06 07:16:46.967000+00:00,004, ,, , 
net_tk2h3YwBSd_mrKXN6mbg,tk2h3YwBSd_mrKXN6mbg,2024-01-06 07:17:02.942000+00:00,004, ,, , 
net_pE2g3YwBSd_mrKXNVGZW,pE2g3YwBSd_mrKXNVGZW,2024-01-06 07:15:18.851000+00:00,004, ,, , 
net_j02e3YwBSd_mrKXN0WZ3,j02e3YwBSd_mrKXN0WZ3,2024-01-06 07:13:40.591000+00:00,004, ,, , 
net_xE2i3YwBSd_mrKXNsmaF,xE2i3YwBSd_mrKXNsmaF,2024-01-06 07:17:54.993000+00:00,004, ,, , 
net_xU2i3YwBSd_mrKXNsmaF,xU2i3YwBSd_mrKXNsmaF,2024-01-06 07:17:55.001000+00:00,004, ,, , 
net_zk2j3YwBSd_mrKXNR2YT,zk2j3YwBSd_mrKXNR2YT,2024-01-06 07:18:31.045000+00:00,004, ,, , 
net_z02j3YwBSd_mrKXNR2YT,z02j3YwBSd_mrKXNR2YT,2024-01-06 07:18:31.047000+00:00,004, ,, , 
net_0E2j3YwBSd_mrKXNgWas,0E2j3YwBSd_mrKXNgWas,2024-01-06 07:18:43.056000+00:00,004, ,, , 
net_3E2j3YwBSd_mrKXN9WYk,3E2j3YwBSd_mrKXN9WYk,2024-01-06 07:19:17.099000+00:00,004, ,, , 
net_3U2j3YwBSd_mrKXN9mbp,3U2j3YwBSd_mrKXN9mbp,2024-01-06 07:19:17.097000+00:00,004, ,, , 
net_wk2i3YwBSd_mrKXNl2Yp,wk2i3YwBSd_mrKXNl2Yp,2024-01-06 07:17:42.977000+00:00,004, ,, , 
net_w02i3YwBSd_mrKXNl2Yp,w02i3YwBSd_mrKXNl2Yp,2024-01-06 07:17:43.023000+00:00,004, ,, , 
net_4E2k3YwBSd_mrKXNMWaO,4E2k3YwBSd_mrKXNMWaO,2024-01-06 07:19:27.131000+00:00,004, ,, , 
net_xk2i3YwBSd_mrKXNtmaA,xk2i3YwBSd_mrKXNtmaA,2024-01-06 07:17:55.002000+00:00,004, ,, , 
net_2k2j3YwBSd_mrKXN12al,2k2j3YwBSd_mrKXN12al,2024-01-06 07:19:09.089000+00:00,004, ,, , 
net_002j3YwBSd_mrKXNvGZI,002j3YwBSd_mrKXNvGZI,2024-01-06 07:18:57.077000+00:00,004, ,, , 
net_qk1t3YwBSd_mrKXNE2AP,qk1t3YwBSd_mrKXNE2AP,2024-01-06 06:04:06.858000+00:00,004, ,, , 
net_rk1t3YwBSd_mrKXNE2AP,rk1t3YwBSd_mrKXNE2AP,2024-01-06 06:04:06.866000+00:00,004, ,, , 
net_sE1t3YwBSd_mrKXNE2AP,sE1t3YwBSd_mrKXNE2AP,2024-01-06 06:04:06.871000+00:00,004, ,, , 
net_tU1t3YwBSd_mrKXNE2AQ,tU1t3YwBSd_mrKXNE2AQ,2024-01-06 06:04:06.897000+00:00,004, ,, , 
net_tk1t3YwBSd_mrKXNE2AQ,tk1t3YwBSd_mrKXNE2AQ,2024-01-06 06:04:06.897000+00:00,004, ,, , 
net_xE1t3YwBSd_mrKXNE2AQ,xE1t3YwBSd_mrKXNE2AQ,2024-01-06 06:04:08.800000+00:00,004, ,, , 
net_yE1t3YwBSd_mrKXNE2AQ,yE1t3YwBSd_mrKXNE2AQ,2024-01-06 06:04:08.804000+00:00,004, ,, , 
net_yU1t3YwBSd_mrKXNE2AQ,yU1t3YwBSd_mrKXNE2AQ,2024-01-06 06:04:08.807000+00:00,004, ,, , 
net_yk1t3YwBSd_mrKXNE2AQ,yk1t3YwBSd_mrKXNE2AQ,2024-01-06 06:04:08.809000+00:00,004, ,, , 
net_y01t3YwBSd_mrKXNE2AQ,y01t3YwBSd_mrKXNE2AQ,2024-01-06 06:04:08.811000+00:00,004, ,, , 
net_zk1t3YwBSd_mrKXNE2AQ,zk1t3YwBSd_mrKXNE2AQ,2024-01-06 06:04:08.819000+00:00,004, ,, , 
net_0U1t3YwBSd_mrKXNE2AQ,0U1t3YwBSd_mrKXNE2AQ,2024-01-06 06:04:08.825000+00:00,004, ,, , 
net_001t3YwBSd_mrKXNE2AQ,001t3YwBSd_mrKXNE2AQ,2024-01-06 06:04:08.830000+00:00,004, ,, , 
net_101t3YwBSd_mrKXNE2AQ,101t3YwBSd_mrKXNE2AQ,2024-01-06 06:04:08.839000+00:00,004, ,, , 
net_2U1t3YwBSd_mrKXNE2AQ,2U1t3YwBSd_mrKXNE2AQ,2024-01-06 06:04:08.843000+00:00,004, ,, , 
net_4E1t3YwBSd_mrKXNE2Cd,4E1t3YwBSd_mrKXNE2Cd,2024-01-06 06:04:08.864000+00:00,004, ,, , 
net_4U1t3YwBSd_mrKXNE2Cd,4U1t3YwBSd_mrKXNE2Cd,2024-01-06 06:04:08.864000+00:00,004, ,, , 
net_5k1t3YwBSd_mrKXNE2Cd,5k1t3YwBSd_mrKXNE2Cd,2024-01-06 06:04:08.876000+00:00,004, ,, , 
net_601t3YwBSd_mrKXNE2Cd,601t3YwBSd_mrKXNE2Cd,2024-01-06 06:04:08.887000+00:00,004, ,, , 
net_701t3YwBSd_mrKXNE2Cd,701t3YwBSd_mrKXNE2Cd,2024-01-06 06:04:09.008000+00:00,004, ,, , 
net_8U1t3YwBSd_mrKXNE2Cd,8U1t3YwBSd_mrKXNE2Cd,2024-01-06 06:04:09.051000+00:00,004, ,, , 
net_8k1t3YwBSd_mrKXNE2Cd,8k1t3YwBSd_mrKXNE2Cd,2024-01-06 06:04:10.805000+00:00,004, ,, , 
net_801t3YwBSd_mrKXNE2Cd,801t3YwBSd_mrKXNE2Cd,2024-01-06 06:04:10.821000+00:00,004, ,, , 
net__k1t3YwBSd_mrKXNE2Cd,_k1t3YwBSd_mrKXNE2Cd,2024-01-06 06:04:10.841000+00:00,004, ,, , 
net_BE1t3YwBSd_mrKXNE2Gd,BE1t3YwBSd_mrKXNE2Gd,2024-01-06 06:04:10.853000+00:00,004, ,, , 
net_CU1t3YwBSd_mrKXNE2Gd,CU1t3YwBSd_mrKXNE2Gd,2024-01-06 06:04:10.867000+00:00,004, ,, , 
net_Ck1t3YwBSd_mrKXNE2Gd,Ck1t3YwBSd_mrKXNE2Gd,2024-01-06 06:04:10.867000+00:00,004, ,, , 
net_C01t3YwBSd_mrKXNE2Gd,C01t3YwBSd_mrKXNE2Gd,2024-01-06 06:04:10.873000+00:00,004, ,, , 
net_Dk1t3YwBSd_mrKXNFGEL,Dk1t3YwBSd_mrKXNFGEL,2024-01-06 06:04:10.881000+00:00,004, ,, , 
net_D01t3YwBSd_mrKXNFGEL,D01t3YwBSd_mrKXNFGEL,2024-01-06 06:04:10.881000+00:00,004, ,, , 
net_EE1t3YwBSd_mrKXNFGEL,EE1t3YwBSd_mrKXNFGEL,2024-01-06 06:04:10.881000+00:00,004, ,, , 
net_E01t3YwBSd_mrKXNFGEL,E01t3YwBSd_mrKXNFGEL,2024-01-06 06:04:10.887000+00:00,004, ,, , 
net_FU1t3YwBSd_mrKXNFGEL,FU1t3YwBSd_mrKXNFGEL,2024-01-06 06:04:10.895000+00:00,004, ,, , 
net_G01t3YwBSd_mrKXNFGEL,G01t3YwBSd_mrKXNFGEL,2024-01-06 06:04:11.008000+00:00,004, ,, , 
net_HE1t3YwBSd_mrKXNFGEL,HE1t3YwBSd_mrKXNFGEL,2024-01-06 06:04:11.008000+00:00,004, ,, , 
net_Hk1t3YwBSd_mrKXNFGEL,Hk1t3YwBSd_mrKXNFGEL,2024-01-06 06:04:11.049000+00:00,004, ,, , 
net_IE1t3YwBSd_mrKXNFGEL,IE1t3YwBSd_mrKXNFGEL,2024-01-06 06:04:12.839000+00:00,004, ,, , 
net_IU1t3YwBSd_mrKXNFGEL,IU1t3YwBSd_mrKXNFGEL,2024-01-06 06:04:12.839000+00:00,004, ,, , 
net_Ik1t3YwBSd_mrKXNFGEL,Ik1t3YwBSd_mrKXNFGEL,2024-01-06 06:04:12.841000+00:00,004, ,, , 
net_JE1t3YwBSd_mrKXNFGEL,JE1t3YwBSd_mrKXNFGEL,2024-01-06 06:04:12.846000+00:00,004, ,, , 
net_Jk1t3YwBSd_mrKXNFGEL,Jk1t3YwBSd_mrKXNFGEL,2024-01-06 06:04:12.847000+00:00,004, ,, , 
net_J01t3YwBSd_mrKXNFGEL,J01t3YwBSd_mrKXNFGEL,2024-01-06 06:04:12.847000+00:00,004, ,, , 
net_KE1t3YwBSd_mrKXNFGEL,KE1t3YwBSd_mrKXNFGEL,2024-01-06 06:04:12.847000+00:00,004, ,, , 
net_Lk1t3YwBSd_mrKXNFGEL,Lk1t3YwBSd_mrKXNFGEL,2024-01-06 06:04:12.853000+00:00,004, ,, , 
net_MU1t3YwBSd_mrKXNFGEL,MU1t3YwBSd_mrKXNFGEL,2024-01-06 06:04:12.860000+00:00,004, ,, , 
net_M01t3YwBSd_mrKXNFGEL,M01t3YwBSd_mrKXNFGEL,2024-01-06 06:04:12.863000+00:00,004, ,, , 
net_NE1t3YwBSd_mrKXNFGEL,NE1t3YwBSd_mrKXNFGEL,2024-01-06 06:04:12.863000+00:00,004, ,, , 
net_N01t3YwBSd_mrKXNFGEL,N01t3YwBSd_mrKXNFGEL,2024-01-06 06:04:12.869000+00:00,004, ,, , 
net_OE1t3YwBSd_mrKXNFGEL,OE1t3YwBSd_mrKXNFGEL,2024-01-06 06:04:12.869000+00:00,004, ,, , 
net_OU1t3YwBSd_mrKXNFGEL,OU1t3YwBSd_mrKXNFGEL,2024-01-06 06:04:12.875000+00:00,004, ,, , 
net_Ok1t3YwBSd_mrKXNFGEL,Ok1t3YwBSd_mrKXNFGEL,2024-01-06 06:04:12.875000+00:00,004, ,, , 
net_O01t3YwBSd_mrKXNFGEL,O01t3YwBSd_mrKXNFGEL,2024-01-06 06:04:12.876000+00:00,004, ,, , 
net_PE1t3YwBSd_mrKXNFGEL,PE1t3YwBSd_mrKXNFGEL,2024-01-06 06:04:12.882000+00:00,004, ,, , 
net_QE1t3YwBSd_mrKXNFGGD,QE1t3YwBSd_mrKXNFGGD,2024-01-06 06:04:12.889000+00:00,004, ,, , 
net_QU1t3YwBSd_mrKXNFGGD,QU1t3YwBSd_mrKXNFGGD,2024-01-06 06:04:12.888000+00:00,004, ,, , 
net_Rk1t3YwBSd_mrKXNFGGD,Rk1t3YwBSd_mrKXNFGGD,2024-01-06 06:04:12.902000+00:00,004, ,, , 
net_Tk1t3YwBSd_mrKXNFGGD,Tk1t3YwBSd_mrKXNFGGD,2024-01-06 06:04:14.820000+00:00,004, ,, , 
net_UE1t3YwBSd_mrKXNFGGD,UE1t3YwBSd_mrKXNFGGD,2024-01-06 06:04:14.824000+00:00,004, ,, , 
net_UU1t3YwBSd_mrKXNFGGD,UU1t3YwBSd_mrKXNFGGD,2024-01-06 06:04:14.824000+00:00,004, ,, , 
net_WU1t3YwBSd_mrKXNFGGD,WU1t3YwBSd_mrKXNFGGD,2024-01-06 06:04:14.843000+00:00,004, ,, , 
net_W01t3YwBSd_mrKXNFGGD,W01t3YwBSd_mrKXNFGGD,2024-01-06 06:04:14.848000+00:00,004, ,, , 
net_XU1t3YwBSd_mrKXNFGGD,XU1t3YwBSd_mrKXNFGGD,2024-01-06 06:04:14.852000+00:00,004, ,, , 
net_Xk1t3YwBSd_mrKXNFGGD,Xk1t3YwBSd_mrKXNFGGD,2024-01-06 06:04:14.854000+00:00,004, ,, , 
net_YU1t3YwBSd_mrKXNFGGD,YU1t3YwBSd_mrKXNFGGD,2024-01-06 06:04:14.861000+00:00,004, ,, , 
net_Yk1t3YwBSd_mrKXNFGGD,Yk1t3YwBSd_mrKXNFGGD,2024-01-06 06:04:14.863000+00:00,004, ,, , 
net_Y01t3YwBSd_mrKXNFGGD,Y01t3YwBSd_mrKXNFGGD,2024-01-06 06:04:14.865000+00:00,004, ,, , 
net_ZE1t3YwBSd_mrKXNFGGD,ZE1t3YwBSd_mrKXNFGGD,2024-01-06 06:04:14.867000+00:00,004, ,, , 
net_aE1t3YwBSd_mrKXNFGGD,aE1t3YwBSd_mrKXNFGGD,2024-01-06 06:04:14.876000+00:00,004, ,, , 
net_aU1t3YwBSd_mrKXNFGGD,aU1t3YwBSd_mrKXNFGGD,2024-01-06 06:04:14.878000+00:00,004, ,, , 
net_bE1t3YwBSd_mrKXNFGGD,bE1t3YwBSd_mrKXNFGGD,2024-01-06 06:04:14.885000+00:00,004, ,, , 
net_bU1t3YwBSd_mrKXNFGGD,bU1t3YwBSd_mrKXNFGGD,2024-01-06 06:04:14.886000+00:00,004, ,, , 
net_cE1t3YwBSd_mrKXNFWEQ,cE1t3YwBSd_mrKXNFWEQ,2024-01-06 06:04:14.897000+00:00,004, ,, , 
net_c01t3YwBSd_mrKXNFWEQ,c01t3YwBSd_mrKXNFWEQ,2024-01-06 06:04:14.903000+00:00,004, ,, , 
net_dk1t3YwBSd_mrKXNFWEQ,dk1t3YwBSd_mrKXNFWEQ,2024-01-06 06:04:14.910000+00:00,004, ,, , 
net_eE1t3YwBSd_mrKXNFWEQ,eE1t3YwBSd_mrKXNFWEQ,2024-01-06 06:04:15.010000+00:00,004, ,, , 
net_eU1t3YwBSd_mrKXNFWEQ,eU1t3YwBSd_mrKXNFWEQ,2024-01-06 06:04:15.015000+00:00,004, ,, , 
net_fU1t3YwBSd_mrKXNFWEQ,fU1t3YwBSd_mrKXNFWEQ,2024-01-06 06:04:16.826000+00:00,004, ,, , 
net_hE1t3YwBSd_mrKXNFWER,hE1t3YwBSd_mrKXNFWER,2024-01-06 06:04:16.837000+00:00,004, ,, , 
net_iE1t3YwBSd_mrKXNFWER,iE1t3YwBSd_mrKXNFWER,2024-01-06 06:04:16.845000+00:00,004, ,, , 
net_ik1t3YwBSd_mrKXNFWER,ik1t3YwBSd_mrKXNFWER,2024-01-06 06:04:16.851000+00:00,004, ,, , 
net_jU1t3YwBSd_mrKXNFWER,jU1t3YwBSd_mrKXNFWER,2024-01-06 06:04:16.856000+00:00,004, ,, , 
net_k01t3YwBSd_mrKXNFWER,k01t3YwBSd_mrKXNFWER,2024-01-06 06:04:16.869000+00:00,004, ,, , 
net_lE1t3YwBSd_mrKXNFWER,lE1t3YwBSd_mrKXNFWER,2024-01-06 06:04:16.872000+00:00,004, ,, , 
net_l01t3YwBSd_mrKXNFWER,l01t3YwBSd_mrKXNFWER,2024-01-06 06:04:16.878000+00:00,004, ,, , 
net_mk1t3YwBSd_mrKXNFWER,mk1t3YwBSd_mrKXNFWER,2024-01-06 06:04:16.884000+00:00,004, ,, , 
net_nE1t3YwBSd_mrKXNFWER,nE1t3YwBSd_mrKXNFWER,2024-01-06 06:04:16.889000+00:00,004, ,, , 
net_n01t3YwBSd_mrKXNFWER,n01t3YwBSd_mrKXNFWER,2024-01-06 06:04:16.895000+00:00,004, ,, , 
net_ok1t3YwBSd_mrKXNFWGC,ok1t3YwBSd_mrKXNFWGC,2024-01-06 06:04:16.905000+00:00,004, ,, , 
net_pE1t3YwBSd_mrKXNFWGC,pE1t3YwBSd_mrKXNFWGC,2024-01-06 06:04:17.020000+00:00,004, ,, , 
net_q01t3YwBSd_mrKXNFWGC,q01t3YwBSd_mrKXNFWGC,2024-01-06 06:04:18.863000+00:00,004, ,, , 
net_rE1t3YwBSd_mrKXNFWGD,rE1t3YwBSd_mrKXNFWGD,2024-01-06 06:04:18.864000+00:00,004, ,, , 
net_r01t3YwBSd_mrKXNFWGD,r01t3YwBSd_mrKXNFWGD,2024-01-06 06:04:18.869000+00:00,004, ,, , 
net_sE1t3YwBSd_mrKXNFWGD,sE1t3YwBSd_mrKXNFWGD,2024-01-06 06:04:18.875000+00:00,004, ,, , 
net_sk1t3YwBSd_mrKXNFWGD,sk1t3YwBSd_mrKXNFWGD,2024-01-06 06:04:18.877000+00:00,004, ,, , 
net_v01t3YwBSd_mrKXNFWGG,v01t3YwBSd_mrKXNFWGG,2024-01-06 06:04:18.903000+00:00,004, ,, , 
net_w01t3YwBSd_mrKXNFWGG,w01t3YwBSd_mrKXNFWGG,2024-01-06 06:04:18.918000+00:00,004, ,, , 
net_xU1t3YwBSd_mrKXNFWGG,xU1t3YwBSd_mrKXNFWGG,2024-01-06 06:04:18.919000+00:00,004, ,, , 
net_x01t3YwBSd_mrKXNFWGG,x01t3YwBSd_mrKXNFWGG,2024-01-06 06:04:18.924000+00:00,004, ,, , 
net_yU1t3YwBSd_mrKXNFWGG,yU1t3YwBSd_mrKXNFWGG,2024-01-06 06:04:18.966000+00:00,004, ,, , 
net_yk1t3YwBSd_mrKXNFWGG,yk1t3YwBSd_mrKXNFWGG,2024-01-06 06:04:19.016000+00:00,004, ,, , 
net_zU1t3YwBSd_mrKXNFWGG,zU1t3YwBSd_mrKXNFWGG,2024-01-06 06:04:19.019000+00:00,004, ,, , 
net_1E1t3YwBSd_mrKXNFWHt,1E1t3YwBSd_mrKXNFWHt,2024-01-06 06:04:20.852000+00:00,004, ,, , 
net_101t3YwBSd_mrKXNFWHt,101t3YwBSd_mrKXNFWHt,2024-01-06 06:04:20.858000+00:00,004, ,, , 
net_2U1t3YwBSd_mrKXNFWHt,2U1t3YwBSd_mrKXNFWHt,2024-01-06 06:04:20.858000+00:00,004, ,, , 
net_2k1t3YwBSd_mrKXNFWHt,2k1t3YwBSd_mrKXNFWHt,2024-01-06 06:04:20.866000+00:00,004, ,, , 
net_3E1t3YwBSd_mrKXNFWHt,3E1t3YwBSd_mrKXNFWHt,2024-01-06 06:04:20.868000+00:00,004, ,, , 
net_3k1t3YwBSd_mrKXNFWHt,3k1t3YwBSd_mrKXNFWHt,2024-01-06 06:04:20.875000+00:00,004, ,, , 
net_301t3YwBSd_mrKXNFWHt,301t3YwBSd_mrKXNFWHt,2024-01-06 06:04:20.876000+00:00,004, ,, , 
net_4k1t3YwBSd_mrKXNFWHt,4k1t3YwBSd_mrKXNFWHt,2024-01-06 06:04:20.889000+00:00,004, ,, , 
net_501t3YwBSd_mrKXNFWHt,501t3YwBSd_mrKXNFWHt,2024-01-06 06:04:20.902000+00:00,004, ,, , 
net_6U1t3YwBSd_mrKXNFWHt,6U1t3YwBSd_mrKXNFWHt,2024-01-06 06:04:20.902000+00:00,004, ,, , 
net_7U1t3YwBSd_mrKXNFWHt,7U1t3YwBSd_mrKXNFWHt,2024-01-06 06:04:20.909000+00:00,004, ,, , 
net_701t3YwBSd_mrKXNFWHt,701t3YwBSd_mrKXNFWHt,2024-01-06 06:04:20.915000+00:00,004, ,, , 
net_'-k1t3YwBSd_mrKXNFWHt,'-k1t3YwBSd_mrKXNFWHt,2024-01-06 06:04:22.846000+00:00,004, ,, , 
net__k1t3YwBSd_mrKXNFWHt,_k1t3YwBSd_mrKXNFWHt,2024-01-06 06:04:22.856000+00:00,004, ,, , 
net_Bk1t3YwBSd_mrKXNFmJf,Bk1t3YwBSd_mrKXNFmJf,2024-01-06 06:04:22.876000+00:00,004, ,, , 
net_Ck1t3YwBSd_mrKXNFmJf,Ck1t3YwBSd_mrKXNFmJf,2024-01-06 06:04:22.885000+00:00,004, ,, , 
net_DE1t3YwBSd_mrKXNFmJf,DE1t3YwBSd_mrKXNFmJf,2024-01-06 06:04:22.892000+00:00,004, ,, , 
net_E01t3YwBSd_mrKXNFmJf,E01t3YwBSd_mrKXNFmJf,2024-01-06 06:04:22.905000+00:00,004, ,, , 
net_FE1t3YwBSd_mrKXNFmJf,FE1t3YwBSd_mrKXNFmJf,2024-01-06 06:04:22.913000+00:00,004, ,, , 
net_FU1t3YwBSd_mrKXNFmJf,FU1t3YwBSd_mrKXNFmJf,2024-01-06 06:04:22.913000+00:00,004, ,, , 
net_Fk1t3YwBSd_mrKXNFmJf,Fk1t3YwBSd_mrKXNFmJf,2024-01-06 06:04:22.916000+00:00,004, ,, , 
net_F01t3YwBSd_mrKXNFmJf,F01t3YwBSd_mrKXNFmJf,2024-01-06 06:04:22.958000+00:00,004, ,, , 
net_GE1t3YwBSd_mrKXNFmJf,GE1t3YwBSd_mrKXNFmJf,2024-01-06 06:04:23.019000+00:00,004, ,, , 
net_G01t3YwBSd_mrKXNFmJf,G01t3YwBSd_mrKXNFmJf,2024-01-06 06:04:23.025000+00:00,004, ,, , 
net_HE1t3YwBSd_mrKXNFmJf,HE1t3YwBSd_mrKXNFmJf,2024-01-06 06:04:24.844000+00:00,004, ,, , 
net_Hk1t3YwBSd_mrKXNFmJf,Hk1t3YwBSd_mrKXNFmJf,2024-01-06 06:04:24.850000+00:00,004, ,, , 
net_JU1t3YwBSd_mrKXNFmJf,JU1t3YwBSd_mrKXNFmJf,2024-01-06 06:04:24.879000+00:00,004, ,, , 
net_J01t3YwBSd_mrKXNFmJf,J01t3YwBSd_mrKXNFmJf,2024-01-06 06:04:24.884000+00:00,004, ,, , 
net_LU1t3YwBSd_mrKXNFmJf,LU1t3YwBSd_mrKXNFmJf,2024-01-06 06:04:24.899000+00:00,004, ,, , 
net_M01t3YwBSd_mrKXNFmJf,M01t3YwBSd_mrKXNFmJf,2024-01-06 06:04:24.916000+00:00,004, ,, , 
net_NU1t3YwBSd_mrKXNFmJf,NU1t3YwBSd_mrKXNFmJf,2024-01-06 06:04:24.917000+00:00,004, ,, , 
net_OE1t3YwBSd_mrKXNFmLw,OE1t3YwBSd_mrKXNFmLw,2024-01-06 06:04:24.922000+00:00,004, ,, , 
net_Ok1t3YwBSd_mrKXNFmLw,Ok1t3YwBSd_mrKXNFmLw,2024-01-06 06:04:24.934000+00:00,004, ,, , 
net_PE1t3YwBSd_mrKXNFmLw,PE1t3YwBSd_mrKXNFmLw,2024-01-06 06:04:24.935000+00:00,004, ,, , 
net_Qk1t3YwBSd_mrKXNFmLw,Qk1t3YwBSd_mrKXNFmLw,2024-01-06 06:04:25.029000+00:00,004, ,, , 
net_Q01t3YwBSd_mrKXNFmLw,Q01t3YwBSd_mrKXNFmLw,2024-01-06 06:04:25.030000+00:00,004, ,, , 
net_SU1t3YwBSd_mrKXNFmLw,SU1t3YwBSd_mrKXNFmLw,2024-01-06 06:04:26.851000+00:00,004, ,, , 
net_TE1t3YwBSd_mrKXNFmLw,TE1t3YwBSd_mrKXNFmLw,2024-01-06 06:04:26.857000+00:00,004, ,, , 
net_TU1t3YwBSd_mrKXNFmLw,TU1t3YwBSd_mrKXNFmLw,2024-01-06 06:04:26.858000+00:00,004, ,, , 
net_Tk1t3YwBSd_mrKXNFmLw,Tk1t3YwBSd_mrKXNFmLw,2024-01-06 06:04:26.860000+00:00,004, ,, , 
net_T01t3YwBSd_mrKXNFmLw,T01t3YwBSd_mrKXNFmLw,2024-01-06 06:04:26.863000+00:00,004, ,, , 
net_Uk1t3YwBSd_mrKXNFmLw,Uk1t3YwBSd_mrKXNFmLw,2024-01-06 06:04:26.869000+00:00,004, ,, , 
net_U01t3YwBSd_mrKXNFmLw,U01t3YwBSd_mrKXNFmLw,2024-01-06 06:04:26.872000+00:00,004, ,, , 
net_VU1t3YwBSd_mrKXNFmLw,VU1t3YwBSd_mrKXNFmLw,2024-01-06 06:04:26.878000+00:00,004, ,, , 
net_WE1t3YwBSd_mrKXNFmLw,WE1t3YwBSd_mrKXNFmLw,2024-01-06 06:04:26.882000+00:00,004, ,, , 
net_W01t3YwBSd_mrKXNFmLw,W01t3YwBSd_mrKXNFmLw,2024-01-06 06:04:26.891000+00:00,004, ,, , 
net_Xk1t3YwBSd_mrKXNFmLw,Xk1t3YwBSd_mrKXNFmLw,2024-01-06 06:04:26.897000+00:00,004, ,, , 
net_YE1t3YwBSd_mrKXNFmLw,YE1t3YwBSd_mrKXNFmLw,2024-01-06 06:04:26.900000+00:00,004, ,, , 
net_YU1t3YwBSd_mrKXNFmLw,YU1t3YwBSd_mrKXNFmLw,2024-01-06 06:04:26.903000+00:00,004, ,, , 
net_Yk1t3YwBSd_mrKXNFmLw,Yk1t3YwBSd_mrKXNFmLw,2024-01-06 06:04:26.906000+00:00,004, ,, , 
net_Zk1t3YwBSd_mrKXNFmLw,Zk1t3YwBSd_mrKXNFmLw,2024-01-06 06:04:27.051000+00:00,004, ,, , 
net_aE1t3YwBSd_mrKXNFmLw,aE1t3YwBSd_mrKXNFmLw,2024-01-06 06:04:28.876000+00:00,004, ,, , 
net_aU1t3YwBSd_mrKXNFmLw,aU1t3YwBSd_mrKXNFmLw,2024-01-06 06:04:28.876000+00:00,004, ,, , 
net_a01t3YwBSd_mrKXNF2Jr,a01t3YwBSd_mrKXNF2Jr,2024-01-06 06:04:28.883000+00:00,004, ,, , 
net_bU1t3YwBSd_mrKXNF2Jr,bU1t3YwBSd_mrKXNF2Jr,2024-01-06 06:04:28.885000+00:00,004, ,, , 
net_bk1t3YwBSd_mrKXNF2Jr,bk1t3YwBSd_mrKXNF2Jr,2024-01-06 06:04:28.887000+00:00,004, ,, , 
net_cU1t3YwBSd_mrKXNF2Jr,cU1t3YwBSd_mrKXNF2Jr,2024-01-06 06:04:28.894000+00:00,004, ,, , 
net_eE1t3YwBSd_mrKXNF2Jr,eE1t3YwBSd_mrKXNF2Jr,2024-01-06 06:04:28.909000+00:00,004, ,, , 
net_eU1t3YwBSd_mrKXNF2Jr,eU1t3YwBSd_mrKXNF2Jr,2024-01-06 06:04:28.911000+00:00,004, ,, , 
net_fE1t3YwBSd_mrKXNF2Jr,fE1t3YwBSd_mrKXNF2Jr,2024-01-06 06:04:28.918000+00:00,004, ,, , 
net_fU1t3YwBSd_mrKXNF2Jr,fU1t3YwBSd_mrKXNF2Jr,2024-01-06 06:04:28.919000+00:00,004, ,, , 
net_gE1t3YwBSd_mrKXNF2Jr,gE1t3YwBSd_mrKXNF2Jr,2024-01-06 06:04:28.927000+00:00,004, ,, , 
net_gU1t3YwBSd_mrKXNF2Jr,gU1t3YwBSd_mrKXNF2Jr,2024-01-06 06:04:28.929000+00:00,004, ,, , 
net_hE1t3YwBSd_mrKXNF2Jr,hE1t3YwBSd_mrKXNF2Jr,2024-01-06 06:04:28.936000+00:00,004, ,, , 
net_hU1t3YwBSd_mrKXNF2Jr,hU1t3YwBSd_mrKXNF2Jr,2024-01-06 06:04:28.937000+00:00,004, ,, , 
net_h01t3YwBSd_mrKXNF2Jr,h01t3YwBSd_mrKXNF2Jr,2024-01-06 06:04:28.942000+00:00,004, ,, , 
net_iE1t3YwBSd_mrKXNF2Jr,iE1t3YwBSd_mrKXNF2Jr,2024-01-06 06:04:28.944000+00:00,004, ,, , 
net_iU1t3YwBSd_mrKXNF2Jr,iU1t3YwBSd_mrKXNF2Jr,2024-01-06 06:04:28.946000+00:00,004, ,, , 
net_ik1t3YwBSd_mrKXNF2Jr,ik1t3YwBSd_mrKXNF2Jr,2024-01-06 06:04:28.948000+00:00,004, ,, , 
net_jk1t3YwBSd_mrKXNF2Jr,jk1t3YwBSd_mrKXNF2Jr,2024-01-06 06:04:30.852000+00:00,004, ,, , 
net_kE1t3YwBSd_mrKXNF2Jr,kE1t3YwBSd_mrKXNF2Jr,2024-01-06 06:04:30.854000+00:00,004, ,, , 
net_kU1t3YwBSd_mrKXNF2Jr,kU1t3YwBSd_mrKXNF2Jr,2024-01-06 06:04:30.856000+00:00,004, ,, , 
net_lk1t3YwBSd_mrKXNF2Jr,lk1t3YwBSd_mrKXNF2Jr,2024-01-06 06:04:30.867000+00:00,004, ,, , 
net_l01t3YwBSd_mrKXNF2Jr,l01t3YwBSd_mrKXNF2Jr,2024-01-06 06:04:30.869000+00:00,004, ,, , 
net_ok1t3YwBSd_mrKXNF2Lv,ok1t3YwBSd_mrKXNF2Lv,2024-01-06 06:04:30.892000+00:00,004, ,, , 
net_p01t3YwBSd_mrKXNF2Lv,p01t3YwBSd_mrKXNF2Lv,2024-01-06 06:04:30.903000+00:00,004, ,, , 
net_qE1t3YwBSd_mrKXNF2Lv,qE1t3YwBSd_mrKXNF2Lv,2024-01-06 06:04:30.905000+00:00,004, ,, , 
net_qU1t3YwBSd_mrKXNF2Lv,qU1t3YwBSd_mrKXNF2Lv,2024-01-06 06:04:30.908000+00:00,004, ,, , 
net_qk1t3YwBSd_mrKXNF2Lv,qk1t3YwBSd_mrKXNF2Lv,2024-01-06 06:04:30.910000+00:00,004, ,, , 
net_q01t3YwBSd_mrKXNF2Lv,q01t3YwBSd_mrKXNF2Lv,2024-01-06 06:04:30.911000+00:00,004, ,, , 
net_rU1t3YwBSd_mrKXNF2Lv,rU1t3YwBSd_mrKXNF2Lv,2024-01-06 06:04:30.917000+00:00,004, ,, , 
net_rk1t3YwBSd_mrKXNF2Lv,rk1t3YwBSd_mrKXNF2Lv,2024-01-06 06:04:31.052000+00:00,004, ,, , 
net_sE1t3YwBSd_mrKXNF2Lv,sE1t3YwBSd_mrKXNF2Lv,2024-01-06 06:04:31.055000+00:00,004, ,, , 
net_t01t3YwBSd_mrKXNF2Lv,t01t3YwBSd_mrKXNF2Lv,2024-01-06 06:04:32.874000+00:00,004, ,, , 
net_u01t3YwBSd_mrKXNF2Lv,u01t3YwBSd_mrKXNF2Lv,2024-01-06 06:04:32.882000+00:00,004, ,, , 
net_vE1t3YwBSd_mrKXNF2Lv,vE1t3YwBSd_mrKXNF2Lv,2024-01-06 06:04:32.884000+00:00,004, ,, , 
net_xU1t3YwBSd_mrKXNF2Lv,xU1t3YwBSd_mrKXNF2Lv,2024-01-06 06:04:32.903000+00:00,004, ,, , 
net_yE1t3YwBSd_mrKXNF2Lv,yE1t3YwBSd_mrKXNF2Lv,2024-01-06 06:04:32.909000+00:00,004, ,, , 
net_zE1t3YwBSd_mrKXNF2Lv,zE1t3YwBSd_mrKXNF2Lv,2024-01-06 06:04:32.919000+00:00,004, ,, , 
net_zU1t3YwBSd_mrKXNF2Lv,zU1t3YwBSd_mrKXNF2Lv,2024-01-06 06:04:32.922000+00:00,004, ,, , 
net_zk1t3YwBSd_mrKXNGGKF,zk1t3YwBSd_mrKXNGGKF,2024-01-06 06:04:32.925000+00:00,004, ,, , 
net_0U1t3YwBSd_mrKXNGGKG,0U1t3YwBSd_mrKXNGGKG,2024-01-06 06:04:32.951000+00:00,004, ,, , 
net_1E1t3YwBSd_mrKXNGGKG,1E1t3YwBSd_mrKXNGGKG,2024-01-06 06:04:32.953000+00:00,004, ,, , 
net_4k1t3YwBSd_mrKXNGGKG,4k1t3YwBSd_mrKXNGGKG,2024-01-06 06:04:34.917000+00:00,004, ,, , 
net_5U1t3YwBSd_mrKXNGGKG,5U1t3YwBSd_mrKXNGGKG,2024-01-06 06:04:34.924000+00:00,004, ,, , 
net_6U1t3YwBSd_mrKXNGGKG,6U1t3YwBSd_mrKXNGGKG,2024-01-06 06:04:34.932000+00:00,004, ,, , 
net_7E1t3YwBSd_mrKXNGGKG,7E1t3YwBSd_mrKXNGGKG,2024-01-06 06:04:34.939000+00:00,004, ,, , 
net_8E1t3YwBSd_mrKXNGGKG,8E1t3YwBSd_mrKXNGGKG,2024-01-06 06:04:35.055000+00:00,004, ,, , 
net_8k1t3YwBSd_mrKXNGGKG,8k1t3YwBSd_mrKXNGGKG,2024-01-06 06:04:35.058000+00:00,004, ,, , 
net_9E1t3YwBSd_mrKXNGGKG,9E1t3YwBSd_mrKXNGGKG,2024-01-06 06:04:36.883000+00:00,004, ,, , 
net_'-U1t3YwBSd_mrKXNGGKG,'-U1t3YwBSd_mrKXNGGKG,2024-01-06 06:04:36.895000+00:00,004, ,, , 
net__E1t3YwBSd_mrKXNGGKG,_E1t3YwBSd_mrKXNGGKG,2024-01-06 06:04:36.901000+00:00,004, ,, , 
net__k1t3YwBSd_mrKXNGWIC,_k1t3YwBSd_mrKXNGWIC,2024-01-06 06:04:36.905000+00:00,004, ,, , 
net_Ak1t3YwBSd_mrKXNGWMC,Ak1t3YwBSd_mrKXNGWMC,2024-01-06 06:04:36.914000+00:00,004, ,, , 
net_BU1t3YwBSd_mrKXNGWMC,BU1t3YwBSd_mrKXNGWMC,2024-01-06 06:04:36.921000+00:00,004, ,, , 
net_B01t3YwBSd_mrKXNGWMC,B01t3YwBSd_mrKXNGWMC,2024-01-06 06:04:36.925000+00:00,004, ,, , 
net_CU1t3YwBSd_mrKXNGWMC,CU1t3YwBSd_mrKXNGWMC,2024-01-06 06:04:36.930000+00:00,004, ,, , 
net_Ck1t3YwBSd_mrKXNGWMC,Ck1t3YwBSd_mrKXNGWMC,2024-01-06 06:04:36.931000+00:00,004, ,, , 
net_C01t3YwBSd_mrKXNGWMC,C01t3YwBSd_mrKXNGWMC,2024-01-06 06:04:36.933000+00:00,004, ,, , 
net_D01t3YwBSd_mrKXNGWMC,D01t3YwBSd_mrKXNGWMC,2024-01-06 06:04:37.058000+00:00,004, ,, , 
net_EU1t3YwBSd_mrKXNGWMC,EU1t3YwBSd_mrKXNGWMC,2024-01-06 06:04:38.889000+00:00,004, ,, , 
net_Ek1t3YwBSd_mrKXNGWMC,Ek1t3YwBSd_mrKXNGWMC,2024-01-06 06:04:38.890000+00:00,004, ,, , 
net_F01t3YwBSd_mrKXNGWMD,F01t3YwBSd_mrKXNGWMD,2024-01-06 06:04:38.895000+00:00,004, ,, , 
net_GU1t3YwBSd_mrKXNGWMD,GU1t3YwBSd_mrKXNGWMD,2024-01-06 06:04:38.896000+00:00,004, ,, , 
net_Gk1t3YwBSd_mrKXNGWMD,Gk1t3YwBSd_mrKXNGWMD,2024-01-06 06:04:38.902000+00:00,004, ,, , 
net_G01t3YwBSd_mrKXNGWMD,G01t3YwBSd_mrKXNGWMD,2024-01-06 06:04:38.917000+00:00,004, ,, , 
net_HE1t3YwBSd_mrKXNGWMD,HE1t3YwBSd_mrKXNGWMD,2024-01-06 06:04:38.917000+00:00,004, ,, , 
net_Ik1t3YwBSd_mrKXNGWMD,Ik1t3YwBSd_mrKXNGWMD,2024-01-06 06:04:38.921000+00:00,004, ,, , 
net_I01t3YwBSd_mrKXNGWMD,I01t3YwBSd_mrKXNGWMD,2024-01-06 06:04:38.919000+00:00,004, ,, , 
net_KU1t3YwBSd_mrKXNGWMD,KU1t3YwBSd_mrKXNGWMD,2024-01-06 06:04:38.960000+00:00,004, ,, , 
net_LE1t3YwBSd_mrKXNGWMD,LE1t3YwBSd_mrKXNGWMD,2024-01-06 06:04:38.969000+00:00,004, ,, , 
net_LU1t3YwBSd_mrKXNGWMD,LU1t3YwBSd_mrKXNGWMD,2024-01-06 06:04:38.969000+00:00,004, ,, , 
net_MU1t3YwBSd_mrKXNGWN9,MU1t3YwBSd_mrKXNGWN9,2024-01-06 06:04:38.999000+00:00,004, ,, , 
net_Mk1t3YwBSd_mrKXNGWN9,Mk1t3YwBSd_mrKXNGWN9,2024-01-06 06:04:39.042000+00:00,004, ,, , 
net_OE1t3YwBSd_mrKXNGWN9,OE1t3YwBSd_mrKXNGWN9,2024-01-06 06:04:40.951000+00:00,004, ,, , 
net_Pk1t3YwBSd_mrKXNGWN9,Pk1t3YwBSd_mrKXNGWN9,2024-01-06 06:04:40.955000+00:00,004, ,, , 
net_Qk1t3YwBSd_mrKXNGWN9,Qk1t3YwBSd_mrKXNGWN9,2024-01-06 06:04:40.963000+00:00,004, ,, , 
net_Rk1t3YwBSd_mrKXNGWN9,Rk1t3YwBSd_mrKXNGWN9,2024-01-06 06:04:40.973000+00:00,004, ,, , 
net_SE1t3YwBSd_mrKXNGWN9,SE1t3YwBSd_mrKXNGWN9,2024-01-06 06:04:40.977000+00:00,004, ,, , 
net_Sk1t3YwBSd_mrKXNGWN9,Sk1t3YwBSd_mrKXNGWN9,2024-01-06 06:04:40.981000+00:00,004, ,, , 
net_T01t3YwBSd_mrKXNGWN9,T01t3YwBSd_mrKXNGWN9,2024-01-06 06:04:40.994000+00:00,004, ,, , 
net_Uk1t3YwBSd_mrKXNGWN9,Uk1t3YwBSd_mrKXNGWN9,2024-01-06 06:04:41.063000+00:00,004, ,, , 
net_U01t3YwBSd_mrKXNGWN9,U01t3YwBSd_mrKXNGWN9,2024-01-06 06:04:41.064000+00:00,004, ,, , 
net_VE1t3YwBSd_mrKXNGWN9,VE1t3YwBSd_mrKXNGWN9,2024-01-06 06:04:42.885000+00:00,004, ,, , 
net_Vk1t3YwBSd_mrKXNGWN9,Vk1t3YwBSd_mrKXNGWN9,2024-01-06 06:04:42.893000+00:00,004, ,, , 
net_Wk1t3YwBSd_mrKXNGWN9,Wk1t3YwBSd_mrKXNGWN9,2024-01-06 06:04:42.901000+00:00,004, ,, , 
net_XE1t3YwBSd_mrKXNGWN9,XE1t3YwBSd_mrKXNGWN9,2024-01-06 06:04:42.906000+00:00,004, ,, , 
net_Xk1t3YwBSd_mrKXNGWN9,Xk1t3YwBSd_mrKXNGWN9,2024-01-06 06:04:42.911000+00:00,004, ,, , 
net_YE1t3YwBSd_mrKXNGWN9,YE1t3YwBSd_mrKXNGWN9,2024-01-06 06:04:42.915000+00:00,004, ,, , 
net_YU1t3YwBSd_mrKXNGWN9,YU1t3YwBSd_mrKXNGWN9,2024-01-06 06:04:42.918000+00:00,004, ,, , 
net_Yk1t3YwBSd_mrKXNGmMM,Yk1t3YwBSd_mrKXNGmMM,2024-01-06 06:04:42.920000+00:00,004, ,, , 
net_Y01t3YwBSd_mrKXNGmMM,Y01t3YwBSd_mrKXNGmMM,2024-01-06 06:04:42.921000+00:00,004, ,, , 
net_ZU1t3YwBSd_mrKXNGmMM,ZU1t3YwBSd_mrKXNGmMM,2024-01-06 06:04:42.926000+00:00,004, ,, , 
net_bE1t3YwBSd_mrKXNGmMM,bE1t3YwBSd_mrKXNGmMM,2024-01-06 06:04:42.941000+00:00,004, ,, , 
net_bU1t3YwBSd_mrKXNGmMM,bU1t3YwBSd_mrKXNGmMM,2024-01-06 06:04:42.944000+00:00,004, ,, , 
net_cU1t3YwBSd_mrKXNGmMM,cU1t3YwBSd_mrKXNGmMM,2024-01-06 06:04:42.952000+00:00,004, ,, , 
net_c01t3YwBSd_mrKXNGmMM,c01t3YwBSd_mrKXNGmMM,2024-01-06 06:04:42.956000+00:00,004, ,, , 
net_dk1t3YwBSd_mrKXNGmMM,dk1t3YwBSd_mrKXNGmMM,2024-01-06 06:04:42.963000+00:00,004, ,, , 
net_e01t3YwBSd_mrKXNGmMM,e01t3YwBSd_mrKXNGmMM,2024-01-06 06:04:44.890000+00:00,004, ,, , 
net_gk1t3YwBSd_mrKXNGmMM,gk1t3YwBSd_mrKXNGmMM,2024-01-06 06:04:44.903000+00:00,004, ,, , 
net_hk1t3YwBSd_mrKXNGmMM,hk1t3YwBSd_mrKXNGmMM,2024-01-06 06:04:44.911000+00:00,004, ,, , 
net_h01t3YwBSd_mrKXNGmMM,h01t3YwBSd_mrKXNGmMM,2024-01-06 06:04:44.914000+00:00,004, ,, , 
net_iU1t3YwBSd_mrKXNGmMM,iU1t3YwBSd_mrKXNGmMM,2024-01-06 06:04:44.920000+00:00,004, ,, , 
net_ik1t3YwBSd_mrKXNGmMM,ik1t3YwBSd_mrKXNGmMM,2024-01-06 06:04:44.922000+00:00,004, ,, , 
net_i01t3YwBSd_mrKXNGmMM,i01t3YwBSd_mrKXNGmMM,2024-01-06 06:04:44.925000+00:00,004, ,, , 
net_jE1t3YwBSd_mrKXNGmMM,jE1t3YwBSd_mrKXNGmMM,2024-01-06 06:04:44.926000+00:00,004, ,, , 
net_j01t3YwBSd_mrKXNGmMM,j01t3YwBSd_mrKXNGmMM,2024-01-06 06:04:44.933000+00:00,004, ,, , 
net_kk1t3YwBSd_mrKXNGmMM,kk1t3YwBSd_mrKXNGmMM,2024-01-06 06:04:44.940000+00:00,004, ,, , 
net_k01t3YwBSd_mrKXNGmMM,k01t3YwBSd_mrKXNGmMM,2024-01-06 06:04:44.942000+00:00,004, ,, , 
net_mU1t3YwBSd_mrKXNGmO1,mU1t3YwBSd_mrKXNGmO1,2024-01-06 06:04:44.955000+00:00,004, ,, , 
net_m01t3YwBSd_mrKXNGmO1,m01t3YwBSd_mrKXNGmO1,2024-01-06 06:04:44.960000+00:00,004, ,, , 
net_nk1t3YwBSd_mrKXNGmO1,nk1t3YwBSd_mrKXNGmO1,2024-01-06 06:04:44.966000+00:00,004, ,, , 
net_n01t3YwBSd_mrKXNGmO1,n01t3YwBSd_mrKXNGmO1,2024-01-06 06:04:44.969000+00:00,004, ,, , 
net_ok1t3YwBSd_mrKXNGmO1,ok1t3YwBSd_mrKXNGmO1,2024-01-06 06:04:45.071000+00:00,004, ,, , 
net_qU1t3YwBSd_mrKXNGmO1,qU1t3YwBSd_mrKXNGmO1,2024-01-06 06:04:46.903000+00:00,004, ,, , 
net_qk1t3YwBSd_mrKXNGmO1,qk1t3YwBSd_mrKXNGmO1,2024-01-06 06:04:46.905000+00:00,004, ,, , 
net_q01t3YwBSd_mrKXNGmO1,q01t3YwBSd_mrKXNGmO1,2024-01-06 06:04:46.908000+00:00,004, ,, , 
net_sE1t3YwBSd_mrKXNGmO1,sE1t3YwBSd_mrKXNGmO1,2024-01-06 06:04:46.918000+00:00,004, ,, , 
net_sU1t3YwBSd_mrKXNGmO1,sU1t3YwBSd_mrKXNGmO1,2024-01-06 06:04:46.920000+00:00,004, ,, , 
net_tU1t3YwBSd_mrKXNGmO1,tU1t3YwBSd_mrKXNGmO1,2024-01-06 06:04:46.929000+00:00,004, ,, , 
net_xE1t3YwBSd_mrKXNGmO1,xE1t3YwBSd_mrKXNGmO1,2024-01-06 06:04:46.962000+00:00,004, ,, , 
net_xU1t3YwBSd_mrKXNGmO1,xU1t3YwBSd_mrKXNGmO1,2024-01-06 06:04:46.964000+00:00,004, ,, , 
net_x01t3YwBSd_mrKXNG2Mo,x01t3YwBSd_mrKXNG2Mo,2024-01-06 06:04:46.970000+00:00,004, ,, , 
net_yk1t3YwBSd_mrKXNG2Mo,yk1t3YwBSd_mrKXNG2Mo,2024-01-06 06:04:46.977000+00:00,004, ,, , 
net_0E1t3YwBSd_mrKXNG2Mo,0E1t3YwBSd_mrKXNG2Mo,2024-01-06 06:04:48.894000+00:00,004, ,, , 
net_001t3YwBSd_mrKXNG2Mo,001t3YwBSd_mrKXNG2Mo,2024-01-06 06:04:48.900000+00:00,004, ,, , 
net_201t3YwBSd_mrKXNG2Mp,201t3YwBSd_mrKXNG2Mp,2024-01-06 06:04:48.921000+00:00,004, ,, , 
net_3U1t3YwBSd_mrKXNG2Mp,3U1t3YwBSd_mrKXNG2Mp,2024-01-06 06:04:48.928000+00:00,004, ,, , 
net_3k1t3YwBSd_mrKXNG2Mp,3k1t3YwBSd_mrKXNG2Mp,2024-01-06 06:04:48.928000+00:00,004, ,, , 
net_4E1t3YwBSd_mrKXNG2Mp,4E1t3YwBSd_mrKXNG2Mp,2024-01-06 06:04:48.934000+00:00,004, ,, , 
net_4U1t3YwBSd_mrKXNG2Mp,4U1t3YwBSd_mrKXNG2Mp,2024-01-06 06:04:48.934000+00:00,004, ,, , 
net_4k1t3YwBSd_mrKXNG2Mp,4k1t3YwBSd_mrKXNG2Mp,2024-01-06 06:04:48.935000+00:00,004, ,, , 
net_6E1t3YwBSd_mrKXNG2Mp,6E1t3YwBSd_mrKXNG2Mp,2024-01-06 06:04:48.947000+00:00,004, ,, , 
net_601t3YwBSd_mrKXNG2Mp,601t3YwBSd_mrKXNG2Mp,2024-01-06 06:04:48.953000+00:00,004, ,, , 
net_7U1t3YwBSd_mrKXNG2Mp,7U1t3YwBSd_mrKXNG2Mp,2024-01-06 06:04:48.959000+00:00,004, ,, , 
net_AE1t3YwBSd_mrKXNG2SO,AE1t3YwBSd_mrKXNG2SO,2024-01-06 06:04:50.901000+00:00,004, ,, , 
net_AU1t3YwBSd_mrKXNG2SO,AU1t3YwBSd_mrKXNG2SO,2024-01-06 06:04:50.903000+00:00,004, ,, , 
net_A01t3YwBSd_mrKXNG2SO,A01t3YwBSd_mrKXNG2SO,2024-01-06 06:04:50.911000+00:00,004, ,, , 
net_BU1t3YwBSd_mrKXNG2SO,BU1t3YwBSd_mrKXNG2SO,2024-01-06 06:04:50.919000+00:00,004, ,, , 
net_Bk1t3YwBSd_mrKXNG2SO,Bk1t3YwBSd_mrKXNG2SO,2024-01-06 06:04:50.919000+00:00,004, ,, , 
net_B01t3YwBSd_mrKXNG2SO,B01t3YwBSd_mrKXNG2SO,2024-01-06 06:04:50.919000+00:00,004, ,, , 
net_CE1t3YwBSd_mrKXNG2SO,CE1t3YwBSd_mrKXNG2SO,2024-01-06 06:04:50.921000+00:00,004, ,, , 
net_DE1t3YwBSd_mrKXNG2SO,DE1t3YwBSd_mrKXNG2SO,2024-01-06 06:04:50.930000+00:00,004, ,, , 
net_EE1t3YwBSd_mrKXNG2SO,EE1t3YwBSd_mrKXNG2SO,2024-01-06 06:04:50.940000+00:00,004, ,, , 
net_E01t3YwBSd_mrKXNG2SO,E01t3YwBSd_mrKXNG2SO,2024-01-06 06:04:50.950000+00:00,004, ,, , 
net_GE1t3YwBSd_mrKXNG2SO,GE1t3YwBSd_mrKXNG2SO,2024-01-06 06:04:50.955000+00:00,004, ,, , 
net_H01t3YwBSd_mrKXNG2SO,H01t3YwBSd_mrKXNG2SO,2024-01-06 06:04:51.073000+00:00,004, ,, , 
net_IU1t3YwBSd_mrKXNG2SO,IU1t3YwBSd_mrKXNG2SO,2024-01-06 06:04:51.075000+00:00,004, ,, , 
net_I01t3YwBSd_mrKXNG2SO,I01t3YwBSd_mrKXNG2SO,2024-01-06 06:04:52.902000+00:00,004, ,, , 
net_Kk1t3YwBSd_mrKXNG2T3,Kk1t3YwBSd_mrKXNG2T3,2024-01-06 06:04:52.937000+00:00,004, ,, , 
net_LE1t3YwBSd_mrKXNG2T3,LE1t3YwBSd_mrKXNG2T3,2024-01-06 06:04:52.942000+00:00,004, ,, , 
net_ME1t3YwBSd_mrKXNG2T3,ME1t3YwBSd_mrKXNG2T3,2024-01-06 06:04:52.956000+00:00,004, ,, , 
net_NE1t3YwBSd_mrKXNG2T3,NE1t3YwBSd_mrKXNG2T3,2024-01-06 06:04:52.964000+00:00,004, ,, , 
net_Nk1t3YwBSd_mrKXNG2T3,Nk1t3YwBSd_mrKXNG2T3,2024-01-06 06:04:52.968000+00:00,004, ,, , 
net_OU1t3YwBSd_mrKXNG2T3,OU1t3YwBSd_mrKXNG2T3,2024-01-06 06:04:52.975000+00:00,004, ,, , 
net_PE1t3YwBSd_mrKXNG2T3,PE1t3YwBSd_mrKXNG2T3,2024-01-06 06:04:52.983000+00:00,004, ,, , 
net_Pk1t3YwBSd_mrKXNG2T3,Pk1t3YwBSd_mrKXNG2T3,2024-01-06 06:04:52.987000+00:00,004, ,, , 
net_QU1t3YwBSd_mrKXNG2T3,QU1t3YwBSd_mrKXNG2T3,2024-01-06 06:04:52.993000+00:00,004, ,, , 
net_Q01t3YwBSd_mrKXNG2T3,Q01t3YwBSd_mrKXNG2T3,2024-01-06 06:04:52.997000+00:00,004, ,, , 
net_Sk1t3YwBSd_mrKXNG2T3,Sk1t3YwBSd_mrKXNG2T3,2024-01-06 06:04:54.906000+00:00,004, ,, , 
net_TE1t3YwBSd_mrKXNG2T3,TE1t3YwBSd_mrKXNG2T3,2024-01-06 06:04:54.909000+00:00,004, ,, , 
net_TU1t3YwBSd_mrKXNG2T3,TU1t3YwBSd_mrKXNG2T3,2024-01-06 06:04:54.911000+00:00,004, ,, , 
net_UU1t3YwBSd_mrKXNG2T3,UU1t3YwBSd_mrKXNG2T3,2024-01-06 06:04:54.926000+00:00,004, ,, , 
net_Uk1t3YwBSd_mrKXNG2T3,Uk1t3YwBSd_mrKXNG2T3,2024-01-06 06:04:54.929000+00:00,004, ,, , 
net_U01t3YwBSd_mrKXNG2T3,U01t3YwBSd_mrKXNG2T3,2024-01-06 06:04:54.931000+00:00,004, ,, , 
net_Vk1t3YwBSd_mrKXNG2T3,Vk1t3YwBSd_mrKXNG2T3,2024-01-06 06:04:54.938000+00:00,004, ,, , 
net_WU1t3YwBSd_mrKXNG2T3,WU1t3YwBSd_mrKXNG2T3,2024-01-06 06:04:54.944000+00:00,004, ,, , 
net_XU1t3YwBSd_mrKXNHGRY,XU1t3YwBSd_mrKXNHGRY,2024-01-06 06:04:54.952000+00:00,004, ,, , 
net_Xk1t3YwBSd_mrKXNHGRY,Xk1t3YwBSd_mrKXNHGRY,2024-01-06 06:04:54.954000+00:00,004, ,, , 
net_X01t3YwBSd_mrKXNHGRY,X01t3YwBSd_mrKXNHGRY,2024-01-06 06:04:54.960000+00:00,004, ,, , 
net_Yk1t3YwBSd_mrKXNHGRY,Yk1t3YwBSd_mrKXNHGRY,2024-01-06 06:04:54.963000+00:00,004, ,, , 
net_ZE1t3YwBSd_mrKXNHGRY,ZE1t3YwBSd_mrKXNHGRY,2024-01-06 06:04:54.967000+00:00,004, ,, , 
net_ZU1t3YwBSd_mrKXNHGRY,ZU1t3YwBSd_mrKXNHGRY,2024-01-06 06:04:54.970000+00:00,004, ,, , 
net_Zk1t3YwBSd_mrKXNHGRY,Zk1t3YwBSd_mrKXNHGRY,2024-01-06 06:04:54.981000+00:00,004, ,, , 
net_aE1t3YwBSd_mrKXNHGRY,aE1t3YwBSd_mrKXNHGRY,2024-01-06 06:04:54.981000+00:00,004, ,, , 
net_a01t3YwBSd_mrKXNHGRY,a01t3YwBSd_mrKXNHGRY,2024-01-06 06:04:54.983000+00:00,004, ,, , 
net_bE1t3YwBSd_mrKXNHGRY,bE1t3YwBSd_mrKXNHGRY,2024-01-06 06:04:54.986000+00:00,004, ,, , 
net_bU1t3YwBSd_mrKXNHGRY,bU1t3YwBSd_mrKXNHGRY,2024-01-06 06:04:54.987000+00:00,004, ,, , 
net_cE1t3YwBSd_mrKXNHGRY,cE1t3YwBSd_mrKXNHGRY,2024-01-06 06:04:55.078000+00:00,004, ,, , 
net_cU1t3YwBSd_mrKXNHGRY,cU1t3YwBSd_mrKXNHGRY,2024-01-06 06:04:55.080000+00:00,004, ,, , 
net_ck1t3YwBSd_mrKXNHGRY,ck1t3YwBSd_mrKXNHGRY,2024-01-06 06:04:55.082000+00:00,004, ,, , 
net_c01t3YwBSd_mrKXNHGRY,c01t3YwBSd_mrKXNHGRY,2024-01-06 06:04:56.908000+00:00,004, ,, , 
net_dE1t3YwBSd_mrKXNHGRY,dE1t3YwBSd_mrKXNHGRY,2024-01-06 06:04:56.909000+00:00,004, ,, , 
net_dU1t3YwBSd_mrKXNHGRY,dU1t3YwBSd_mrKXNHGRY,2024-01-06 06:04:56.910000+00:00,004, ,, , 
net_dk1t3YwBSd_mrKXNHGRY,dk1t3YwBSd_mrKXNHGRY,2024-01-06 06:04:56.913000+00:00,004, ,, , 
net_d01t3YwBSd_mrKXNHGRY,d01t3YwBSd_mrKXNHGRY,2024-01-06 06:04:56.914000+00:00,004, ,, , 
net_fE1t3YwBSd_mrKXNHGRY,fE1t3YwBSd_mrKXNHGRY,2024-01-06 06:04:56.925000+00:00,004, ,, , 
net_fU1t3YwBSd_mrKXNHGRY,fU1t3YwBSd_mrKXNHGRY,2024-01-06 06:04:56.927000+00:00,004, ,, , 
net_fk1t3YwBSd_mrKXNHGRY,fk1t3YwBSd_mrKXNHGRY,2024-01-06 06:04:56.929000+00:00,004, ,, , 
net_gk1t3YwBSd_mrKXNHGRY,gk1t3YwBSd_mrKXNHGRY,2024-01-06 06:04:56.938000+00:00,004, ,, , 
net_g01t3YwBSd_mrKXNHGRY,g01t3YwBSd_mrKXNHGRY,2024-01-06 06:04:56.940000+00:00,004, ,, , 
net_hE1t3YwBSd_mrKXNHGRY,hE1t3YwBSd_mrKXNHGRY,2024-01-06 06:04:56.942000+00:00,004, ,, , 
net_iE1t3YwBSd_mrKXNHGRY,iE1t3YwBSd_mrKXNHGRY,2024-01-06 06:04:56.951000+00:00,004, ,, , 
net_j01t3YwBSd_mrKXNHGTI,j01t3YwBSd_mrKXNHGTI,2024-01-06 06:04:56.966000+00:00,004, ,, , 
net_kE1t3YwBSd_mrKXNHGTI,kE1t3YwBSd_mrKXNHGTI,2024-01-06 06:04:56.968000+00:00,004, ,, , 
net_lE1t3YwBSd_mrKXNHGTI,lE1t3YwBSd_mrKXNHGTI,2024-01-06 06:04:56.976000+00:00,004, ,, , 
net_mk1t3YwBSd_mrKXNHGTI,mk1t3YwBSd_mrKXNHGTI,2024-01-06 06:04:58.914000+00:00,004, ,, , 
net_ok1t3YwBSd_mrKXNHGTI,ok1t3YwBSd_mrKXNHGTI,2024-01-06 06:04:58.928000+00:00,004, ,, , 
net_pE1t3YwBSd_mrKXNHGTI,pE1t3YwBSd_mrKXNHGTI,2024-01-06 06:04:58.969000+00:00,004, ,, , 
net_qk1t3YwBSd_mrKXNHGTI,qk1t3YwBSd_mrKXNHGTI,2024-01-06 06:05:06.931000+00:00,004, ,, , 
net_q01t3YwBSd_mrKXNHGTI,q01t3YwBSd_mrKXNHGTI,2024-01-06 06:05:06.933000+00:00,004, ,, , 
net_rE1t3YwBSd_mrKXNHGTI,rE1t3YwBSd_mrKXNHGTI,2024-01-06 06:05:06.936000+00:00,004, ,, , 
net_rU1t3YwBSd_mrKXNHGTI,rU1t3YwBSd_mrKXNHGTI,2024-01-06 06:05:06.938000+00:00,004, ,, , 
net_rk1t3YwBSd_mrKXNHGTI,rk1t3YwBSd_mrKXNHGTI,2024-01-06 06:05:06.940000+00:00,004, ,, , 
net_sE1t3YwBSd_mrKXNHGTI,sE1t3YwBSd_mrKXNHGTI,2024-01-06 06:05:06.945000+00:00,004, ,, , 
net_s01t3YwBSd_mrKXNHGTI,s01t3YwBSd_mrKXNHGTI,2024-01-06 06:05:06.950000+00:00,004, ,, , 
net_tE1t3YwBSd_mrKXNHGTI,tE1t3YwBSd_mrKXNHGTI,2024-01-06 06:05:06.957000+00:00,004, ,, , 
net_uU1t3YwBSd_mrKXNHGTI,uU1t3YwBSd_mrKXNHGTI,2024-01-06 06:05:07.092000+00:00,004, ,, , 
net_vk1t3YwBSd_mrKXNHGTI,vk1t3YwBSd_mrKXNHGTI,2024-01-06 06:05:08.936000+00:00,004, ,, , 
net_v01t3YwBSd_mrKXNHGTI,v01t3YwBSd_mrKXNHGTI,2024-01-06 06:05:08.936000+00:00,004, ,, , 
net_wE1t3YwBSd_mrKXNHmQj,wE1t3YwBSd_mrKXNHmQj,2024-01-06 06:05:08.936000+00:00,004, ,, , 
net_wk1t3YwBSd_mrKXNHmQj,wk1t3YwBSd_mrKXNHmQj,2024-01-06 06:05:08.942000+00:00,004, ,, , 
net_w01t3YwBSd_mrKXNHmQj,w01t3YwBSd_mrKXNHmQj,2024-01-06 06:05:08.942000+00:00,004, ,, , 
net_xU1t3YwBSd_mrKXNHmQj,xU1t3YwBSd_mrKXNHmQj,2024-01-06 06:05:08.949000+00:00,004, ,, , 
net_x01t3YwBSd_mrKXNHmQj,x01t3YwBSd_mrKXNHmQj,2024-01-06 06:05:08.955000+00:00,004, ,, , 
net_yU1t3YwBSd_mrKXNHmQj,yU1t3YwBSd_mrKXNHmQj,2024-01-06 06:05:08.955000+00:00,004, ,, , 
net_0E1t3YwBSd_mrKXNHmQj,0E1t3YwBSd_mrKXNHmQj,2024-01-06 06:05:08.973000+00:00,004, ,, , 
net_1E1t3YwBSd_mrKXNHmQj,1E1t3YwBSd_mrKXNHmQj,2024-01-06 06:05:08.980000+00:00,004, ,, , 
net_1U1t3YwBSd_mrKXNHmQj,1U1t3YwBSd_mrKXNHmQj,2024-01-06 06:05:08.980000+00:00,004, ,, , 
net_101t3YwBSd_mrKXNHmQj,101t3YwBSd_mrKXNHmQj,2024-01-06 06:05:08.987000+00:00,004, ,, , 
net_201t3YwBSd_mrKXNHmQj,201t3YwBSd_mrKXNHmQj,2024-01-06 06:07:46.737000+00:00,004, ,, , 
net_3E1t3YwBSd_mrKXNHmQj,3E1t3YwBSd_mrKXNHmQj,2024-01-06 06:07:46.737000+00:00,004, ,, , 
net_3U1t3YwBSd_mrKXNHmQj,3U1t3YwBSd_mrKXNHmQj,2024-01-06 06:07:46.743000+00:00,004, ,, , 
net_3k1t3YwBSd_mrKXNHmQj,3k1t3YwBSd_mrKXNHmQj,2024-01-06 06:07:46.743000+00:00,004, ,, , 
net_301t3YwBSd_mrKXNHmQj,301t3YwBSd_mrKXNHmQj,2024-01-06 06:07:46.743000+00:00,004, ,, , 
net_4E1t3YwBSd_mrKXNHmQj,4E1t3YwBSd_mrKXNHmQj,2024-01-06 06:07:46.748000+00:00,004, ,, , 
net_4k1t3YwBSd_mrKXNHmQj,4k1t3YwBSd_mrKXNHmQj,2024-01-06 06:07:46.753000+00:00,004, ,, , 
net_401t3YwBSd_mrKXNHmQj,401t3YwBSd_mrKXNHmQj,2024-01-06 06:07:46.759000+00:00,004, ,, , 
net_501t3YwBSd_mrKXNHmQj,501t3YwBSd_mrKXNHmQj,2024-01-06 06:07:46.765000+00:00,004, ,, , 
net_601t3YwBSd_mrKXNHmQj,601t3YwBSd_mrKXNHmQj,2024-01-06 06:07:46.774000+00:00,004, ,, , 
net_8U1t3YwBSd_mrKXNHmQj,8U1t3YwBSd_mrKXNHmQj,2024-01-06 06:07:46.793000+00:00,004, ,, , 
net_9E1t3YwBSd_mrKXNHmSl,9E1t3YwBSd_mrKXNHmSl,2024-01-06 06:07:46.799000+00:00,004, ,, , 
net_9k1t3YwBSd_mrKXNHmSl,9k1t3YwBSd_mrKXNHmSl,2024-01-06 06:07:46.800000+00:00,004, ,, , 
net_901t3YwBSd_mrKXNHmSl,901t3YwBSd_mrKXNHmSl,2024-01-06 06:07:46.808000+00:00,004, ,, , 
net_'-E1t3YwBSd_mrKXNHmSl,'-E1t3YwBSd_mrKXNHmSl,2024-01-06 06:08:02.686000+00:00,004, ,, , 
net_'-U1t3YwBSd_mrKXNHmSl,'-U1t3YwBSd_mrKXNHmSl,2024-01-06 06:08:02.690000+00:00,004, ,, , 
net__U1t3YwBSd_mrKXNHmSl,_U1t3YwBSd_mrKXNHmSl,2024-01-06 06:09:05.021000+00:00,004, ,, , 
net_BU1t3YwBSd_mrKXNHmWl,BU1t3YwBSd_mrKXNHmWl,2024-01-06 06:09:05.044000+00:00,004, ,, , 
net_Bk1t3YwBSd_mrKXNHmWl,Bk1t3YwBSd_mrKXNHmWl,2024-01-06 06:09:30.822000+00:00,004, ,, , 
net_B01t3YwBSd_mrKXNHmWl,B01t3YwBSd_mrKXNHmWl,2024-01-06 06:09:30.823000+00:00,004, ,, , 
net_C01t3YwBSd_mrKXNHmWl,C01t3YwBSd_mrKXNHmWl,2024-01-06 06:09:30.829000+00:00,004, ,, , 
net_DU1t3YwBSd_mrKXNHmWl,DU1t3YwBSd_mrKXNHmWl,2024-01-06 06:09:30.835000+00:00,004, ,, , 
net_D01t3YwBSd_mrKXNHmWl,D01t3YwBSd_mrKXNHmWl,2024-01-06 06:09:30.844000+00:00,004, ,, , 
net_EE1t3YwBSd_mrKXNHmWl,EE1t3YwBSd_mrKXNHmWl,2024-01-06 06:09:30.845000+00:00,004, ,, , 
net_Ek1t3YwBSd_mrKXNHmWl,Ek1t3YwBSd_mrKXNHmWl,2024-01-06 06:09:30.852000+00:00,004, ,, , 
net_Fk1t3YwBSd_mrKXNHmWl,Fk1t3YwBSd_mrKXNHmWl,2024-01-06 06:09:30.860000+00:00,004, ,, , 
net_GE1t3YwBSd_mrKXNHmWl,GE1t3YwBSd_mrKXNHmWl,2024-01-06 06:09:30.865000+00:00,004, ,, , 
net_Gk1t3YwBSd_mrKXNHmWl,Gk1t3YwBSd_mrKXNHmWl,2024-01-06 06:09:30.869000+00:00,004, ,, , 
net_HE1t3YwBSd_mrKXNHmWl,HE1t3YwBSd_mrKXNHmWl,2024-01-06 06:09:30.874000+00:00,004, ,, , 
net_Hk1t3YwBSd_mrKXNHmWl,Hk1t3YwBSd_mrKXNHmWl,2024-01-06 06:09:30.920000+00:00,004, ,, , 
net_H01t3YwBSd_mrKXNHmWl,H01t3YwBSd_mrKXNHmWl,2024-01-06 06:09:39.448000+00:00,000, ,, , 
net_IE1t3YwBSd_mrKXNHmWl,IE1t3YwBSd_mrKXNHmWl,2024-01-06 06:14:35.240000+00:00,004, ,, , 
net_Ik1t3YwBSd_mrKXNHmWl,Ik1t3YwBSd_mrKXNHmWl,2024-01-06 06:14:37.395000+00:00,004, ,, , 
net_JE1t3YwBSd_mrKXNHmX5,JE1t3YwBSd_mrKXNHmX5,2024-01-06 06:14:41.251000+00:00,004, ,, , 
net_JU1t3YwBSd_mrKXNHmX5,JU1t3YwBSd_mrKXNHmX5,2024-01-06 06:14:41.252000+00:00,004, ,, , 
net_KE1t3YwBSd_mrKXNHmX5,KE1t3YwBSd_mrKXNHmX5,2024-01-06 06:15:05.358000+00:00,004, ,, , 
net_K01t3YwBSd_mrKXNHmX5,K01t3YwBSd_mrKXNHmX5,2024-01-06 06:15:05.364000+00:00,004, ,, , 
net_LE1t3YwBSd_mrKXNHmX5,LE1t3YwBSd_mrKXNHmX5,2024-01-06 06:15:05.370000+00:00,004, ,, , 
net_ohP93IwBbVMQAOLa2aH_,ohP93IwBbVMQAOLa2aH_,2024-01-06 04:17:34.981000+00:00,004, ,, , 
net_oxP93IwBbVMQAOLa2aH_,oxP93IwBbVMQAOLa2aH_,2024-01-06 04:17:34.987000+00:00,004, ,, , 
net_qRP93IwBbVMQAOLa2aH_,qRP93IwBbVMQAOLa2aH_,2024-01-06 04:17:35.006000+00:00,004, ,, , 
net_qhP93IwBbVMQAOLa2aH_,qhP93IwBbVMQAOLa2aH_,2024-01-06 04:17:34.992000+00:00,004, ,, , 
net_rhP93IwBbVMQAOLa2aH_,rhP93IwBbVMQAOLa2aH_,2024-01-06 04:17:35.019000+00:00,004, ,, , 
net_sRP93IwBbVMQAOLa2aH_,sRP93IwBbVMQAOLa2aH_,2024-01-06 04:17:35.021000+00:00,004, ,, , 
net_shP93IwBbVMQAOLa2aH_,shP93IwBbVMQAOLa2aH_,2024-01-06 04:17:35.060000+00:00,004, ,, , 
net_thP93IwBbVMQAOLa2aH_,thP93IwBbVMQAOLa2aH_,2024-01-06 04:17:35.101000+00:00,004, ,, , 
net_uBP93IwBbVMQAOLa2aH_,uBP93IwBbVMQAOLa2aH_,2024-01-06 04:17:35.103000+00:00,004, ,, , 
net_uxP93IwBbVMQAOLa2aH_,uxP93IwBbVMQAOLa2aH_,2024-01-06 04:17:35.117000+00:00,004, ,, , 
net_wRP93IwBbVMQAOLa2aH_,wRP93IwBbVMQAOLa2aH_,2024-01-06 04:17:35.256000+00:00,004, ,, , 
net_wxP93IwBbVMQAOLa2aH_,wxP93IwBbVMQAOLa2aH_,2024-01-06 04:17:35.237000+00:00,004, ,, , 
net_xRP93IwBbVMQAOLa2aH_,xRP93IwBbVMQAOLa2aH_,2024-01-06 04:17:35.258000+00:00,004, ,, , 
net_xxP93IwBbVMQAOLa2aH_,xxP93IwBbVMQAOLa2aH_,2024-01-06 04:17:35.267000+00:00,004, ,, , 
net_yRP93IwBbVMQAOLa2aH_,yRP93IwBbVMQAOLa2aH_,2024-01-06 04:17:35.270000+00:00,004, ,, , 
net_zBP93IwBbVMQAOLa2aH_,zBP93IwBbVMQAOLa2aH_,2024-01-06 04:17:35.273000+00:00,004, ,, , 
net_zhP93IwBbVMQAOLa2aH_,zhP93IwBbVMQAOLa2aH_,2024-01-06 04:17:35.284000+00:00,004, ,, , 
net_0BP93IwBbVMQAOLa2aH_,0BP93IwBbVMQAOLa2aH_,2024-01-06 04:17:35.338000+00:00,004, ,, , 
net_0RP93IwBbVMQAOLa6KH7,0RP93IwBbVMQAOLa6KH7,2024-01-06 04:17:35.344000+00:00,004, ,, , 
net_2RP93IwBbVMQAOLa6KH7,2RP93IwBbVMQAOLa6KH7,2024-01-06 04:17:35.360000+00:00,004, ,, , 
net_3BP93IwBbVMQAOLa6KH7,3BP93IwBbVMQAOLa6KH7,2024-01-06 04:17:35.364000+00:00,004, ,, , 
net_3RP93IwBbVMQAOLa6KH7,3RP93IwBbVMQAOLa6KH7,2024-01-06 04:17:35.374000+00:00,004, ,, , 
net_5BP93IwBbVMQAOLa6KH7,5BP93IwBbVMQAOLa6KH7,2024-01-06 04:17:37.134000+00:00,004, ,, , 
net_5xP93IwBbVMQAOLa6KH8,5xP93IwBbVMQAOLa6KH8,2024-01-06 04:17:37.526000+00:00,004, ,, , 
net_6RP93IwBbVMQAOLa6KH8,6RP93IwBbVMQAOLa6KH8,2024-01-06 04:17:37.528000+00:00,004, ,, , 
net_6hP93IwBbVMQAOLa6KH8,6hP93IwBbVMQAOLa6KH8,2024-01-06 04:17:37.531000+00:00,004, ,, , 
net_7RP93IwBbVMQAOLa6KH8,7RP93IwBbVMQAOLa6KH8,2024-01-06 04:17:37.562000+00:00,004, ,, , 
net_7hP93IwBbVMQAOLa6KH8,7hP93IwBbVMQAOLa6KH8,2024-01-06 04:17:37.563000+00:00,004, ,, , 
net_7xP93IwBbVMQAOLa6KH8,7xP93IwBbVMQAOLa6KH8,2024-01-06 04:17:37.568000+00:00,004, ,, , 
net_8RP93IwBbVMQAOLa6KH8,8RP93IwBbVMQAOLa6KH8,2024-01-06 04:17:37.587000+00:00,004, ,, , 
net_'-BP93IwBbVMQAOLa6KH8,'-BP93IwBbVMQAOLa6KH8,2024-01-06 04:17:37.733000+00:00,004, ,, , 
net_'-xP93IwBbVMQAOLa6KH8,'-xP93IwBbVMQAOLa6KH8,2024-01-06 04:17:39.149000+00:00,004, ,, , 
net_ARP93IwBbVMQAOLa6KL8,ARP93IwBbVMQAOLa6KL8,2024-01-06 04:17:39.198000+00:00,004, ,, , 
net_BxP93IwBbVMQAOLa8KJ2,BxP93IwBbVMQAOLa8KJ2,2024-01-06 04:17:39.293000+00:00,004, ,, , 
net_CRP93IwBbVMQAOLa8KJ2,CRP93IwBbVMQAOLa8KJ2,2024-01-06 04:17:39.315000+00:00,004, ,, , 
net_ChP93IwBbVMQAOLa8KJ2,ChP93IwBbVMQAOLa8KJ2,2024-01-06 04:17:39.325000+00:00,004, ,, , 
net_CxP93IwBbVMQAOLa8KJ2,CxP93IwBbVMQAOLa8KJ2,2024-01-06 04:17:39.332000+00:00,004, ,, , 
net_DRP93IwBbVMQAOLa8KJ2,DRP93IwBbVMQAOLa8KJ2,2024-01-06 04:17:39.347000+00:00,004, ,, , 
net_DhP93IwBbVMQAOLa8KJ2,DhP93IwBbVMQAOLa8KJ2,2024-01-06 04:17:39.348000+00:00,004, ,, , 
net_EhP93IwBbVMQAOLa8KJ2,EhP93IwBbVMQAOLa8KJ2,2024-01-06 04:17:39.356000+00:00,004, ,, , 
net_FRP93IwBbVMQAOLa8KJ2,FRP93IwBbVMQAOLa8KJ2,2024-01-06 04:17:39.903000+00:00,000, ,, , 
net_GRP93IwBbVMQAOLa8KJ2,GRP93IwBbVMQAOLa8KJ2,2024-01-06 04:17:41.120000+00:00,004, ,, , 
net_GhP93IwBbVMQAOLa8KJ2,GhP93IwBbVMQAOLa8KJ2,2024-01-06 04:17:41.137000+00:00,004, ,, , 
net_HBP93IwBbVMQAOLa8KJ2,HBP93IwBbVMQAOLa8KJ2,2024-01-06 04:17:41.267000+00:00,004, ,, , 
net_IRP93IwBbVMQAOLa8KJ2,IRP93IwBbVMQAOLa8KJ2,2024-01-06 04:17:43.205000+00:00,004, ,, , 
net_JhP93IwBbVMQAOLa8KJ2,JhP93IwBbVMQAOLa8KJ2,2024-01-06 04:17:43.316000+00:00,004, ,, , 
net_KBP93IwBbVMQAOLa8KJ2,KBP93IwBbVMQAOLa8KJ2,2024-01-06 04:17:43.325000+00:00,004, ,, , 
net_KxP93IwBbVMQAOLa8KJ2,KxP93IwBbVMQAOLa8KJ2,2024-01-06 04:17:45.083000+00:00,004, ,, , 
net_LxP93IwBbVMQAOLa8KJ2,LxP93IwBbVMQAOLa8KJ2,2024-01-06 04:17:45.118000+00:00,004, ,, , 
net_MBP93IwBbVMQAOLa8KJ2,MBP93IwBbVMQAOLa8KJ2,2024-01-06 04:17:45.143000+00:00,004, ,, , 
net_MhP93IwBbVMQAOLa8KJ2,MhP93IwBbVMQAOLa8KJ2,2024-01-06 04:17:45.163000+00:00,004, ,, , 
net_NBP93IwBbVMQAOLa8KJ2,NBP93IwBbVMQAOLa8KJ2,2024-01-06 04:17:45.223000+00:00,004, ,, , 
net_NRP93IwBbVMQAOLa_6Jl,NRP93IwBbVMQAOLa_6Jl,2024-01-06 04:17:45.268000+00:00,004, ,, , 
net_PRP93IwBbVMQAOLa_6Jm,PRP93IwBbVMQAOLa_6Jm,2024-01-06 04:17:45.370000+00:00,004, ,, , 
net_PxP93IwBbVMQAOLa_6Jm,PxP93IwBbVMQAOLa_6Jm,2024-01-06 04:17:45.375000+00:00,004, ,, , 
net_QxP93IwBbVMQAOLa_6Jm,QxP93IwBbVMQAOLa_6Jm,2024-01-06 04:17:47.151000+00:00,004, ,, , 
net_RBP93IwBbVMQAOLa_6Jm,RBP93IwBbVMQAOLa_6Jm,2024-01-06 04:17:47.168000+00:00,004, ,, , 
net_SBP93IwBbVMQAOLa_6Jm,SBP93IwBbVMQAOLa_6Jm,2024-01-06 04:17:47.169000+00:00,004, ,, , 
net_ShP93IwBbVMQAOLa_6Jm,ShP93IwBbVMQAOLa_6Jm,2024-01-06 04:17:47.170000+00:00,004, ,, , 
net_URP93IwBbVMQAOLa_6Jm,URP93IwBbVMQAOLa_6Jm,2024-01-06 04:17:47.258000+00:00,004, ,, , 
net_VRP93IwBbVMQAOLa_6Jm,VRP93IwBbVMQAOLa_6Jm,2024-01-06 04:17:49.124000+00:00,004, ,, , 
net_VxP93IwBbVMQAOLa_6Jm,VxP93IwBbVMQAOLa_6Jm,2024-01-06 04:17:49.128000+00:00,004, ,, , 
net_YhP93IwBbVMQAOLa_6Jm,YhP93IwBbVMQAOLa_6Jm,2024-01-06 04:17:49.180000+00:00,004, ,, , 
net_ZhP93IwBbVMQAOLa_6Jn,ZhP93IwBbVMQAOLa_6Jn,2024-01-06 04:17:49.197000+00:00,004, ,, , 
net_ahP-3IwBbVMQAOLaAqKA,ahP-3IwBbVMQAOLaAqKA,2024-01-06 04:17:49.209000+00:00,004, ,, , 
net_bRP-3IwBbVMQAOLaAqKA,bRP-3IwBbVMQAOLaAqKA,2024-01-06 04:17:49.300000+00:00,004, ,, , 
net_cBP-3IwBbVMQAOLaAqKA,cBP-3IwBbVMQAOLaAqKA,2024-01-06 04:17:49.312000+00:00,004, ,, , 
net_chP-3IwBbVMQAOLaAqKA,chP-3IwBbVMQAOLaAqKA,2024-01-06 04:17:49.313000+00:00,004, ,, , 
net_cxP-3IwBbVMQAOLaAqKA,cxP-3IwBbVMQAOLaAqKA,2024-01-06 04:17:49.519000+00:00,004, ,, , 
net_dRP-3IwBbVMQAOLaAqKA,dRP-3IwBbVMQAOLaAqKA,2024-01-06 04:17:51.120000+00:00,004, ,, , 
net_dxP-3IwBbVMQAOLaAqKA,dxP-3IwBbVMQAOLaAqKA,2024-01-06 04:17:51.129000+00:00,004, ,, , 
net_eBP-3IwBbVMQAOLaAqKA,eBP-3IwBbVMQAOLaAqKA,2024-01-06 04:17:51.132000+00:00,004, ,, , 
net_exP-3IwBbVMQAOLaAqKA,exP-3IwBbVMQAOLaAqKA,2024-01-06 04:17:51.145000+00:00,004, ,, , 
net_fBP-3IwBbVMQAOLaAqKA,fBP-3IwBbVMQAOLaAqKA,2024-01-06 04:17:51.158000+00:00,004, ,, , 
net_fRP-3IwBbVMQAOLaAqKA,fRP-3IwBbVMQAOLaAqKA,2024-01-06 04:17:51.166000+00:00,004, ,, , 
net_gBP-3IwBbVMQAOLaAqKA,gBP-3IwBbVMQAOLaAqKA,2024-01-06 04:17:51.254000+00:00,004, ,, , 
net_hBP-3IwBbVMQAOLaAqKB,hBP-3IwBbVMQAOLaAqKB,2024-01-06 04:17:51.260000+00:00,004, ,, , 
net_iBP-3IwBbVMQAOLaAqKB,iBP-3IwBbVMQAOLaAqKB,2024-01-06 04:17:51.258000+00:00,004, ,, , 
net_iRP-3IwBbVMQAOLaAqKB,iRP-3IwBbVMQAOLaAqKB,2024-01-06 04:17:51.257000+00:00,004, ,, , 
net_ihP-3IwBbVMQAOLaAqKB,ihP-3IwBbVMQAOLaAqKB,2024-01-06 04:17:51.321000+00:00,004, ,, , 
net_jRP-3IwBbVMQAOLaAqKB,jRP-3IwBbVMQAOLaAqKB,2024-01-06 04:17:51.322000+00:00,004, ,, , 
net_jxP-3IwBbVMQAOLaAqKB,jxP-3IwBbVMQAOLaAqKB,2024-01-06 04:17:51.322000+00:00,004, ,, , 
net_khP-3IwBbVMQAOLaAqKB,khP-3IwBbVMQAOLaAqKB,2024-01-06 04:17:51.322000+00:00,004, ,, , 
net_kxP-3IwBbVMQAOLaAqKB,kxP-3IwBbVMQAOLaAqKB,2024-01-06 04:17:51.261000+00:00,004, ,, , 
net_lBP-3IwBbVMQAOLaAqKB,lBP-3IwBbVMQAOLaAqKB,2024-01-06 04:17:51.322000+00:00,004, ,, , 
net_mRP-3IwBbVMQAOLaBKLO,mRP-3IwBbVMQAOLaBKLO,2024-01-06 04:17:53.158000+00:00,004, ,, , 
net_mhP-3IwBbVMQAOLaBKLO,mhP-3IwBbVMQAOLaBKLO,2024-01-06 04:17:53.159000+00:00,004, ,, , 
net_oRP-3IwBbVMQAOLaBKLO,oRP-3IwBbVMQAOLaBKLO,2024-01-06 04:17:53.181000+00:00,004, ,, , 
net_oxP-3IwBbVMQAOLaBKLO,oxP-3IwBbVMQAOLaBKLO,2024-01-06 04:17:53.194000+00:00,004, ,, , 
net_pBP-3IwBbVMQAOLaBKLO,pBP-3IwBbVMQAOLaBKLO,2024-01-06 04:17:53.209000+00:00,004, ,, , 
net_phP-3IwBbVMQAOLaBKLO,phP-3IwBbVMQAOLaBKLO,2024-01-06 04:17:53.215000+00:00,004, ,, , 
net_pxP-3IwBbVMQAOLaBKLO,pxP-3IwBbVMQAOLaBKLO,2024-01-06 04:17:53.219000+00:00,004, ,, , 
net_qBP-3IwBbVMQAOLaBKLO,qBP-3IwBbVMQAOLaBKLO,2024-01-06 04:17:53.223000+00:00,004, ,, , 
net_qRP-3IwBbVMQAOLaBKLO,qRP-3IwBbVMQAOLaBKLO,2024-01-06 04:17:55.166000+00:00,004, ,, , 
net_qhP-3IwBbVMQAOLaBKLO,qhP-3IwBbVMQAOLaBKLO,2024-01-06 04:17:55.213000+00:00,004, ,, , 
net_tBP-3IwBbVMQAOLaBKLO,tBP-3IwBbVMQAOLaBKLO,2024-01-06 04:17:55.224000+00:00,004, ,, , 
net_uBP-3IwBbVMQAOLaBKLO,uBP-3IwBbVMQAOLaBKLO,2024-01-06 04:17:57.136000+00:00,004, ,, , 
net_uxP-3IwBbVMQAOLaBKLO,uxP-3IwBbVMQAOLaBKLO,2024-01-06 04:17:57.184000+00:00,004, ,, , 
net_vBP-3IwBbVMQAOLaBKLO,vBP-3IwBbVMQAOLaBKLO,2024-01-06 04:17:57.184000+00:00,004, ,, , 
net_vRP-3IwBbVMQAOLaBKLO,vRP-3IwBbVMQAOLaBKLO,2024-01-06 04:17:57.185000+00:00,004, ,, , 
net_vxP-3IwBbVMQAOLaBKLO,vxP-3IwBbVMQAOLaBKLO,2024-01-06 04:17:57.186000+00:00,004, ,, , 
net_wBP-3IwBbVMQAOLaBKLO,wBP-3IwBbVMQAOLaBKLO,2024-01-06 04:17:57.188000+00:00,004, ,, , 
net_whP-3IwBbVMQAOLaBKLO,whP-3IwBbVMQAOLaBKLO,2024-01-06 04:17:59.143000+00:00,004, ,, , 
net_xBP-3IwBbVMQAOLaBKLO,xBP-3IwBbVMQAOLaBKLO,2024-01-06 04:17:59.172000+00:00,004, ,, , 
net_xxP-3IwBbVMQAOLaBKLO,xxP-3IwBbVMQAOLaBKLO,2024-01-06 04:17:59.220000+00:00,004, ,, , 
net_zxP-3IwBbVMQAOLaB6Lh,zxP-3IwBbVMQAOLaB6Lh,2024-01-06 04:17:59.284000+00:00,004, ,, , 
net_0hP-3IwBbVMQAOLaB6Lh,0hP-3IwBbVMQAOLaB6Lh,2024-01-06 04:17:59.307000+00:00,004, ,, , 
net_1RP-3IwBbVMQAOLaB6Lh,1RP-3IwBbVMQAOLaB6Lh,2024-01-06 04:17:59.309000+00:00,004, ,, , 
net_2RP-3IwBbVMQAOLaB6Lh,2RP-3IwBbVMQAOLaB6Lh,2024-01-06 04:17:59.313000+00:00,004, ,, , 
net_2hP-3IwBbVMQAOLaB6Li,2hP-3IwBbVMQAOLaB6Li,2024-01-06 04:17:59.310000+00:00,004, ,, , 
net_2xP-3IwBbVMQAOLaB6Li,2xP-3IwBbVMQAOLaB6Li,2024-01-06 04:17:59.337000+00:00,004, ,, , 
net_3hP-3IwBbVMQAOLaB6Li,3hP-3IwBbVMQAOLaB6Li,2024-01-06 04:17:59.340000+00:00,004, ,, , 
net_3xP-3IwBbVMQAOLaB6Li,3xP-3IwBbVMQAOLaB6Li,2024-01-06 04:17:59.341000+00:00,004, ,, , 
net_5RP-3IwBbVMQAOLaB6Li,5RP-3IwBbVMQAOLaB6Li,2024-01-06 04:17:59.343000+00:00,004, ,, , 
net_6RP-3IwBbVMQAOLaB6Li,6RP-3IwBbVMQAOLaB6Li,2024-01-06 04:17:59.365000+00:00,004, ,, , 
net_6hP-3IwBbVMQAOLaB6Li,6hP-3IwBbVMQAOLaB6Li,2024-01-06 04:17:59.372000+00:00,004, ,, , 
net_7BP-3IwBbVMQAOLaB6Li,7BP-3IwBbVMQAOLaB6Li,2024-01-06 04:17:59.415000+00:00,004, ,, , 
net_8xP-3IwBbVMQAOLaB6Li,8xP-3IwBbVMQAOLaB6Li,2024-01-06 04:17:59.466000+00:00,004, ,, , 
net_9BP-3IwBbVMQAOLaB6Li,9BP-3IwBbVMQAOLaB6Li,2024-01-06 04:17:59.468000+00:00,004, ,, , 
net_9RP-3IwBbVMQAOLaB6Li,9RP-3IwBbVMQAOLaB6Li,2024-01-06 04:17:59.484000+00:00,004, ,, , 
net_9hP-3IwBbVMQAOLaB6Li,9hP-3IwBbVMQAOLaB6Li,2024-01-06 04:17:59.519000+00:00,004, ,, , 
net_'-BP-3IwBbVMQAOLaB6Li,'-BP-3IwBbVMQAOLaB6Li,2024-01-06 04:17:59.497000+00:00,004, ,, , 
net_'-RP-3IwBbVMQAOLaB6Li,'-RP-3IwBbVMQAOLaB6Li,2024-01-06 04:17:59.530000+00:00,004, ,, , 
net_'-hP-3IwBbVMQAOLaB6Li,'-hP-3IwBbVMQAOLaB6Li,2024-01-06 04:17:59.532000+00:00,004, ,, , 
net__hP-3IwBbVMQAOLaCaL8,_hP-3IwBbVMQAOLaCaL8,2024-01-06 04:18:01.263000+00:00,004, ,, , 
net_ABP-3IwBbVMQAOLaCaP8,ABP-3IwBbVMQAOLaCaP8,2024-01-06 04:18:01.261000+00:00,004, ,, , 
net_ARP-3IwBbVMQAOLaCaP8,ARP-3IwBbVMQAOLaCaP8,2024-01-06 04:18:01.290000+00:00,004, ,, , 
net_ChP-3IwBbVMQAOLaCaP9,ChP-3IwBbVMQAOLaCaP9,2024-01-06 04:18:03.182000+00:00,004, ,, , 
net_DRP-3IwBbVMQAOLaCaP9,DRP-3IwBbVMQAOLaCaP9,2024-01-06 04:18:03.184000+00:00,004, ,, , 
net_EBP-3IwBbVMQAOLaCaP9,EBP-3IwBbVMQAOLaCaP9,2024-01-06 04:18:03.356000+00:00,004, ,, , 
net_EhP-3IwBbVMQAOLaCaP9,EhP-3IwBbVMQAOLaCaP9,2024-01-06 04:18:03.392000+00:00,004, ,, , 
net_ExP-3IwBbVMQAOLaC6Ns,ExP-3IwBbVMQAOLaC6Ns,2024-01-06 04:18:03.395000+00:00,004, ,, , 
net_FBP-3IwBbVMQAOLaD6Nc,FBP-3IwBbVMQAOLaD6Nc,2024-01-06 04:18:05.211000+00:00,004, ,, , 
net_GBP-3IwBbVMQAOLaD6Nc,GBP-3IwBbVMQAOLaD6Nc,2024-01-06 04:18:05.285000+00:00,004, ,, , 
net_GxP-3IwBbVMQAOLaD6Nc,GxP-3IwBbVMQAOLaD6Nc,2024-01-06 04:18:05.345000+00:00,004, ,, , 
net_HxP-3IwBbVMQAOLaFKMA,HxP-3IwBbVMQAOLaFKMA,2024-01-06 04:18:05.630000+00:00,004, ,, , 
net_IhP-3IwBbVMQAOLaFKMA,IhP-3IwBbVMQAOLaFKMA,2024-01-06 04:18:05.662000+00:00,004, ,, , 
net_JhP-3IwBbVMQAOLaFKMA,JhP-3IwBbVMQAOLaFKMA,2024-01-06 04:18:05.681000+00:00,004, ,, , 
net_MxP-3IwBbVMQAOLaFKMA,MxP-3IwBbVMQAOLaFKMA,2024-01-06 04:18:05.811000+00:00,004, ,, , 
net_OBP-3IwBbVMQAOLaFKMB,OBP-3IwBbVMQAOLaFKMB,2024-01-06 04:18:05.870000+00:00,004, ,, , 
net_OhP-3IwBbVMQAOLaFKMB,OhP-3IwBbVMQAOLaFKMB,2024-01-06 04:18:05.885000+00:00,004, ,, , 
net_OxP-3IwBbVMQAOLaFKMB,OxP-3IwBbVMQAOLaFKMB,2024-01-06 04:18:05.919000+00:00,004, ,, , 
net_PRP-3IwBbVMQAOLaFKMB,PRP-3IwBbVMQAOLaFKMB,2024-01-06 04:18:05.956000+00:00,004, ,, , 
net_RRP-3IwBbVMQAOLaFKMB,RRP-3IwBbVMQAOLaFKMB,2024-01-06 04:18:06.074000+00:00,004, ,, , 
net_RhP-3IwBbVMQAOLaF6MU,RhP-3IwBbVMQAOLaF6MU,2024-01-06 04:18:07.302000+00:00,004, ,, , 
net_TRP-3IwBbVMQAOLaG6Pz,TRP-3IwBbVMQAOLaG6Pz,2024-01-06 04:18:09.221000+00:00,004, ,, , 
net_ThP-3IwBbVMQAOLaG6Pz,ThP-3IwBbVMQAOLaG6Pz,2024-01-06 04:18:09.227000+00:00,004, ,, , 
net_UBP-3IwBbVMQAOLaG6Pz,UBP-3IwBbVMQAOLaG6Pz,2024-01-06 04:18:09.231000+00:00,004, ,, , 
net_UxP-3IwBbVMQAOLaG6P0,UxP-3IwBbVMQAOLaG6P0,2024-01-06 04:18:09.263000+00:00,004, ,, , 
net_VBP-3IwBbVMQAOLaG6P0,VBP-3IwBbVMQAOLaG6P0,2024-01-06 04:18:09.264000+00:00,004, ,, , 
net_VhP-3IwBbVMQAOLaG6P0,VhP-3IwBbVMQAOLaG6P0,2024-01-06 04:18:09.264000+00:00,004, ,, , 
net_VxP-3IwBbVMQAOLaG6P0,VxP-3IwBbVMQAOLaG6P0,2024-01-06 04:18:09.264000+00:00,004, ,, , 
net_WhP-3IwBbVMQAOLaG6P0,WhP-3IwBbVMQAOLaG6P0,2024-01-06 04:18:09.271000+00:00,004, ,, , 
net_WxP-3IwBbVMQAOLaG6P0,WxP-3IwBbVMQAOLaG6P0,2024-01-06 04:18:09.271000+00:00,004, ,, , 
net_XxP-3IwBbVMQAOLaG6P0,XxP-3IwBbVMQAOLaG6P0,2024-01-06 04:18:09.289000+00:00,004, ,, , 
net_YBP-3IwBbVMQAOLaIqPO,YBP-3IwBbVMQAOLaIqPO,2024-01-06 04:18:09.294000+00:00,004, ,, , 
net_YhP-3IwBbVMQAOLaKKPa,YhP-3IwBbVMQAOLaKKPa,2024-01-06 04:18:11.158000+00:00,004, ,, , 
net_ahP-3IwBbVMQAOLaKKPa,ahP-3IwBbVMQAOLaKKPa,2024-01-06 04:18:11.200000+00:00,004, ,, , 
net_ehP-3IwBbVMQAOLaKKPa,ehP-3IwBbVMQAOLaKKPa,2024-01-06 04:18:11.286000+00:00,004, ,, , 
net_fBP-3IwBbVMQAOLaKKPa,fBP-3IwBbVMQAOLaKKPa,2024-01-06 04:18:11.290000+00:00,004, ,, , 
net_fRP-3IwBbVMQAOLaKKPa,fRP-3IwBbVMQAOLaKKPa,2024-01-06 04:18:11.299000+00:00,004, ,, , 
net_ghP-3IwBbVMQAOLaKKPa,ghP-3IwBbVMQAOLaKKPa,2024-01-06 04:18:11.314000+00:00,004, ,, , 
net_gxP-3IwBbVMQAOLaKKPa,gxP-3IwBbVMQAOLaKKPa,2024-01-06 04:18:11.316000+00:00,004, ,, , 
net_hRP-3IwBbVMQAOLaKKPa,hRP-3IwBbVMQAOLaKKPa,2024-01-06 04:18:11.330000+00:00,004, ,, , 
net_hhP-3IwBbVMQAOLaKKPb,hhP-3IwBbVMQAOLaKKPb,2024-01-06 04:18:11.338000+00:00,004, ,, , 
net_iRP-3IwBbVMQAOLaKKPb,iRP-3IwBbVMQAOLaKKPb,2024-01-06 04:18:11.347000+00:00,004, ,, , 
net_ihP-3IwBbVMQAOLaKKPb,ihP-3IwBbVMQAOLaKKPb,2024-01-06 04:18:11.348000+00:00,004, ,, , 
net_ixP-3IwBbVMQAOLaKKPb,ixP-3IwBbVMQAOLaKKPb,2024-01-06 04:18:11.356000+00:00,004, ,, , 
net_khP-3IwBbVMQAOLaKKPb,khP-3IwBbVMQAOLaKKPb,2024-01-06 04:18:11.425000+00:00,004, ,, , 
net_lhP-3IwBbVMQAOLaL6Pp,lhP-3IwBbVMQAOLaL6Pp,2024-01-06 04:18:13.199000+00:00,004, ,, , 
net_lxP-3IwBbVMQAOLaL6Pp,lxP-3IwBbVMQAOLaL6Pp,2024-01-06 04:18:13.202000+00:00,004, ,, , 
net_mBP-3IwBbVMQAOLaL6Pp,mBP-3IwBbVMQAOLaL6Pp,2024-01-06 04:18:13.209000+00:00,004, ,, , 
net_mxP-3IwBbVMQAOLaL6Pp,mxP-3IwBbVMQAOLaL6Pp,2024-01-06 04:18:13.252000+00:00,004, ,, , 
net_oxP-3IwBbVMQAOLaL6Pq,oxP-3IwBbVMQAOLaL6Pq,2024-01-06 04:18:13.404000+00:00,004, ,, , 
net_pxP-3IwBbVMQAOLaL6Pq,pxP-3IwBbVMQAOLaL6Pq,2024-01-06 04:18:13.656000+00:00,004, ,, , 
net_qhP-3IwBbVMQAOLaNKO1,qhP-3IwBbVMQAOLaNKO1,2024-01-06 04:18:13.735000+00:00,004, ,, , 
net_sRP-3IwBbVMQAOLaNKO1,sRP-3IwBbVMQAOLaNKO1,2024-01-06 04:18:14.109000+00:00,004, ,, , 
net_sxP-3IwBbVMQAOLaNKO1,sxP-3IwBbVMQAOLaNKO1,2024-01-06 04:18:14.111000+00:00,004, ,, , 
net_tRP-3IwBbVMQAOLaNKO1,tRP-3IwBbVMQAOLaNKO1,2024-01-06 04:18:14.204000+00:00,004, ,, , 
net_uhP-3IwBbVMQAOLaNKO2,uhP-3IwBbVMQAOLaNKO2,2024-01-06 04:18:14.250000+00:00,004, ,, , 
net_uxP-3IwBbVMQAOLaNKO2,uxP-3IwBbVMQAOLaNKO2,2024-01-06 04:18:14.316000+00:00,004, ,, , 
net_vxP-3IwBbVMQAOLaNKO2,vxP-3IwBbVMQAOLaNKO2,2024-01-06 04:18:14.259000+00:00,004, ,, , 
net_xhP-3IwBbVMQAOLaO6MT,xhP-3IwBbVMQAOLaO6MT,2024-01-06 04:18:15.255000+00:00,004, ,, , 
net_yRP-3IwBbVMQAOLaO6MT,yRP-3IwBbVMQAOLaO6MT,2024-01-06 04:18:17.177000+00:00,004, ,, , 
net_zRP-3IwBbVMQAOLaQKPw,zRP-3IwBbVMQAOLaQKPw,2024-01-06 04:18:17.187000+00:00,004, ,, , 
net_0BP-3IwBbVMQAOLaQKPw,0BP-3IwBbVMQAOLaQKPw,2024-01-06 04:18:17.198000+00:00,004, ,, , 
net_0hP-3IwBbVMQAOLaQKPw,0hP-3IwBbVMQAOLaQKPw,2024-01-06 04:18:17.206000+00:00,004, ,, , 
net_1RP-3IwBbVMQAOLaQKPw,1RP-3IwBbVMQAOLaQKPw,2024-01-06 04:18:17.211000+00:00,004, ,, , 
net_2BP-3IwBbVMQAOLaQKPw,2BP-3IwBbVMQAOLaQKPw,2024-01-06 04:18:17.232000+00:00,004, ,, , 
net_3hP-3IwBbVMQAOLaQKPw,3hP-3IwBbVMQAOLaQKPw,2024-01-06 04:18:17.243000+00:00,004, ,, , 
net_3xP-3IwBbVMQAOLaQKPw,3xP-3IwBbVMQAOLaQKPw,2024-01-06 04:18:17.245000+00:00,004, ,, , 
net_4RP-3IwBbVMQAOLaQKPw,4RP-3IwBbVMQAOLaQKPw,2024-01-06 04:18:17.254000+00:00,004, ,, , 
net_5hP-3IwBbVMQAOLaQKPw,5hP-3IwBbVMQAOLaQKPw,2024-01-06 04:18:17.295000+00:00,004, ,, , 
net_6hP-3IwBbVMQAOLaRqPh,6hP-3IwBbVMQAOLaRqPh,2024-01-06 04:18:19.262000+00:00,004, ,, , 
net_7BP-3IwBbVMQAOLaRqPh,7BP-3IwBbVMQAOLaRqPh,2024-01-06 04:18:19.274000+00:00,004, ,, , 
net_7xP-3IwBbVMQAOLaWKMU,7xP-3IwBbVMQAOLaWKMU,2024-01-06 04:18:23.172000+00:00,004, ,, , 
net_8BP-3IwBbVMQAOLaWKMU,8BP-3IwBbVMQAOLaWKMU,2024-01-06 04:18:23.173000+00:00,004, ,, , 
net_9RP-3IwBbVMQAOLaWKMU,9RP-3IwBbVMQAOLaWKMU,2024-01-06 04:18:23.182000+00:00,004, ,, , 
net_'-BP-3IwBbVMQAOLaWKMU,'-BP-3IwBbVMQAOLaWKMU,2024-01-06 04:18:23.202000+00:00,004, ,, , 
net_'-hP-3IwBbVMQAOLaWKMU,'-hP-3IwBbVMQAOLaWKMU,2024-01-06 04:18:23.203000+00:00,004, ,, , 
net_'-xP-3IwBbVMQAOLaWKMU,'-xP-3IwBbVMQAOLaWKMU,2024-01-06 04:18:23.205000+00:00,004, ,, , 
net__hP-3IwBbVMQAOLaWKMU,_hP-3IwBbVMQAOLaWKMU,2024-01-06 04:18:23.214000+00:00,004, ,, , 
net_BxP-3IwBbVMQAOLaWKQV,BxP-3IwBbVMQAOLaWKQV,2024-01-06 04:18:23.238000+00:00,004, ,, , 
net_CBP-3IwBbVMQAOLaWKQV,CBP-3IwBbVMQAOLaWKQV,2024-01-06 04:18:23.248000+00:00,004, ,, , 
net_ChP-3IwBbVMQAOLaWKQV,ChP-3IwBbVMQAOLaWKQV,2024-01-06 04:18:23.254000+00:00,004, ,, , 
net_DRP-3IwBbVMQAOLaWKQV,DRP-3IwBbVMQAOLaWKQV,2024-01-06 04:18:23.261000+00:00,004, ,, , 
net_ERP-3IwBbVMQAOLaWKQV,ERP-3IwBbVMQAOLaWKQV,2024-01-06 04:18:23.272000+00:00,004, ,, , 
net_EhP-3IwBbVMQAOLaWKQV,EhP-3IwBbVMQAOLaWKQV,2024-01-06 04:18:23.277000+00:00,004, ,, , 
net_FhP-3IwBbVMQAOLaWKQV,FhP-3IwBbVMQAOLaWKQV,2024-01-06 04:18:23.283000+00:00,004, ,, , 
net_FxP-3IwBbVMQAOLaWKQV,FxP-3IwBbVMQAOLaWKQV,2024-01-06 04:18:23.285000+00:00,004, ,, , 
net_GBP-3IwBbVMQAOLaWKQV,GBP-3IwBbVMQAOLaWKQV,2024-01-06 04:18:23.288000+00:00,004, ,, , 
net_GRP-3IwBbVMQAOLaWKQV,GRP-3IwBbVMQAOLaWKQV,2024-01-06 04:18:23.290000+00:00,004, ,, , 
net_GhP-3IwBbVMQAOLaWKQW,GhP-3IwBbVMQAOLaWKQW,2024-01-06 04:18:23.293000+00:00,004, ,, , 
net_HBP-3IwBbVMQAOLaWKQW,HBP-3IwBbVMQAOLaWKQW,2024-01-06 04:18:23.297000+00:00,004, ,, , 
net_JBP-3IwBbVMQAOLaWaQA,JBP-3IwBbVMQAOLaWaQA,2024-01-06 04:18:23.315000+00:00,004, ,, , 
net_LRP-3IwBbVMQAOLaZqSP,LRP-3IwBbVMQAOLaZqSP,2024-01-06 04:18:27.190000+00:00,004, ,, , 
net_LxP-3IwBbVMQAOLaZqSP,LxP-3IwBbVMQAOLaZqSP,2024-01-06 04:18:27.203000+00:00,004, ,, , 
net_MBP-3IwBbVMQAOLaZqSP,MBP-3IwBbVMQAOLaZqSP,2024-01-06 04:18:27.208000+00:00,004, ,, , 
net_NxP-3IwBbVMQAOLaZqSP,NxP-3IwBbVMQAOLaZqSP,2024-01-06 04:18:27.229000+00:00,004, ,, , 
net_OBP-3IwBbVMQAOLaZqSP,OBP-3IwBbVMQAOLaZqSP,2024-01-06 04:18:27.232000+00:00,004, ,, , 
net_OhP-3IwBbVMQAOLaaqRb,OhP-3IwBbVMQAOLaaqRb,2024-01-06 04:18:27.238000+00:00,004, ,, , 
net_OxP-3IwBbVMQAOLaaqRb,OxP-3IwBbVMQAOLaaqRb,2024-01-06 04:18:27.242000+00:00,004, ,, , 
net_PBP-3IwBbVMQAOLapKTG,PBP-3IwBbVMQAOLapKTG,2024-01-06 04:18:35.573000+00:00,004, ,, , 
net_QhP-3IwBbVMQAOLasKRX,QhP-3IwBbVMQAOLasKRX,2024-01-06 04:18:44.828000+00:00,004, ,, , 
net_QxP-3IwBbVMQAOLasKRX,QxP-3IwBbVMQAOLasKRX,2024-01-06 04:18:44.829000+00:00,004, ,, , 
net_Y0123YwBSd_mrKXN0GUO,Y0123YwBSd_mrKXN0GUO,2024-01-06 06:29:52.693000+00:00,004,192.168.217.1,55371, ,sohaib
net_Zk123YwBSd_mrKXN0GUO,Zk123YwBSd_mrKXN0GUO,2024-01-06 06:29:52.857000+00:00,004, ,, ,sohaib(uid=1000)
net_aU123YwBSd_mrKXN0GUO,aU123YwBSd_mrKXN0GUO,2024-01-06 06:29:54.808000+00:00,004, ,, , 
net_ak123YwBSd_mrKXN0GUO,ak123YwBSd_mrKXN0GUO,2024-01-06 06:29:54.808000+00:00,004, ,, , 
net_a0123YwBSd_mrKXN0GUO,a0123YwBSd_mrKXN0GUO,2024-01-06 06:29:54.813000+00:00,004, ,, , 
net_bE123YwBSd_mrKXN0GUO,bE123YwBSd_mrKXN0GUO,2024-01-06 06:29:54.815000+00:00,004, ,, , 
net_bU123YwBSd_mrKXN0GUO,bU123YwBSd_mrKXN0GUO,2024-01-06 06:29:54.819000+00:00,004, ,, , 
net_bk123YwBSd_mrKXN0GUO,bk123YwBSd_mrKXN0GUO,2024-01-06 06:29:54.819000+00:00,004, ,, , 
net_b0123YwBSd_mrKXN0GUO,b0123YwBSd_mrKXN0GUO,2024-01-06 06:29:54.832000+00:00,004, ,, , 
net_ck123YwBSd_mrKXN0GUO,ck123YwBSd_mrKXN0GUO,2024-01-06 06:29:54.857000+00:00,004, ,, , 
net_eU123YwBSd_mrKXN0GUO,eU123YwBSd_mrKXN0GUO,2024-01-06 06:29:56.825000+00:00,004, ,, , 
net_ek123YwBSd_mrKXN0GUO,ek123YwBSd_mrKXN0GUO,2024-01-06 06:29:56.829000+00:00,004, ,, , 
net_fE123YwBSd_mrKXN0GUO,fE123YwBSd_mrKXN0GUO,2024-01-06 06:29:56.833000+00:00,004, ,, , 
net_f0123YwBSd_mrKXN0GUO,f0123YwBSd_mrKXN0GUO,2024-01-06 06:29:56.841000+00:00,004, ,, , 
net_gU123YwBSd_mrKXN0GUO,gU123YwBSd_mrKXN0GUO,2024-01-06 06:29:56.856000+00:00,004, ,, , 
net_gk123YwBSd_mrKXN0GUO,gk123YwBSd_mrKXN0GUO,2024-01-06 06:29:56.857000+00:00,004, ,, , 
net_i0123YwBSd_mrKXN0GUO,i0123YwBSd_mrKXN0GUO,2024-01-06 06:29:56.903000+00:00,004, ,, , 
net_jk123YwBSd_mrKXN0GUO,jk123YwBSd_mrKXN0GUO,2024-01-06 06:29:56.926000+00:00,004, ,, , 
net_kE123YwBSd_mrKXN0GUO,kE123YwBSd_mrKXN0GUO,2024-01-06 06:29:58.731000+00:00,004, ,, , 
net_kk123YwBSd_mrKXN0GUO,kk123YwBSd_mrKXN0GUO,2024-01-06 06:29:58.738000+00:00,004, ,, , 
net_lk123YwBSd_mrKXN0GVH,lk123YwBSd_mrKXN0GVH,2024-01-06 06:29:58.747000+00:00,004, ,, , 
net_nE123YwBSd_mrKXN0GVH,nE123YwBSd_mrKXN0GVH,2024-01-06 06:29:58.766000+00:00,004, ,, , 
net_nU123YwBSd_mrKXN0GVH,nU123YwBSd_mrKXN0GVH,2024-01-06 06:29:58.772000+00:00,004, ,, , 
net_nk123YwBSd_mrKXN0GVH,nk123YwBSd_mrKXN0GVH,2024-01-06 06:29:58.774000+00:00,004, ,, , 
net_oU123YwBSd_mrKXN0GVH,oU123YwBSd_mrKXN0GVH,2024-01-06 06:29:58.784000+00:00,004, ,, , 
net_ok123YwBSd_mrKXN0GVH,ok123YwBSd_mrKXN0GVH,2024-01-06 06:29:58.797000+00:00,004, ,, , 
net_pU123YwBSd_mrKXN0GVH,pU123YwBSd_mrKXN0GVH,2024-01-06 06:29:58.808000+00:00,004, ,, , 
net_xE153YwBSd_mrKXNuWU8,xE153YwBSd_mrKXNuWU8,2024-01-06 06:33:02.939000+00:00,004, ,, , 
net_yU153YwBSd_mrKXNuWU8,yU153YwBSd_mrKXNuWU8,2024-01-06 06:33:02.957000+00:00,004, ,, , 
net_yk153YwBSd_mrKXNuWU8,yk153YwBSd_mrKXNuWU8,2024-01-06 06:33:02.958000+00:00,004, ,, , 
net_zE153YwBSd_mrKXNuWU8,zE153YwBSd_mrKXNuWU8,2024-01-06 06:33:04.932000+00:00,004, ,, , 
net_zk153YwBSd_mrKXNuWU8,zk153YwBSd_mrKXNuWU8,2024-01-06 06:33:04.936000+00:00,004, ,, , 
net_z0153YwBSd_mrKXNuWU8,z0153YwBSd_mrKXNuWU8,2024-01-06 06:33:04.939000+00:00,004, ,, , 
net_0E153YwBSd_mrKXNuWU8,0E153YwBSd_mrKXNuWU8,2024-01-06 06:33:06.995000+00:00,004, ,, , 
net_1E153YwBSd_mrKXNuWU8,1E153YwBSd_mrKXNuWU8,2024-01-06 06:33:07.002000+00:00,004, ,, , 
net_10153YwBSd_mrKXNuWU8,10153YwBSd_mrKXNuWU8,2024-01-06 06:33:07.007000+00:00,004, ,, , 
net_r0123YwBSd_mrKXN9WXh,r0123YwBSd_mrKXN9WXh,2024-01-06 06:30:08.731000+00:00,004, ,,sohaib,root
net_sU123YwBSd_mrKXN-WXO,sU123YwBSd_mrKXN-WXO,2024-01-06 06:30:08.791000+00:00,004, ,, , 
net_qE123YwBSd_mrKXN3mVg,qE123YwBSd_mrKXN3mVg,2024-01-06 06:30:02.767000+00:00,004, ,, , 
net_rE123YwBSd_mrKXN7mUT,rE123YwBSd_mrKXN7mUT,2024-01-06 06:30:06.753000+00:00,004, ,, , 
net_rU123YwBSd_mrKXN7mUT,rU123YwBSd_mrKXN7mUT,2024-01-06 06:30:06.764000+00:00,004, ,, , 
net_Uk103YwBSd_mrKXNSWXy,Uk103YwBSd_mrKXNSWXy,2024-01-06 06:27:06.492000+00:00,004, ,, , 
net_U0103YwBSd_mrKXNSWXy,U0103YwBSd_mrKXNSWXy,2024-01-06 06:27:06.492000+00:00,004, ,, , 
net_VE103YwBSd_mrKXNSWXy,VE103YwBSd_mrKXNSWXy,2024-01-06 06:27:06.493000+00:00,004, ,, , 
net_QU1u3YwBSd_mrKXNwWUB,QU1u3YwBSd_mrKXNwWUB,2024-01-06 06:21:10.976000+00:00,004, ,, , 
net_Rk1u3YwBSd_mrKXNwWUB,Rk1u3YwBSd_mrKXNwWUB,2024-01-06 06:21:10.985000+00:00,004, ,, , 
net_SE1u3YwBSd_mrKXNwWUB,SE1u3YwBSd_mrKXNwWUB,2024-01-06 06:21:11.031000+00:00,004, ,, , 
net_t0143YwBSd_mrKXNC2VO,t0143YwBSd_mrKXNC2VO,2024-01-06 06:31:12.822000+00:00,004, ,,sohaib,root
net_uE143YwBSd_mrKXNC2VO,uE143YwBSd_mrKXNC2VO,2024-01-06 06:31:12.822000+00:00,004, ,, ,root
net_uU143YwBSd_mrKXNC2VO,uU143YwBSd_mrKXNC2VO,2024-01-06 06:31:12.822000+00:00,004, ,,sohaib,root(uid=0)
net_vk143YwBSd_mrKXNb2V5,vk143YwBSd_mrKXNb2V5,2024-01-06 06:31:36.832000+00:00,004, ,,sohaib,root(uid=0)
net_Gk223YwBSd_mrKXNEmcS,Gk223YwBSd_mrKXNEmcS,2024-01-06 07:39:01.254000+00:00,004, ,, , 
net_HU223YwBSd_mrKXNEmcS,HU223YwBSd_mrKXNEmcS,2024-01-06 07:39:03.264000+00:00,004, ,, , 
net_H0223YwBSd_mrKXNEmcS,H0223YwBSd_mrKXNEmcS,2024-01-06 07:39:03.267000+00:00,004, ,, , 
net_JE223YwBSd_mrKXNEmcS,JE223YwBSd_mrKXNEmcS,2024-01-06 07:39:03.284000+00:00,004, ,, , 
net_Kk223YwBSd_mrKXNEmcS,Kk223YwBSd_mrKXNEmcS,2024-01-06 07:39:03.298000+00:00,004, ,, , 
net_ME223YwBSd_mrKXNFWfu,ME223YwBSd_mrKXNFWfu,2024-01-06 07:39:05.210000+00:00,004, ,, , 
net_MU223YwBSd_mrKXNGWfo,MU223YwBSd_mrKXNGWfo,2024-01-06 07:39:05.212000+00:00,004, ,, , 
net_'-E2r3YwBSd_mrKXNTmae,'-E2r3YwBSd_mrKXNTmae,2024-01-06 07:27:11.718000+00:00,004, ,, , 
net_'-U2r3YwBSd_mrKXNTmae,'-U2r3YwBSd_mrKXNTmae,2024-01-06 07:27:11.718000+00:00,004, ,, , 
net_'-k2r3YwBSd_mrKXNTmae,'-k2r3YwBSd_mrKXNTmae,2024-01-06 07:27:11.728000+00:00,004, ,, , 
net__k2r3YwBSd_mrKXNTmae,_k2r3YwBSd_mrKXNTmae,2024-01-06 07:27:11.739000+00:00,004, ,, , 
net_M0223YwBSd_mrKXNNWct,M0223YwBSd_mrKXNNWct,2024-01-06 07:39:13.297000+00:00,004, ,, , 
net_NU223YwBSd_mrKXNNWct,NU223YwBSd_mrKXNNWct,2024-01-06 07:39:13.301000+00:00,004, ,, , 
net_OE223YwBSd_mrKXNNWct,OE223YwBSd_mrKXNNWct,2024-01-06 07:39:13.307000+00:00,004, ,, , 
net_OU223YwBSd_mrKXNOWc0,OU223YwBSd_mrKXNOWc0,2024-01-06 07:39:13.309000+00:00,004, ,, , 
net_7E2l3YwBSd_mrKXN02bM,7E2l3YwBSd_mrKXN02bM,2024-01-06 07:21:11.270000+00:00,004, ,, , 
net_7k2l3YwBSd_mrKXN02bM,7k2l3YwBSd_mrKXN02bM,2024-01-06 07:21:11.273000+00:00,004, ,, , 
net_802l3YwBSd_mrKXN02bM,802l3YwBSd_mrKXN02bM,2024-01-06 07:21:11.299000+00:00,004, ,, , 
net_DE2w3YwBSd_mrKXNumdI,DE2w3YwBSd_mrKXNumdI,2024-01-06 07:33:12.492000+00:00,004, ,, , 
net_Dk2w3YwBSd_mrKXNumdI,Dk2w3YwBSd_mrKXNumdI,2024-01-06 07:33:12.492000+00:00,004, ,, , 
net_BU2t3YwBSd_mrKXN02cs,BU2t3YwBSd_mrKXN02cs,2024-01-06 07:30:02.001000+00:00,004, ,, , 
net_5E2k3YwBSd_mrKXNTGbn,5E2k3YwBSd_mrKXNTGbn,2024-01-06 07:19:37.129000+00:00,004, ,, , 
net_EU2x3YwBSd_mrKXNkGf2,EU2x3YwBSd_mrKXNkGf2,2024-01-06 07:34:04.511000+00:00,004, ,, , 
net_k03R3YwBSd_mrKXNp2d5,k03R3YwBSd_mrKXNp2d5,2024-01-06 08:09:02.930000+00:00,004, ,, , 
net_lE3R3YwBSd_mrKXNp2d5,lE3R3YwBSd_mrKXNp2d5,2024-01-06 08:09:02.930000+00:00,004, ,, , 
net_l03R3YwBSd_mrKXNp2d5,l03R3YwBSd_mrKXNp2d5,2024-01-06 08:09:02.936000+00:00,004, ,, , 
net_mU3R3YwBSd_mrKXNp2d5,mU3R3YwBSd_mrKXNp2d5,2024-01-06 08:09:02.940000+00:00,004, ,, , 
net_nE3R3YwBSd_mrKXNp2d5,nE3R3YwBSd_mrKXNp2d5,2024-01-06 08:09:02.948000+00:00,004, ,, , 
net_n03R3YwBSd_mrKXNp2d5,n03R3YwBSd_mrKXNp2d5,2024-01-06 08:09:02.954000+00:00,004, ,, , 
net_ok3R3YwBSd_mrKXNp2d5,ok3R3YwBSd_mrKXNp2d5,2024-01-06 08:09:02.960000+00:00,004, ,, , 
net_pk3R3YwBSd_mrKXNp2d5,pk3R3YwBSd_mrKXNp2d5,2024-01-06 08:09:03.009000+00:00,004, ,, , 
net_p03R3YwBSd_mrKXNp2d5,p03R3YwBSd_mrKXNp2d5,2024-01-06 08:09:03.009000+00:00,004, ,, , 
net_qE3R3YwBSd_mrKXNp2d5,qE3R3YwBSd_mrKXNp2d5,2024-01-06 08:09:03.011000+00:00,004, ,, , 
net_r0063owBSd_mrKXNNWe6,r0063owBSd_mrKXNNWe6,2024-01-06 10:03:23.423000+00:00,004, ,, , 
net_sE063owBSd_mrKXNNWe6,sE063owBSd_mrKXNNWe6,2024-01-06 10:03:23.433000+00:00,004, ,, , 
net_sU063owBSd_mrKXNNWe6,sU063owBSd_mrKXNNWe6,2024-01-06 10:03:23.434000+00:00,004, ,, , 
net_tE063owBSd_mrKXNNWe6,tE063owBSd_mrKXNNWe6,2024-01-06 10:03:23.439000+00:00,004, ,, , 
net_tk063owBSd_mrKXNNWe6,tk063owBSd_mrKXNNWe6,2024-01-06 10:03:23.448000+00:00,004, ,, , 
net_t0063owBSd_mrKXNNWe6,t0063owBSd_mrKXNNWe6,2024-01-06 10:03:23.454000+00:00,004, ,, , 
net_uE063owBSd_mrKXNNWe6,uE063owBSd_mrKXNNWe6,2024-01-06 10:03:23.455000+00:00,004, ,, , 
net_uU063owBSd_mrKXNNWe6,uU063owBSd_mrKXNNWe6,2024-01-06 10:03:23.454000+00:00,004, ,, , 
net_u0063owBSd_mrKXNNWe6,u0063owBSd_mrKXNNWe6,2024-01-06 10:03:23.463000+00:00,004, ,, , 
net_vE063owBSd_mrKXNNWe6,vE063owBSd_mrKXNNWe6,2024-01-06 10:03:23.490000+00:00,004, ,, , 
net_wE063owBSd_mrKXNNWe6,wE063owBSd_mrKXNNWe6,2024-01-06 10:03:23.497000+00:00,004, ,, , 
net_w0063owBSd_mrKXNNWe6,w0063owBSd_mrKXNNWe6,2024-01-06 10:03:23.503000+00:00,004, ,, , 
net_xE063owBSd_mrKXNNWe6,xE063owBSd_mrKXNNWe6,2024-01-06 10:03:23.510000+00:00,004, ,, , 
net_y0063owBSd_mrKXNNWe6,y0063owBSd_mrKXNNWe6,2024-01-06 10:03:23.523000+00:00,004, ,, , 
net_zE063owBSd_mrKXNNWe6,zE063owBSd_mrKXNNWe6,2024-01-06 10:03:23.524000+00:00,004, ,, , 
net_0E063owBSd_mrKXNvWeM,0E063owBSd_mrKXNvWeM,2024-01-06 10:03:58.529000+00:00,004, ,, , 
net_g03M3YwBSd_mrKXNUWeG,g03M3YwBSd_mrKXNUWeG,2024-01-06 08:03:16.560000+00:00,004, ,, , 
net_hE3M3YwBSd_mrKXNUWeG,hE3M3YwBSd_mrKXNUWeG,2024-01-06 08:03:16.617000+00:00,004, ,, , 
net_hU3M3YwBSd_mrKXNUWeG,hU3M3YwBSd_mrKXNUWeG,2024-01-06 08:03:16.678000+00:00,004, ,, , 
net_h03M3YwBSd_mrKXNUWeG,h03M3YwBSd_mrKXNUWeG,2024-01-06 08:03:16.681000+00:00,004, ,, , 
net_iU3M3YwBSd_mrKXNUWeG,iU3M3YwBSd_mrKXNUWeG,2024-01-06 08:03:16.690000+00:00,004, ,, , 
net_i03M3YwBSd_mrKXNUWeG,i03M3YwBSd_mrKXNUWeG,2024-01-06 08:03:16.695000+00:00,004, ,, , 
net_Rk273YwBSd_mrKXNy2fZ,Rk273YwBSd_mrKXNy2fZ,2024-01-06 07:45:14.390000+00:00,004, ,, , 
net_Sk273YwBSd_mrKXNy2fZ,Sk273YwBSd_mrKXNy2fZ,2024-01-06 07:45:14.397000+00:00,004, ,, , 
net_S0273YwBSd_mrKXNy2fZ,S0273YwBSd_mrKXNy2fZ,2024-01-06 07:45:14.402000+00:00,004, ,, , 
net_Tk273YwBSd_mrKXNy2fZ,Tk273YwBSd_mrKXNy2fZ,2024-01-06 07:45:14.446000+00:00,004, ,, , 
net_c03G3YwBSd_mrKXN3Ge0,c03G3YwBSd_mrKXN3Ge0,2024-01-06 07:57:15.984000+00:00,004, ,, , 
net_dE3G3YwBSd_mrKXN3Ge0,dE3G3YwBSd_mrKXN3Ge0,2024-01-06 07:57:15.985000+00:00,004, ,, , 
net_V02_3YwBSd_mrKXN_meJ,V02_3YwBSd_mrKXN_meJ,2024-01-06 07:49:47.022000+00:00,004, ,, , 
net_gE3K3YwBSd_mrKXNU2fZ,gE3K3YwBSd_mrKXNU2fZ,2024-01-06 08:01:10.423000+00:00,004, ,, , 
net_UU2_3YwBSd_mrKXNAGd1,UU2_3YwBSd_mrKXNAGd1,2024-01-06 07:48:44.918000+00:00,004, ,, , 
net_6E2k3YwBSd_mrKXNh2Z9,6E2k3YwBSd_mrKXNh2Z9,2024-01-06 07:19:51.183000+00:00,004, ,, , 
net_XE3B3YwBSd_mrKXNSmfz,XE3B3YwBSd_mrKXNSmfz,2024-01-06 07:51:15.118000+00:00,004, ,, , 
net_PU223YwBSd_mrKXN6Gfq,PU223YwBSd_mrKXN6Gfq,2024-01-06 07:39:53.561000+00:00,004, ,, ,root
net_P0223YwBSd_mrKXN9WcA,P0223YwBSd_mrKXN9WcA,2024-01-06 07:40:01.480000+00:00,004, ,,sohaib,root
net_8iqK1YwBBvI38zPEL3Sx,8iqK1YwBBvI38zPEL3Sx,2024-01-04 17:34:09.654000+00:00,004, ,,sohaib,root
net_9CqK1YwBBvI38zPEL3Sx,9CqK1YwBBvI38zPEL3Sx,2024-01-04 17:34:09.671000+00:00,004, ,, , 
net_9SqK1YwBBvI38zPEL3Sx,9SqK1YwBBvI38zPEL3Sx,2024-01-04 17:34:09.674000+00:00,004, ,, , 
net_9yqK1YwBBvI38zPEL3Sx,9yqK1YwBBvI38zPEL3Sx,2024-01-04 17:34:09.679000+00:00,004, ,, , 
net_'-SqK1YwBBvI38zPEL3Sx,'-SqK1YwBBvI38zPEL3Sx,2024-01-04 17:34:09.684000+00:00,004, ,, , 
net__CqK1YwBBvI38zPEM3SC,_CqK1YwBBvI38zPEM3SC,2024-01-04 17:34:11.713000+00:00,004, ,, , 
net_tCqJ1YwBBvI38zPEf3TB,tCqJ1YwBBvI38zPEf3TB,2024-01-04 17:33:25.533000+00:00,004, ,, , 
net_tSqJ1YwBBvI38zPEf3TC,tSqJ1YwBBvI38zPEf3TC,2024-01-04 17:33:25.536000+00:00,004, ,, , 
net_uiqJ1YwBBvI38zPEf3TC,uiqJ1YwBBvI38zPEf3TC,2024-01-04 17:33:25.550000+00:00,004, ,, , 
net_uyqJ1YwBBvI38zPEf3TC,uyqJ1YwBBvI38zPEf3TC,2024-01-04 17:33:25.597000+00:00,004, ,, , 
net_wCqJ1YwBBvI38zPEf3TC,wCqJ1YwBBvI38zPEf3TC,2024-01-04 17:33:25.841000+00:00,004, ,, , 
net_wyqJ1YwBBvI38zPEf3TD,wyqJ1YwBBvI38zPEf3TD,2024-01-04 17:33:25.960000+00:00,004, ,, , 
net_xCqJ1YwBBvI38zPEg3SD,xCqJ1YwBBvI38zPEg3SD,2024-01-04 17:33:26.004000+00:00,004, ,, , 
net_xiqJ1YwBBvI38zPEh3R4,xiqJ1YwBBvI38zPEh3R4,2024-01-04 17:33:27.632000+00:00,004, ,, , 
net_yCqJ1YwBBvI38zPEh3R4,yCqJ1YwBBvI38zPEh3R4,2024-01-04 17:33:27.663000+00:00,004, ,, , 
net_zSqJ1YwBBvI38zPEh3R4,zSqJ1YwBBvI38zPEh3R4,2024-01-04 17:33:27.710000+00:00,004, ,, , 
net_ziqJ1YwBBvI38zPEk3RT,ziqJ1YwBBvI38zPEk3RT,2024-01-04 17:33:29.765000+00:00,004, ,, , 
net_0iqJ1YwBBvI38zPEk3RT,0iqJ1YwBBvI38zPEk3RT,2024-01-04 17:33:29.875000+00:00,004, ,, , 
net_1iqJ1YwBBvI38zPEk3RT,1iqJ1YwBBvI38zPEk3RT,2024-01-04 17:33:29.919000+00:00,004, ,, , 
net_1yqJ1YwBBvI38zPEk3RT,1yqJ1YwBBvI38zPEk3RT,2024-01-04 17:33:29.929000+00:00,004, ,, , 
net_2CqJ1YwBBvI38zPEk3RT,2CqJ1YwBBvI38zPEk3RT,2024-01-04 17:33:29.934000+00:00,004, ,, , 
net_2yqJ1YwBBvI38zPEl3RC,2yqJ1YwBBvI38zPEl3RC,2024-01-04 17:33:31.583000+00:00,004, ,, , 
net_4iqJ1YwBBvI38zPEl3RD,4iqJ1YwBBvI38zPEl3RD,2024-01-04 17:33:31.706000+00:00,004, ,, , 
net_4yqJ1YwBBvI38zPEl3RD,4yqJ1YwBBvI38zPEl3RD,2024-01-04 17:33:31.719000+00:00,004, ,, , 
net_5CqJ1YwBBvI38zPEl3RD,5CqJ1YwBBvI38zPEl3RD,2024-01-04 17:33:31.742000+00:00,004, ,, , 
net_5SqJ1YwBBvI38zPEl3RD,5SqJ1YwBBvI38zPEl3RD,2024-01-04 17:33:31.743000+00:00,004, ,, , 
net_HyqO1YwBBvI38zPExHV4,HyqO1YwBBvI38zPExHV4,2024-01-04 17:39:06.211000+00:00,004, ,, , 
net_JSqO1YwBBvI38zPExHV5,JSqO1YwBBvI38zPExHV5,2024-01-04 17:39:06.229000+00:00,004, ,, , 
net_JiqO1YwBBvI38zPExHV5,JiqO1YwBBvI38zPExHV5,2024-01-04 17:39:06.230000+00:00,004, ,, , 
net_JyqO1YwBBvI38zPExHV5,JyqO1YwBBvI38zPExHV5,2024-01-04 17:39:06.234000+00:00,004, ,, , 
net_LSqR1YwBBvI38zPEIXXy,LSqR1YwBBvI38zPEIXXy,2024-01-04 17:41:44.622000+00:00,004, ,, , 
net_LyqR1YwBBvI38zPEIXXy,LyqR1YwBBvI38zPEIXXy,2024-01-04 17:41:44.632000+00:00,004, ,, , 
net_MCqR1YwBBvI38zPEIXXy,MCqR1YwBBvI38zPEIXXy,2024-01-04 17:41:44.635000+00:00,004, ,, , 
net_MSqR1YwBBvI38zPEIXXy,MSqR1YwBBvI38zPEIXXy,2024-01-04 17:41:44.638000+00:00,004, ,, , 
net_6iqJ1YwBBvI38zPEtnRk,6iqJ1YwBBvI38zPEtnRk,2024-01-04 17:33:39.659000+00:00,004, ,, , 
net_PCqW1YwBBvI38zPEr3Ww,PCqW1YwBBvI38zPEr3Ww,2024-01-04 17:47:45.238000+00:00,004, ,, , 
net_PiqW1YwBBvI38zPEr3Ww,PiqW1YwBBvI38zPEr3Ww,2024-01-04 17:47:45.240000+00:00,004, ,, , 
net_PyqW1YwBBvI38zPEr3Ww,PyqW1YwBBvI38zPEr3Ww,2024-01-04 17:47:45.309000+00:00,004, ,, , 
net_7SqJ1YwBBvI38zPEwnQt,7SqJ1YwBBvI38zPEwnQt,2024-01-04 17:33:41.621000+00:00,004, ,, , 
net_RCqY1YwBBvI38zPE5nWe,RCqY1YwBBvI38zPE5nWe,2024-01-04 17:50:12.540000+00:00,000, ,, , 
net_RiqY1YwBBvI38zPE5nXT,RiqY1YwBBvI38zPE5nXT,2024-01-04 17:50:13.492000+00:00,000, ,, , 
net_qSqJ1YwBBvI38zPEe3TJ,qSqJ1YwBBvI38zPEe3TJ,2024-01-04 17:33:23.521000+00:00,004, ,, , 
net_rSqJ1YwBBvI38zPEe3TJ,rSqJ1YwBBvI38zPEe3TJ,2024-01-04 17:33:23.576000+00:00,004, ,, , 
net_riqJ1YwBBvI38zPEe3TJ,riqJ1YwBBvI38zPEe3TJ,2024-01-04 17:33:23.587000+00:00,004, ,, , 
net_ryqJ1YwBBvI38zPEe3TJ,ryqJ1YwBBvI38zPEe3TJ,2024-01-04 17:33:23.643000+00:00,004, ,, , 
net_sSqJ1YwBBvI38zPEe3TJ,sSqJ1YwBBvI38zPEe3TJ,2024-01-04 17:33:23.847000+00:00,004, ,, , 
net_siqJ1YwBBvI38zPEe3TJ,siqJ1YwBBvI38zPEe3TJ,2024-01-04 17:33:23.892000+00:00,004, ,, , 
net_oSqG1YwBBvI38zPE9nTe,oSqG1YwBBvI38zPE9nTe,2024-01-04 17:30:35.217000+00:00,004, ,, , 
net_aiqh1YwBBvI38zPEpXUd,aiqh1YwBBvI38zPEpXUd,2024-01-04 17:59:46.649000+00:00,004, ,, , 
net_ayqh1YwBBvI38zPEpXUd,ayqh1YwBBvI38zPEpXUd,2024-01-04 17:59:46.651000+00:00,004, ,, , 
net_bCqh1YwBBvI38zPEpXUd,bCqh1YwBBvI38zPEpXUd,2024-01-04 17:59:46.666000+00:00,004, ,, , 
net_biqh1YwBBvI38zPEpXUe,biqh1YwBBvI38zPEpXUe,2024-01-04 17:59:46.666000+00:00,004, ,, , 
net_byqh1YwBBvI38zPEpXUe,byqh1YwBBvI38zPEpXUe,2024-01-04 17:59:46.680000+00:00,004, ,, , 
net_cCqh1YwBBvI38zPEpXUe,cCqh1YwBBvI38zPEpXUe,2024-01-04 17:59:46.680000+00:00,004, ,, , 
net_Syqb1YwBBvI38zPEinVB,Syqb1YwBBvI38zPEinVB,2024-01-04 17:53:04.109000+00:00,000, ,, , 
net_Tiqb1YwBBvI38zPEinVC,Tiqb1YwBBvI38zPEinVC,2024-01-04 17:53:05.692000+00:00,004, ,, , 
net_Tyqb1YwBBvI38zPEinVC,Tyqb1YwBBvI38zPEinVC,2024-01-04 17:53:05.738000+00:00,004, ,, , 
net_eSqi1YwBBvI38zPE8XVY,eSqi1YwBBvI38zPE8XVY,2024-01-04 18:01:07.792000+00:00,004, ,, , 
net_eyqi1YwBBvI38zPE8XVY,eyqi1YwBBvI38zPE8XVY,2024-01-04 18:01:10.759000+00:00,004, ,, , 
net_SSqZ1YwBBvI38zPEAXVm,SSqZ1YwBBvI38zPEAXVm,2024-01-04 17:50:19.475000+00:00,004, ,, , 
net_Wiqc1YwBBvI38zPELnU1,Wiqc1YwBBvI38zPELnU1,2024-01-04 17:53:46.140000+00:00,004, ,, , 
net_fSqm1YwBBvI38zPEVHWp,fSqm1YwBBvI38zPEVHWp,2024-01-04 18:04:49.600000+00:00,000, ,, , 
net_fyqm1YwBBvI38zPEVHWp,fyqm1YwBBvI38zPEVHWp,2024-01-04 18:04:50.521000+00:00,000, ,, , 
net_fCqj1YwBBvI38zPEDHV_,fCqj1YwBBvI38zPEDHV_,2024-01-04 18:01:17.805000+00:00,000, ,, , 
net_XSqd1YwBBvI38zPEU3VP,XSqd1YwBBvI38zPEU3VP,2024-01-04 17:54:55.942000+00:00,000, ,, , 
net_kSqq1YwBBvI38zPELXXR,kSqq1YwBBvI38zPELXXR,2024-01-04 18:09:05.421000+00:00,004, ,, , 
net_kiqq1YwBBvI38zPELXXR,kiqq1YwBBvI38zPELXXR,2024-01-04 18:09:05.426000+00:00,004, ,, , 
net_lyqq1YwBBvI38zPELXXR,lyqq1YwBBvI38zPELXXR,2024-01-04 18:09:05.468000+00:00,004, ,, , 
net_miqq1YwBBvI38zPELXXR,miqq1YwBBvI38zPELXXR,2024-01-04 18:09:07.433000+00:00,004, ,, , 
net_niqq1YwBBvI38zPELXXS,niqq1YwBBvI38zPELXXS,2024-01-04 18:09:07.447000+00:00,004, ,, , 
net_nyqq1YwBBvI38zPELXXS,nyqq1YwBBvI38zPELXXS,2024-01-04 18:09:07.449000+00:00,004, ,, , 
net_oiqq1YwBBvI38zPELXXS,oiqq1YwBBvI38zPELXXS,2024-01-04 18:09:07.457000+00:00,004, ,, , 
net_piqq1YwBBvI38zPELXXS,piqq1YwBBvI38zPELXXS,2024-01-04 18:09:07.470000+00:00,004, ,, , 
net_zyqy1YwBBvI38zPEMHX2,zyqy1YwBBvI38zPEMHX2,2024-01-04 18:17:48.439000+00:00,004, ,, , 
net_0Cqy1YwBBvI38zPEMHX2,0Cqy1YwBBvI38zPEMHX2,2024-01-04 18:17:48.449000+00:00,004, ,, , 
net_0iqy1YwBBvI38zPEMHX2,0iqy1YwBBvI38zPEMHX2,2024-01-04 18:17:48.463000+00:00,004, ,, , 
net_0yqy1YwBBvI38zPEMHX2,0yqy1YwBBvI38zPEMHX2,2024-01-04 18:17:48.591000+00:00,004, ,, , 
net_1yqy1YwBBvI38zPEMHX2,1yqy1YwBBvI38zPEMHX2,2024-01-04 18:17:48.602000+00:00,004, ,, , 
net_gyqn1YwBBvI38zPEH3Xf,gyqn1YwBBvI38zPEH3Xf,2024-01-04 18:05:47.290000+00:00,004, ,, , 
net_hSqn1YwBBvI38zPEH3Xf,hSqn1YwBBvI38zPEH3Xf,2024-01-04 18:05:47.296000+00:00,004, ,, , 
net_iiqn1YwBBvI38zPEH3Xf,iiqn1YwBBvI38zPEH3Xf,2024-01-04 18:05:47.409000+00:00,004, ,, , 
net_ryqs1YwBBvI38zPEsnU2,ryqs1YwBBvI38zPEsnU2,2024-01-04 18:11:47.811000+00:00,004, ,, , 
net_tiqs1YwBBvI38zPEsnU3,tiqs1YwBBvI38zPEsnU3,2024-01-04 18:11:47.863000+00:00,004, ,, , 
net_tyqs1YwBBvI38zPEsnU3,tyqs1YwBBvI38zPEsnU3,2024-01-04 18:11:47.866000+00:00,004, ,, , 
net_jiqn1YwBBvI38zPEWnWC,jiqn1YwBBvI38zPEWnWC,2024-01-04 18:05:59.217000+00:00,004, ,, , 
net_xCqv1YwBBvI38zPEy3Vl,xCqv1YwBBvI38zPEy3Vl,2024-01-04 18:15:14.174000+00:00,004, ,, , 
net_xSqx1YwBBvI38zPEZnUB,xSqx1YwBBvI38zPEZnUB,2024-01-04 18:16:57.913000+00:00,000, ,, , 
net_ziqx1YwBBvI38zPEgXUB,ziqx1YwBBvI38zPEgXUB,2024-01-04 18:17:05.215000+00:00,000, ,, , 
net_2yqy1YwBBvI38zPE1XUi,2yqy1YwBBvI38zPE1XUi,2024-01-04 18:18:30.516000+00:00,000, ,, , 
net_YSqg1YwBBvI38zPEWXUR,YSqg1YwBBvI38zPEWXUR,2024-01-04 17:58:21.637000+00:00,000, ,, , 
net_LirF1YwBBvI38zPEq3a7,LirF1YwBBvI38zPEq3a7,2024-01-04 18:39:04.936000+00:00,004, ,, , 
net_MSrF1YwBBvI38zPEq3a7,MSrF1YwBBvI38zPEq3a7,2024-01-04 18:39:04.949000+00:00,004, ,, , 
net_MirF1YwBBvI38zPEq3a7,MirF1YwBBvI38zPEq3a7,2024-01-04 18:39:06.940000+00:00,004, ,, , 
net_NSrF1YwBBvI38zPEq3a7,NSrF1YwBBvI38zPEq3a7,2024-01-04 18:39:06.956000+00:00,004, ,, , 
net_OSrF1YwBBvI38zPEq3a7,OSrF1YwBBvI38zPEq3a7,2024-01-04 18:39:06.969000+00:00,004, ,, , 
net_QCrF1YwBBvI38zPEq3a7,QCrF1YwBBvI38zPEq3a7,2024-01-04 18:39:08.959000+00:00,004, ,, , 
net_QSrF1YwBBvI38zPEq3a7,QSrF1YwBBvI38zPEq3a7,2024-01-04 18:39:08.962000+00:00,004, ,, , 
net_QirF1YwBBvI38zPEq3a7,QirF1YwBBvI38zPEq3a7,2024-01-04 18:39:08.965000+00:00,004, ,, , 
net_RCrF1YwBBvI38zPEq3a7,RCrF1YwBBvI38zPEq3a7,2024-01-04 18:39:08.971000+00:00,004, ,, , 
net_7yq41YwBBvI38zPEMHWt,7yq41YwBBvI38zPEMHWt,2024-01-04 18:24:19.263000+00:00,004, ,, , 
net_8Cq41YwBBvI38zPEMHWt,8Cq41YwBBvI38zPEMHWt,2024-01-04 18:24:21.955000+00:00,000, ,, , 
net_3Cqz1YwBBvI38zPErHXD,3Cqz1YwBBvI38zPErHXD,2024-01-04 18:19:20.637000+00:00,004, ,, , 
net_3iqz1YwBBvI38zPErHXD,3iqz1YwBBvI38zPErHXD,2024-01-04 18:19:20.793000+00:00,004, ,, , 
net_BSq91YwBBvI38zPELnad,BSq91YwBBvI38zPELnad,2024-01-04 18:29:50.030000+00:00,004, ,, , 
net_Byq91YwBBvI38zPELnad,Byq91YwBBvI38zPELnad,2024-01-04 18:29:50.065000+00:00,004, ,, , 
net_6Cq31YwBBvI38zPEqHUb,6Cq31YwBBvI38zPEqHUb,2024-01-04 18:23:49.381000+00:00,004, ,, , 
net_6Sq31YwBBvI38zPEqHUb,6Sq31YwBBvI38zPEqHUb,2024-01-04 18:23:49.384000+00:00,004, ,, , 
net_FyrB1YwBBvI38zPEunb2,FyrB1YwBBvI38zPEunb2,2024-01-04 18:34:50.435000+00:00,004, ,, , 
net_ICrC1YwBBvI38zPExXYJ,ICrC1YwBBvI38zPExXYJ,2024-01-04 18:35:50.748000+00:00,004, ,, , 
net_'-Sq51YwBBvI38zPED3V9,'-Sq51YwBBvI38zPED3V9,2024-01-04 18:25:13.350000+00:00,004, ,, , 
net_8iq41YwBBvI38zPEknVr,8iq41YwBBvI38zPEknVr,2024-01-04 18:24:48.010000+00:00,000, ,, , 
net_ZCrN1YwBBvI38zPEUXYp,ZCrN1YwBBvI38zPEUXYp,2024-01-04 18:47:29.885000+00:00,004, ,, , 
net_ZyrN1YwBBvI38zPEUXYp,ZyrN1YwBBvI38zPEUXYp,2024-01-04 18:47:29.903000+00:00,004, ,, , 
net_aCrN1YwBBvI38zPEUXYp,aCrN1YwBBvI38zPEUXYp,2024-01-04 18:47:29.907000+00:00,004, ,, , 
net_eirR1YwBBvI38zPEXHaM,eirR1YwBBvI38zPEXHaM,2024-01-04 18:51:50.383000+00:00,004, ,, , 
net_eyrR1YwBBvI38zPEXHaM,eyrR1YwBBvI38zPEXHaM,2024-01-04 18:51:50.383000+00:00,004, ,, , 
net_ayrN1YwBBvI38zPEsnbd,ayrN1YwBBvI38zPEsnbd,2024-01-04 18:47:52.103000+00:00,004, ,, , 
net_bCrN1YwBBvI38zPEsnbd,bCrN1YwBBvI38zPEsnbd,2024-01-04 18:47:52.103000+00:00,004, ,, , 
net_bSrN1YwBBvI38zPEsnbd,bSrN1YwBBvI38zPEsnbd,2024-01-04 18:47:52.104000+00:00,004, ,, , 
net_SyrH1YwBBvI38zPE5Xbn,SyrH1YwBBvI38zPE5Xbn,2024-01-04 18:41:29.191000+00:00,004, ,, , 
net_TCrH1YwBBvI38zPE5Xbn,TCrH1YwBBvI38zPE5Xbn,2024-01-04 18:41:29.201000+00:00,004, ,, , 
net_VCrI1YwBBvI38zPER3ag,VCrI1YwBBvI38zPER3ag,2024-01-04 18:41:51.359000+00:00,004, ,, , 
net_eSrQ1YwBBvI38zPE-3YY,eSrQ1YwBBvI38zPE-3YY,2024-01-04 18:51:24.355000+00:00,004, ,, , 
net_WSrI1YwBBvI38zPE43a2,WSrI1YwBBvI38zPE43a2,2024-01-04 18:42:33.438000+00:00,004, ,, , 
net_YSrM1YwBBvI38zPEBHby,YSrM1YwBBvI38zPEBHby,2024-01-04 18:46:01.760000+00:00,004, ,, , 
net_dyrP1YwBBvI38zPErnax,dyrP1YwBBvI38zPErnax,2024-01-04 18:49:58.208000+00:00,004, ,, , 
net_qirY1YwBBvI38zPE43Zz,qirY1YwBBvI38zPE43Zz,2024-01-04 19:00:07.447000+00:00,004, ,, , 
net_rSrY1YwBBvI38zPE43Zz,rSrY1YwBBvI38zPE43Zz,2024-01-04 19:00:07.473000+00:00,004, ,, , 
net_sCrY1YwBBvI38zPE43Zz,sCrY1YwBBvI38zPE43Zz,2024-01-04 19:00:07.488000+00:00,004, ,, , 
net_sSrY1YwBBvI38zPE43Zz,sSrY1YwBBvI38zPE43Zz,2024-01-04 19:00:07.489000+00:00,004, ,, , 
net_sirY1YwBBvI38zPE43Zz,sirY1YwBBvI38zPE43Zz,2024-01-04 19:00:07.491000+00:00,004, ,, , 
net_syrY1YwBBvI38zPE43Zz,syrY1YwBBvI38zPE43Zz,2024-01-04 19:00:07.491000+00:00,004, ,, , 
net_tirY1YwBBvI38zPE53aB,tirY1YwBBvI38zPE53aB,2024-01-04 19:00:09.455000+00:00,004, ,, , 
net_tyrY1YwBBvI38zPE53aB,tyrY1YwBBvI38zPE53aB,2024-01-04 19:00:09.457000+00:00,004, ,, , 
net_uCrY1YwBBvI38zPE53aB,uCrY1YwBBvI38zPE53aB,2024-01-04 19:00:09.471000+00:00,004, ,, , 
net_uirY1YwBBvI38zPE53aB,uirY1YwBBvI38zPE53aB,2024-01-04 19:00:09.492000+00:00,004, ,, , 
net_vCrY1YwBBvI38zPE53aB,vCrY1YwBBvI38zPE53aB,2024-01-04 19:00:09.508000+00:00,004, ,, , 
net_virY1YwBBvI38zPE53aB,virY1YwBBvI38zPE53aB,2024-01-04 19:00:09.513000+00:00,004, ,, , 
net_wCrY1YwBBvI38zPE53aB,wCrY1YwBBvI38zPE53aB,2024-01-04 19:00:09.528000+00:00,004, ,, , 
net_xCrY1YwBBvI38zPE53aB,xCrY1YwBBvI38zPE53aB,2024-01-04 19:00:09.564000+00:00,004, ,, , 
net_mirY1YwBBvI38zPEqHbN,mirY1YwBBvI38zPEqHbN,2024-01-04 18:59:53.403000+00:00,004, ,, , 
net_myrY1YwBBvI38zPEqHbN,myrY1YwBBvI38zPEqHbN,2024-01-04 18:59:53.412000+00:00,004, ,, , 
net_nCrY1YwBBvI38zPEqHbN,nCrY1YwBBvI38zPEqHbN,2024-01-04 18:59:53.414000+00:00,004, ,, , 
net_fSrT1YwBBvI38zPENHZn,fSrT1YwBBvI38zPENHZn,2024-01-04 18:53:52.688000+00:00,004, ,, , 
net_firT1YwBBvI38zPENHZn,firT1YwBBvI38zPENHZn,2024-01-04 18:53:52.723000+00:00,004, ,, , 
net_fyrT1YwBBvI38zPENHZn,fyrT1YwBBvI38zPENHZn,2024-01-04 18:53:52.723000+00:00,004, ,, , 
net_jyrX1YwBBvI38zPEj3ZN,jyrX1YwBBvI38zPEj3ZN,2024-01-04 18:58:35.122000+00:00,004, ,, , 
net_kSrX1YwBBvI38zPEj3ZN,kSrX1YwBBvI38zPEj3ZN,2024-01-04 18:58:35.127000+00:00,004, ,, , 
net_kyrX1YwBBvI38zPEj3ZN,kyrX1YwBBvI38zPEj3ZN,2024-01-04 18:58:41.136000+00:00,004, ,, , 
net_iirV1YwBBvI38zPEzXbN,iirV1YwBBvI38zPEzXbN,2024-01-04 18:56:42.971000+00:00,004, ,, , 
net_iyrV1YwBBvI38zPEzXbN,iyrV1YwBBvI38zPEzXbN,2024-01-04 18:56:42.971000+00:00,004, ,, , 
net_lCrX1YwBBvI38zPEqnZ8,lCrX1YwBBvI38zPEqnZ8,2024-01-04 18:58:45.136000+00:00,004, ,, , 
net_lirX1YwBBvI38zPExXbj,lirX1YwBBvI38zPExXbj,2024-01-04 18:58:55.208000+00:00,004, ,, , 
net_iCrV1YwBBvI38zPEGnYp,iCrV1YwBBvI38zPEGnYp,2024-01-04 18:56:00.919000+00:00,004, ,, , 
net_zCrZ1YwBBvI38zPEEnZp,zCrZ1YwBBvI38zPEEnZp,2024-01-04 19:00:19.473000+00:00,004, ,, , 
net_2Cre1YwBBvI38zPEK3bk,2Cre1YwBBvI38zPEK3bk,2024-01-04 19:05:54.085000+00:00,004, ,, , 
net_2ire1YwBBvI38zPEK3bk,2ire1YwBBvI38zPEK3bk,2024-01-04 19:05:54.131000+00:00,004, ,, , 
net_2yre1YwBBvI38zPEK3bk,2yre1YwBBvI38zPEK3bk,2024-01-04 19:05:54.188000+00:00,004, ,, , 
net_3Sre1YwBBvI38zPEK3bl,3Sre1YwBBvI38zPEK3bl,2024-01-04 19:05:54.196000+00:00,004, ,, , 
net_3yre1YwBBvI38zPEK3bl,3yre1YwBBvI38zPEK3bl,2024-01-04 19:05:54.208000+00:00,004, ,, , 
net_4Cre1YwBBvI38zPEK3bl,4Cre1YwBBvI38zPEK3bl,2024-01-04 19:05:54.215000+00:00,004, ,, , 
net_4ire1YwBBvI38zPEL3aS,4ire1YwBBvI38zPEL3aS,2024-01-04 19:05:56.112000+00:00,004, ,,sohaib,root(uid=0)
net_5yre1YwBBvI38zPEM3Zx,5yre1YwBBvI38zPEM3Zx,2024-01-04 19:05:56.170000+00:00,004, ,, , 
net_7yre1YwBBvI38zPEbnY_,7yre1YwBBvI38zPEbnY_,2024-01-04 19:06:10.148000+00:00,004, ,,root,root
net_8yre1YwBBvI38zPEbnY_,8yre1YwBBvI38zPEbnY_,2024-01-04 19:06:10.196000+00:00,004, ,, , 
net_6Cre1YwBBvI38zPETnbh,6Cre1YwBBvI38zPETnbh,2024-01-04 19:06:04.120000+00:00,004, ,,root,root
net_7Cre1YwBBvI38zPETnbh,7Cre1YwBBvI38zPETnbh,2024-01-04 19:06:04.148000+00:00,004, ,, , 
net_CSrg1YwBBvI38zPEWnfd,CSrg1YwBBvI38zPEWnfd,2024-01-04 19:08:12.380000+00:00,004, ,, , 
net_Cirg1YwBBvI38zPEWnfd,Cirg1YwBBvI38zPEWnfd,2024-01-04 19:08:12.389000+00:00,004, ,, , 
net_DCrg1YwBBvI38zPEWnfd,DCrg1YwBBvI38zPEWnfd,2024-01-04 19:08:12.431000+00:00,004, ,, ,root
net_DSrg1YwBBvI38zPEWnfe,DSrg1YwBBvI38zPEWnfe,2024-01-04 19:08:12.431000+00:00,004, ,,sohaib,root(uid=0)
net_9ire1YwBBvI38zPE0HZA,9ire1YwBBvI38zPE0HZA,2024-01-04 19:06:30.194000+00:00,004, ,,sohaib,root(uid=0)
net_9yre1YwBBvI38zPE0HZA,9yre1YwBBvI38zPE0HZA,2024-01-04 19:06:30.194000+00:00,004, ,,root,root
net_'-Sre1YwBBvI38zPE0HZA,'-Sre1YwBBvI38zPE0HZA,2024-01-04 19:06:30.195000+00:00,004, ,, ,root
net_'-yre1YwBBvI38zPE0HZA,'-yre1YwBBvI38zPE0HZA,2024-01-04 19:06:30.222000+00:00,004, ,, , 
net_ASrf1YwBBvI38zPEp3cd,ASrf1YwBBvI38zPEp3cd,2024-01-04 19:07:26.284000+00:00,004, ,, , 
net_Ayrf1YwBBvI38zPEp3cd,Ayrf1YwBBvI38zPEp3cd,2024-01-04 19:07:32.317000+00:00,004, ,, ,root
net_1Crb1YwBBvI38zPEpnbu,1Crb1YwBBvI38zPEpnbu,2024-01-04 19:03:01.770000+00:00,004, ,, , 
net_1Srb1YwBBvI38zPEpnbu,1Srb1YwBBvI38zPEpnbu,2024-01-04 19:03:01.771000+00:00,004, ,, , 
net_0Cra1YwBBvI38zPE23ah,0Cra1YwBBvI38zPE23ah,2024-01-04 19:02:15.709000+00:00,004, ,, , 
net_0yra1YwBBvI38zPE9nb8,0yra1YwBBvI38zPE9nb8,2024-01-04 19:02:21.673000+00:00,004, ,, , 
net_KSrh1YwBBvI38zPEHnec,KSrh1YwBBvI38zPEHnec,2024-01-04 19:09:02.490000+00:00,004, ,, , 
net_Kyrh1YwBBvI38zPEHnec,Kyrh1YwBBvI38zPEHnec,2024-01-04 19:09:02.504000+00:00,004, ,, , 
net_LSrh1YwBBvI38zPEHnec,LSrh1YwBBvI38zPEHnec,2024-01-04 19:09:02.509000+00:00,004, ,, , 
net_MSrh1YwBBvI38zPEHnec,MSrh1YwBBvI38zPEHnec,2024-01-04 19:09:04.481000+00:00,004, ,, , 
net_Mirh1YwBBvI38zPEHnec,Mirh1YwBBvI38zPEHnec,2024-01-04 19:09:04.485000+00:00,004, ,, , 
net_NSrh1YwBBvI38zPEHned,NSrh1YwBBvI38zPEHned,2024-01-04 19:09:04.496000+00:00,004, ,, , 
net_OCrh1YwBBvI38zPEHned,OCrh1YwBBvI38zPEHned,2024-01-04 19:09:04.506000+00:00,004, ,, , 
net_Oirh1YwBBvI38zPEHned,Oirh1YwBBvI38zPEHned,2024-01-04 19:09:04.535000+00:00,004, ,, , 
net_Oyrh1YwBBvI38zPEHned,Oyrh1YwBBvI38zPEHned,2024-01-04 19:09:04.535000+00:00,004, ,, , 
net_PCrh1YwBBvI38zPEHned,PCrh1YwBBvI38zPEHned,2024-01-04 19:09:04.536000+00:00,004, ,, , 
net_jSr81YwBBvI38zPEkXcz,jSr81YwBBvI38zPEkXcz,2024-01-04 19:39:03.129000+00:00,004, ,, , 
net_jir81YwBBvI38zPEkXcz,jir81YwBBvI38zPEkXcz,2024-01-04 19:39:03.131000+00:00,004, ,, , 
net_mCr81YwBBvI38zPEkXc0,mCr81YwBBvI38zPEkXc0,2024-01-04 19:39:03.160000+00:00,004, ,, , 
net_mSr81YwBBvI38zPEkXc0,mSr81YwBBvI38zPEkXc0,2024-01-04 19:39:03.160000+00:00,004, ,, , 
net_nCr81YwBBvI38zPEkXc0,nCr81YwBBvI38zPEkXc0,2024-01-04 19:39:03.209000+00:00,004, ,, , 
net_Eirg1YwBBvI38zPEvHfY,Eirg1YwBBvI38zPEvHfY,2024-01-04 19:08:40.533000+00:00,004, ,, , 
net_Eyrg1YwBBvI38zPEvHfY,Eyrg1YwBBvI38zPEvHfY,2024-01-04 19:08:40.536000+00:00,004, ,, , 
net_Firg1YwBBvI38zPEvHfY,Firg1YwBBvI38zPEvHfY,2024-01-04 19:08:40.551000+00:00,004, ,, , 
net_Fyrg1YwBBvI38zPEvHfY,Fyrg1YwBBvI38zPEvHfY,2024-01-04 19:08:40.556000+00:00,004, ,, , 
net_GSrg1YwBBvI38zPEvHfZ,GSrg1YwBBvI38zPEvHfZ,2024-01-04 19:08:40.570000+00:00,004, ,, , 
net_HSrg1YwBBvI38zPEvHfZ,HSrg1YwBBvI38zPEvHfZ,2024-01-04 19:08:40.578000+00:00,004, ,, , 
net_Hyrg1YwBBvI38zPEvHfZ,Hyrg1YwBBvI38zPEvHfZ,2024-01-04 19:08:40.589000+00:00,004, ,, , 
net_JCrg1YwBBvI38zPEvHfZ,JCrg1YwBBvI38zPEvHfZ,2024-01-04 19:08:40.608000+00:00,004, ,, , 
net_Virp1YwBBvI38zPESHfE,Virp1YwBBvI38zPESHfE,2024-01-04 19:17:55.320000+00:00,004, ,, , 
net_Vyrp1YwBBvI38zPESHfE,Vyrp1YwBBvI38zPESHfE,2024-01-04 19:17:55.322000+00:00,004, ,, , 
net_WCrp1YwBBvI38zPESHfE,WCrp1YwBBvI38zPESHfE,2024-01-04 19:17:55.326000+00:00,004, ,, , 
net_Wirp1YwBBvI38zPESHfE,Wirp1YwBBvI38zPESHfE,2024-01-04 19:17:55.327000+00:00,004, ,, , 
net_XCrp1YwBBvI38zPESHfF,XCrp1YwBBvI38zPESHfF,2024-01-04 19:17:55.334000+00:00,004, ,, , 
net_fCr51YwBBvI38zPEvncP,fCr51YwBBvI38zPEvncP,2024-01-04 19:35:56.914000+00:00,004, ,, , 
net_gCr51YwBBvI38zPEvncP,gCr51YwBBvI38zPEvncP,2024-01-04 19:35:56.924000+00:00,004, ,, , 
net_gSr51YwBBvI38zPEvncP,gSr51YwBBvI38zPEvncP,2024-01-04 19:35:56.927000+00:00,004, ,, , 
net_gir51YwBBvI38zPEvncP,gir51YwBBvI38zPEvncP,2024-01-04 19:35:56.929000+00:00,004, ,, , 
net_Yiru1YwBBvI38zPEwHfB,Yiru1YwBBvI38zPEwHfB,2024-01-04 19:23:55.829000+00:00,004, ,, , 
net_ZSru1YwBBvI38zPEwHfB,ZSru1YwBBvI38zPEwHfB,2024-01-04 19:23:55.863000+00:00,004, ,, , 
net_Zyru1YwBBvI38zPEwHfB,Zyru1YwBBvI38zPEwHfB,2024-01-04 19:23:55.871000+00:00,004, ,, , 
net_RCrj1YwBBvI38zPEyndB,RCrj1YwBBvI38zPEyndB,2024-01-04 19:11:54.788000+00:00,004, ,, , 
net_Sirj1YwBBvI38zPEyndB,Sirj1YwBBvI38zPEyndB,2024-01-04 19:11:54.902000+00:00,004, ,, , 
net_Uiro1YwBBvI38zPEcXfR,Uiro1YwBBvI38zPEcXfR,2024-01-04 19:17:03.303000+00:00,004, ,, , 
net_dir01YwBBvI38zPEP3dr,dir01YwBBvI38zPEP3dr,2024-01-04 19:29:56.396000+00:00,004, ,, , 
net_3ioY1owBBvI38zPECnco,3ioY1owBBvI38zPECnco,2024-01-04 20:09:03.741000+00:00,004, ,, , 
net_3yoY1owBBvI38zPECnco,3yoY1owBBvI38zPECnco,2024-01-04 20:09:03.751000+00:00,004, ,, , 
net_4SoY1owBBvI38zPECncp,4SoY1owBBvI38zPECncp,2024-01-04 20:09:03.753000+00:00,004, ,, , 
net_5CoY1owBBvI38zPECncp,5CoY1owBBvI38zPECncp,2024-01-04 20:09:03.776000+00:00,004, ,, , 
net_5SoY1owBBvI38zPECncp,5SoY1owBBvI38zPECncp,2024-01-04 20:09:03.777000+00:00,004, ,, , 
net_6SoY1owBBvI38zPECncp,6SoY1owBBvI38zPECncp,2024-01-04 20:09:03.777000+00:00,004, ,, , 
net_6ioY1owBBvI38zPECncp,6ioY1owBBvI38zPECncp,2024-01-04 20:09:03.775000+00:00,004, ,, , 
net_7yoY1owBBvI38zPECncp,7yoY1owBBvI38zPECncp,2024-01-04 20:09:03.801000+00:00,004, ,, , 
net_8CoY1owBBvI38zPECncp,8CoY1owBBvI38zPECncp,2024-01-04 20:09:03.802000+00:00,004, ,, , 
net_9SoY1owBBvI38zPECncp,9SoY1owBBvI38zPECncp,2024-01-04 20:09:03.813000+00:00,004, ,, , 
net_Cyog1owBBvI38zPENHg1,Cyog1owBBvI38zPENHg1,2024-01-04 20:18:00.580000+00:00,004, ,, , 
net_Dyog1owBBvI38zPENHg1,Dyog1owBBvI38zPENHg1,2024-01-04 20:18:00.586000+00:00,004, ,, , 
net_ECog1owBBvI38zPENHg1,ECog1owBBvI38zPENHg1,2024-01-04 20:18:00.586000+00:00,004, ,, , 
net_Eiog1owBBvI38zPENHg1,Eiog1owBBvI38zPENHg1,2024-01-04 20:18:00.588000+00:00,004, ,, , 
net_Eyog1owBBvI38zPENHg1,Eyog1owBBvI38zPENHg1,2024-01-04 20:18:00.629000+00:00,004, ,, , 
net_rioE1owBBvI38zPEu3cb,rioE1owBBvI38zPEu3cb,2024-01-04 19:47:57.874000+00:00,004, ,, , 
net_sSoE1owBBvI38zPEu3cb,sSoE1owBBvI38zPEu3cb,2024-01-04 19:47:57.889000+00:00,004, ,, , 
net_tSoE1owBBvI38zPEu3cc,tSoE1owBBvI38zPEu3cc,2024-01-04 19:47:57.906000+00:00,004, ,, , 
net_tioE1owBBvI38zPEu3cc,tioE1owBBvI38zPEu3cc,2024-01-04 19:47:57.949000+00:00,004, ,, , 
net_vSoK1owBBvI38zPEPHd7,vSoK1owBBvI38zPEPHd7,2024-01-04 19:53:58.501000+00:00,004, ,, , 
net_vioK1owBBvI38zPEPHd7,vioK1owBBvI38zPEPHd7,2024-01-04 19:53:58.502000+00:00,004, ,, , 
net_vyoK1owBBvI38zPEPHd7,vyoK1owBBvI38zPEPHd7,2024-01-04 19:53:58.503000+00:00,004, ,, , 
net_wSoK1owBBvI38zPEPHd7,wSoK1owBBvI38zPEPHd7,2024-01-04 19:53:58.520000+00:00,004, ,, , 
net_2SoV1owBBvI38zPEN3dD,2SoV1owBBvI38zPEN3dD,2024-01-04 20:05:59.504000+00:00,004, ,, , 
net_2ioV1owBBvI38zPEN3dD,2ioV1owBBvI38zPEN3dD,2024-01-04 20:05:59.504000+00:00,004, ,, , 
net_2yoV1owBBvI38zPEN3dD,2yoV1owBBvI38zPEN3dD,2024-01-04 20:05:59.504000+00:00,004, ,, , 
net_zSoP1owBBvI38zPEuHeu,zSoP1owBBvI38zPEuHeu,2024-01-04 19:59:58.943000+00:00,004, ,, , 
net_0CoP1owBBvI38zPEuHeu,0CoP1owBBvI38zPEuHeu,2024-01-04 19:59:58.948000+00:00,004, ,, , 
net_oCr_1YwBBvI38zPEPHfk,oCr_1YwBBvI38zPEPHfk,2024-01-04 19:41:57.414000+00:00,004, ,, , 
net_pCr_1YwBBvI38zPEPHfk,pCr_1YwBBvI38zPEPHfk,2024-01-04 19:41:57.441000+00:00,004, ,, , 
net_Ciof1owBBvI38zPEXXhT,Ciof1owBBvI38zPEXXhT,2024-01-04 20:17:04.420000+00:00,004, ,, , 
net_Aioa1owBBvI38zPEtXi8,Aioa1owBBvI38zPEtXi8,2024-01-04 20:12:00.082000+00:00,004, ,, , 
net_Oyoz1owBBvI38zPEg3hN,Oyoz1owBBvI38zPEg3hN,2024-01-04 20:39:04.406000+00:00,004, ,, , 
net_Qyoz1owBBvI38zPEg3hN,Qyoz1owBBvI38zPEg3hN,2024-01-04 20:39:04.448000+00:00,004, ,, , 
net_RSoz1owBBvI38zPEg3hN,RSoz1owBBvI38zPEg3hN,2024-01-04 20:39:04.454000+00:00,004, ,, , 
net_Sioz1owBBvI38zPEg3hN,Sioz1owBBvI38zPEg3hN,2024-01-04 20:39:04.471000+00:00,004, ,, , 
net_Syoz1owBBvI38zPEg3hN,Syoz1owBBvI38zPEg3hN,2024-01-04 20:39:04.471000+00:00,004, ,, , 
net_TSoz1owBBvI38zPEg3hN,TSoz1owBBvI38zPEg3hN,2024-01-04 20:39:04.478000+00:00,004, ,, , 
net_Tyoz1owBBvI38zPEg3hO,Tyoz1owBBvI38zPEg3hO,2024-01-04 20:39:04.480000+00:00,004, ,, , 
net_UCoz1owBBvI38zPEg3hO,UCoz1owBBvI38zPEg3hO,2024-01-04 20:39:04.484000+00:00,004, ,, , 
net_Uioz1owBBvI38zPEg3hO,Uioz1owBBvI38zPEg3hO,2024-01-04 20:39:04.491000+00:00,004, ,, , 
net_VCoz1owBBvI38zPEg3hO,VCoz1owBBvI38zPEg3hO,2024-01-04 20:39:04.537000+00:00,004, ,, , 
net_cSpB1owBBvI38zPEVnga,cSpB1owBBvI38zPEVnga,2024-01-04 20:54:03.783000+00:00,004, ,, , 
net_cypB1owBBvI38zPEVnga,cypB1owBBvI38zPEVnga,2024-01-04 20:54:03.783000+00:00,004, ,, , 
net_dipB1owBBvI38zPEVnga,dipB1owBBvI38zPEVnga,2024-01-04 20:54:03.817000+00:00,004, ,, , 
net_eCpB1owBBvI38zPEVnga,eCpB1owBBvI38zPEVnga,2024-01-04 20:54:03.820000+00:00,004, ,, , 
net_Myow1owBBvI38zPEsHhq,Myow1owBBvI38zPEsHhq,2024-01-04 20:36:02.169000+00:00,004, ,, , 
net_NSow1owBBvI38zPEsHhq,NSow1owBBvI38zPEsHhq,2024-01-04 20:36:02.183000+00:00,004, ,, , 
net_Niow1owBBvI38zPEsHhq,Niow1owBBvI38zPEsHhq,2024-01-04 20:36:02.202000+00:00,004, ,, , 
net_gipG1owBBvI38zPE0XjF,gipG1owBBvI38zPE0XjF,2024-01-04 21:00:04.259000+00:00,004, ,, , 
net_hCpG1owBBvI38zPE0XjF,hCpG1owBBvI38zPE0XjF,2024-01-04 21:00:04.278000+00:00,004, ,, , 
net_hSpG1owBBvI38zPE0XjF,hSpG1owBBvI38zPE0XjF,2024-01-04 21:00:04.278000+00:00,004, ,, , 
net_iSpG1owBBvI38zPE0XjG,iSpG1owBBvI38zPE0XjG,2024-01-04 21:00:04.326000+00:00,004, ,, , 
net_Zio71owBBvI38zPErXh5,Zio71owBBvI38zPErXh5,2024-01-04 20:48:03.229000+00:00,004, ,, , 
net_ayo71owBBvI38zPErXh5,ayo71owBBvI38zPErXh5,2024-01-04 20:48:03.253000+00:00,004, ,, , 
net_bCo71owBBvI38zPErXh5,bCo71owBBvI38zPErXh5,2024-01-04 20:48:03.279000+00:00,004, ,, , 
net_KCor1owBBvI38zPEMXij,KCor1owBBvI38zPEMXij,2024-01-04 20:30:01.640000+00:00,004, ,, , 
net_bSo71owBBvI38zPEsXhh,bSo71owBBvI38zPEsXhh,2024-01-04 20:48:03.280000+00:00,004, ,, , 
net_Fiol1owBBvI38zPEsnjo,Fiol1owBBvI38zPEsnjo,2024-01-04 20:24:01.111000+00:00,004, ,, , 
net_Wyo21owBBvI38zPELnjl,Wyo21owBBvI38zPELnjl,2024-01-04 20:42:02.710000+00:00,004, ,, , 
net_lypO1owBBvI38zPE_Hgz,lypO1owBBvI38zPE_Hgz,2024-01-04 21:09:03.036000+00:00,004, ,, , 
net_mypO1owBBvI38zPE_Hgz,mypO1owBBvI38zPE_Hgz,2024-01-04 21:09:03.054000+00:00,004, ,, , 
net_nSpO1owBBvI38zPE_Hg0,nSpO1owBBvI38zPE_Hg0,2024-01-04 21:09:03.060000+00:00,004, ,, , 
net_oSpO1owBBvI38zPE_Hg0,oSpO1owBBvI38zPE_Hg0,2024-01-04 21:09:03.069000+00:00,004, ,, , 
net_oypO1owBBvI38zPE_Hg0,oypO1owBBvI38zPE_Hg0,2024-01-04 21:09:03.071000+00:00,004, ,, , 
net_pCpO1owBBvI38zPE_Hg0,pCpO1owBBvI38zPE_Hg0,2024-01-04 21:09:03.112000+00:00,004, ,, , 
net_pSpO1owBBvI38zPE_Hg0,pSpO1owBBvI38zPE_Hg0,2024-01-04 21:09:05.024000+00:00,004, ,, , 
net_qCpO1owBBvI38zPE_Hg0,qCpO1owBBvI38zPE_Hg0,2024-01-04 21:09:05.035000+00:00,004, ,, , 
net_qypO1owBBvI38zPE_Hg0,qypO1owBBvI38zPE_Hg0,2024-01-04 21:09:05.055000+00:00,004, ,, , 
net_rypO1owBBvI38zPE_Hg0,rypO1owBBvI38zPE_Hg0,2024-01-04 21:09:05.060000+00:00,004, ,, , 
net_sCpO1owBBvI38zPE_Hg0,sCpO1owBBvI38zPE_Hg0,2024-01-04 21:09:05.098000+00:00,004, ,, , 
net_9Spq1owBBvI38zPEdHiC,9Spq1owBBvI38zPEdHiC,2024-01-04 21:39:03.745000+00:00,004, ,, , 
net_'-Cpq1owBBvI38zPEdHiC,'-Cpq1owBBvI38zPEdHiC,2024-01-04 21:39:03.751000+00:00,004, ,, , 
net__Spq1owBBvI38zPEdHiC,_Spq1owBBvI38zPEdHiC,2024-01-04 21:39:03.768000+00:00,004, ,, , 
net__ypq1owBBvI38zPEdHiC,_ypq1owBBvI38zPEdHiC,2024-01-04 21:39:03.771000+00:00,004, ,, , 
net_Aypq1owBBvI38zPEdHmD,Aypq1owBBvI38zPEdHmD,2024-01-04 21:39:03.783000+00:00,004, ,, , 
net_Bypq1owBBvI38zPEdHmD,Bypq1owBBvI38zPEdHmD,2024-01-04 21:39:03.793000+00:00,004, ,, , 
net_CCpq1owBBvI38zPEdHmD,CCpq1owBBvI38zPEdHmD,2024-01-04 21:39:03.794000+00:00,004, ,, , 
net_DSpq1owBBvI38zPEdHmD,DSpq1owBBvI38zPEdHmD,2024-01-04 21:39:03.805000+00:00,004, ,, , 
net_6ypn1owBBvI38zPEyHiw,6ypn1owBBvI38zPEyHiw,2024-01-04 21:36:07.463000+00:00,004, ,, , 
net_7Cpn1owBBvI38zPEyHiw,7Cpn1owBBvI38zPEyHiw,2024-01-04 21:36:07.482000+00:00,004, ,, , 
net_7ipn1owBBvI38zPEyHiw,7ipn1owBBvI38zPEyHiw,2024-01-04 21:36:07.508000+00:00,004, ,, , 
net_7ypn1owBBvI38zPEyHiw,7ypn1owBBvI38zPEyHiw,2024-01-04 21:36:07.522000+00:00,004, ,, , 
net_8ipn1owBBvI38zPEyHiw,8ipn1owBBvI38zPEyHiw,2024-01-04 21:36:07.569000+00:00,004, ,, , 
net_xSpX1owBBvI38zPETXh2,xSpX1owBBvI38zPETXh2,2024-01-04 21:18:05.904000+00:00,004, ,, , 
net_xipX1owBBvI38zPETXh2,xipX1owBBvI38zPETXh2,2024-01-04 21:18:05.905000+00:00,004, ,, , 
net_yCpX1owBBvI38zPETXh2,yCpX1owBBvI38zPETXh2,2024-01-04 21:18:05.899000+00:00,004, ,, , 
net_yypX1owBBvI38zPETXh2,yypX1owBBvI38zPETXh2,2024-01-04 21:18:05.928000+00:00,004, ,, , 
net_jypM1owBBvI38zPEUHhP,jypM1owBBvI38zPEUHhP,2024-01-04 21:06:04.811000+00:00,004, ,, , 
net_kCpM1owBBvI38zPEUHhP,kCpM1owBBvI38zPEUHhP,2024-01-04 21:06:04.818000+00:00,004, ,, , 
net_kipM1owBBvI38zPEUHhP,kipM1owBBvI38zPEUHhP,2024-01-04 21:06:04.847000+00:00,004, ,, , 
net_lipM1owBBvI38zPEUHhP,lipM1owBBvI38zPEUHhP,2024-01-04 21:06:04.906000+00:00,004, ,, , 
net_4Cpi1owBBvI38zPESnhI,4Cpi1owBBvI38zPESnhI,2024-01-04 21:30:06.980000+00:00,004, ,, , 
net_5Cpi1owBBvI38zPESnhI,5Cpi1owBBvI38zPESnhI,2024-01-04 21:30:06.997000+00:00,004, ,, , 
net_6Cpi1owBBvI38zPESnhI,6Cpi1owBBvI38zPESnhI,2024-01-04 21:30:07.047000+00:00,004, ,, , 
net_sypR1owBBvI38zPEznjn,sypR1owBBvI38zPEznjn,2024-01-04 21:12:05.330000+00:00,004, ,, , 
net_tipR1owBBvI38zPEznjn,tipR1owBBvI38zPEznjn,2024-01-04 21:12:05.337000+00:00,004, ,, , 
net_uCpR1owBBvI38zPEznjn,uCpR1owBBvI38zPEznjn,2024-01-04 21:12:05.340000+00:00,004, ,, , 
net_0Cpc1owBBvI38zPEy3jK,0Cpc1owBBvI38zPEy3jK,2024-01-04 21:24:06.439000+00:00,004, ,, , 
net_0ypc1owBBvI38zPEy3jK,0ypc1owBBvI38zPEy3jK,2024-01-04 21:24:06.433000+00:00,004, ,, , 
net_1Cpc1owBBvI38zPEy3jL,1Cpc1owBBvI38zPEy3jL,2024-01-04 21:24:06.433000+00:00,004, ,, , 
net_wipW1owBBvI38zPET3ho,wipW1owBBvI38zPET3ho,2024-01-04 21:17:03.749000+00:00,004, ,, , 
net_UyqF1owBBvI38zPE7Hnm,UyqF1owBBvI38zPE7Hnm,2024-01-04 22:09:04.377000+00:00,004, ,, , 
net_WSqF1owBBvI38zPE7Hnm,WSqF1owBBvI38zPE7Hnm,2024-01-04 22:09:04.391000+00:00,004, ,, , 
net_XCqF1owBBvI38zPE7Hnm,XCqF1owBBvI38zPE7Hnm,2024-01-04 22:09:04.397000+00:00,004, ,, , 
net_XyqF1owBBvI38zPE7Hnm,XyqF1owBBvI38zPE7Hnm,2024-01-04 22:09:04.407000+00:00,004, ,, , 
net_ISpy1owBBvI38zPExXmp,ISpy1owBBvI38zPExXmp,2024-01-04 21:48:08.597000+00:00,004, ,, , 
net_Iypy1owBBvI38zPExXmp,Iypy1owBBvI38zPExXmp,2024-01-04 21:48:08.598000+00:00,004, ,, , 
net_JCpy1owBBvI38zPExXmp,JCpy1owBBvI38zPExXmp,2024-01-04 21:48:08.603000+00:00,004, ,, , 
net_JSpy1owBBvI38zPExXmp,JSpy1owBBvI38zPExXmp,2024-01-04 21:48:08.615000+00:00,004, ,, , 
net_Oyp91owBBvI38zPExXmP,Oyp91owBBvI38zPExXmP,2024-01-04 22:00:09.598000+00:00,004, ,, , 
net_PCp91owBBvI38zPExXmP,PCp91owBBvI38zPExXmP,2024-01-04 22:00:09.598000+00:00,004, ,, , 
net_PSp91owBBvI38zPExXmP,PSp91owBBvI38zPExXmP,2024-01-04 22:00:09.598000+00:00,004, ,, , 
net_Qyp91owBBvI38zPExXmP,Qyp91owBBvI38zPExXmP,2024-01-04 22:00:09.653000+00:00,004, ,, , 
net_bSqI1owBBvI38zPE03ke,bSqI1owBBvI38zPE03ke,2024-01-04 22:12:10.713000+00:00,004, ,, , 
net_byqI1owBBvI38zPE03ke,byqI1owBBvI38zPE03ke,2024-01-04 22:12:10.730000+00:00,004, ,, , 
net_cyqI1owBBvI38zPE03ke,cyqI1owBBvI38zPE03ke,2024-01-04 22:12:10.745000+00:00,004, ,, , 
net_iCqT1owBBvI38zPEvHmQ,iCqT1owBBvI38zPEvHmQ,2024-01-04 22:24:11.675000+00:00,004, ,, , 
net_iiqT1owBBvI38zPEvHmQ,iiqT1owBBvI38zPEvHmQ,2024-01-04 22:24:11.684000+00:00,004, ,, , 
net_kCqT1owBBvI38zPEvHmQ,kCqT1owBBvI38zPEvHmQ,2024-01-04 22:24:11.768000+00:00,004, ,, , 
net_LCp41owBBvI38zPERHkq,LCp41owBBvI38zPERHkq,2024-01-04 21:54:09.088000+00:00,004, ,, , 
net_Lip41owBBvI38zPERHkq,Lip41owBBvI38zPERHkq,2024-01-04 21:54:09.114000+00:00,004, ,, , 
net_MCp41owBBvI38zPERHkq,MCp41owBBvI38zPERHkq,2024-01-04 21:54:09.118000+00:00,004, ,, , 
net_RyqD1owBBvI38zPEQXke,RyqD1owBBvI38zPEQXke,2024-01-04 22:06:10.117000+00:00,004, ,, , 
net_SiqD1owBBvI38zPEQXke,SiqD1owBBvI38zPEQXke,2024-01-04 22:06:10.140000+00:00,004, ,, , 
net_SyqD1owBBvI38zPEQXke,SyqD1owBBvI38zPEQXke,2024-01-04 22:06:10.158000+00:00,004, ,, , 
net_fyqO1owBBvI38zPEUXm2,fyqO1owBBvI38zPEUXm2,2024-01-04 22:18:11.179000+00:00,004, ,, , 
net_gyqO1owBBvI38zPEUXm2,gyqO1owBBvI38zPEUXm2,2024-01-04 22:18:11.190000+00:00,004, ,, , 
net_FSpt1owBBvI38zPER3lD,FSpt1owBBvI38zPER3lD,2024-01-04 21:42:08.105000+00:00,004, ,, , 
net_rSqh1owBBvI38zPEZXmF,rSqh1owBBvI38zPEZXmF,2024-01-04 22:39:04.974000+00:00,004, ,, , 
net_sCqh1owBBvI38zPEZXmF,sCqh1owBBvI38zPEZXmF,2024-01-04 22:39:04.987000+00:00,004, ,, , 
net_tSqh1owBBvI38zPEZXmF,tSqh1owBBvI38zPEZXmF,2024-01-04 22:39:05.015000+00:00,004, ,, , 
net_tyqh1owBBvI38zPEZXmG,tyqh1owBBvI38zPEZXmG,2024-01-04 22:39:05.020000+00:00,004, ,, , 
net_uSqh1owBBvI38zPEZXmG,uSqh1owBBvI38zPEZXmG,2024-01-04 22:39:05.029000+00:00,004, ,, , 
net_wiqh1owBBvI38zPEZXmG,wiqh1owBBvI38zPEZXmG,2024-01-04 22:39:05.050000+00:00,004, ,, , 
net_xCqh1owBBvI38zPEZXmG,xCqh1owBBvI38zPEZXmG,2024-01-04 22:39:05.056000+00:00,004, ,, , 
net_CCq81owBBvI38zPE3no_,CCq81owBBvI38zPE3no_,2024-01-04 23:09:03.603000+00:00,004, ,, , 
net_CSq81owBBvI38zPE3no_,CSq81owBBvI38zPE3no_,2024-01-04 23:09:03.609000+00:00,004, ,, , 
net_Cyq81owBBvI38zPE3no_,Cyq81owBBvI38zPE3no_,2024-01-04 23:09:03.615000+00:00,004, ,, , 
net_ESq81owBBvI38zPE3no_,ESq81owBBvI38zPE3no_,2024-01-04 23:09:03.631000+00:00,004, ,, , 
net_Eiq81owBBvI38zPE3no_,Eiq81owBBvI38zPE3no_,2024-01-04 23:09:03.632000+00:00,004, ,, , 
net_GCq81owBBvI38zPE3no_,GCq81owBBvI38zPE3no_,2024-01-04 23:09:03.648000+00:00,004, ,, , 
net_ICq81owBBvI38zPE3no_,ICq81owBBvI38zPE3no_,2024-01-04 23:09:03.670000+00:00,004, ,, , 
net_pCqe1owBBvI38zPEuXmj,pCqe1owBBvI38zPEuXmj,2024-01-04 22:36:12.753000+00:00,004, ,, , 
net_pSqe1owBBvI38zPEuXmj,pSqe1owBBvI38zPEuXmj,2024-01-04 22:36:12.753000+00:00,004, ,, , 
net_qyqe1owBBvI38zPEuXmj,qyqe1owBBvI38zPEuXmj,2024-01-04 22:36:12.784000+00:00,004, ,, , 
net_rCqe1owBBvI38zPEuXmj,rCqe1owBBvI38zPEuXmj,2024-01-04 22:36:12.817000+00:00,004, ,, , 
net_ySqk1owBBvI38zPEOHlB,ySqk1owBBvI38zPEOHlB,2024-01-04 22:42:13.266000+00:00,004, ,, , 
net_zSqk1owBBvI38zPEOHlB,zSqk1owBBvI38zPEOHlB,2024-01-04 22:42:13.308000+00:00,004, ,, , 
net_ziqk1owBBvI38zPEOHlB,ziqk1owBBvI38zPEOHlB,2024-01-04 22:42:13.316000+00:00,004, ,, , 
net_0Cqk1owBBvI38zPEOHlC,0Cqk1owBBvI38zPEOHlC,2024-01-04 22:42:13.324000+00:00,004, ,, , 
net_0Sqk1owBBvI38zPEOHlC,0Sqk1owBBvI38zPEOHlC,2024-01-04 22:42:13.326000+00:00,004, ,, , 
net_myqZ1owBBvI38zPEO3kJ,myqZ1owBBvI38zPEO3kJ,2024-01-04 22:30:12.226000+00:00,004, ,, , 
net_nSqZ1owBBvI38zPEO3kJ,nSqZ1owBBvI38zPEO3kJ,2024-01-04 22:30:12.227000+00:00,004, ,, , 
net_oCqZ1owBBvI38zPEO3kJ,oCqZ1owBBvI38zPEO3kJ,2024-01-04 22:30:12.261000+00:00,004, ,, , 
net_oSqZ1owBBvI38zPEO3kJ,oSqZ1owBBvI38zPEO3kJ,2024-01-04 22:30:12.306000+00:00,004, ,, , 
net_2Sqp1owBBvI38zPEtnmR,2Sqp1owBBvI38zPEtnmR,2024-01-04 22:48:13.776000+00:00,004, ,, , 
net_2iqp1owBBvI38zPEtnmR,2iqp1owBBvI38zPEtnmR,2024-01-04 22:48:13.783000+00:00,004, ,, , 
net_3Cqp1owBBvI38zPEtnmR,3Cqp1owBBvI38zPEtnmR,2024-01-04 22:48:13.793000+00:00,004, ,, , 
net_Aiq61owBBvI38zPEWXpy,Aiq61owBBvI38zPEWXpy,2024-01-04 23:06:15.362000+00:00,004, ,, , 
net_Ayq61owBBvI38zPEWXpy,Ayq61owBBvI38zPEWXpy,2024-01-04 23:06:15.379000+00:00,004, ,, , 
net_BSq61owBBvI38zPEWXpy,BSq61owBBvI38zPEWXpy,2024-01-04 23:06:15.379000+00:00,004, ,, , 
net_4yqv1owBBvI38zPENXki,4yqv1owBBvI38zPENXki,2024-01-04 22:54:14.299000+00:00,004, ,, , 
net_5Cqv1owBBvI38zPENXki,5Cqv1owBBvI38zPENXki,2024-01-04 22:54:14.312000+00:00,004, ,, , 
net_9yq01owBBvI38zPEunlS,9yq01owBBvI38zPEunlS,2024-01-04 23:00:14.836000+00:00,004, ,, , 
net_ZirY1owBBvI38zPEVnrg,ZirY1owBBvI38zPEVnrg,2024-01-04 23:39:04.187000+00:00,004, ,, , 
net_bCrY1owBBvI38zPEVnrg,bCrY1owBBvI38zPEVnrg,2024-01-04 23:39:04.207000+00:00,004, ,, , 
net_dCrY1owBBvI38zPEVnrg,dCrY1owBBvI38zPEVnrg,2024-01-04 23:39:04.233000+00:00,004, ,, , 
net_dirY1owBBvI38zPEVnrg,dirY1owBBvI38zPEVnrg,2024-01-04 23:39:04.233000+00:00,004, ,, , 
net_eSrY1owBBvI38zPEVnrg,eSrY1owBBvI38zPEVnrg,2024-01-04 23:39:04.242000+00:00,004, ,, , 
net_eyrY1owBBvI38zPEVnrh,eyrY1owBBvI38zPEVnrh,2024-01-04 23:39:04.246000+00:00,004, ,, , 
net_firY1owBBvI38zPEVnrh,firY1owBBvI38zPEVnrh,2024-01-04 23:39:04.294000+00:00,004, ,, , 
net_NSrF1owBBvI38zPEVnqV,NSrF1owBBvI38zPEVnqV,2024-01-04 23:18:16.437000+00:00,004, ,, , 
net_OSrF1owBBvI38zPEVnqW,OSrF1owBBvI38zPEVnqW,2024-01-04 23:18:16.477000+00:00,004, ,, , 
net_OirF1owBBvI38zPEVnqW,OirF1owBBvI38zPEVnqW,2024-01-04 23:18:16.481000+00:00,004, ,, , 
net_OyrF1owBBvI38zPEVnqW,OyrF1owBBvI38zPEVnqW,2024-01-04 23:18:16.498000+00:00,004, ,, , 
net_PCrF1owBBvI38zPEVnqW,PCrF1owBBvI38zPEVnqW,2024-01-04 23:18:16.510000+00:00,004, ,, , 
net_JSq_1owBBvI38zPE13rs,JSq_1owBBvI38zPE13rs,2024-01-04 23:12:15.891000+00:00,004, ,, , 
net_Jiq_1owBBvI38zPE13rs,Jiq_1owBBvI38zPE13rs,2024-01-04 23:12:15.892000+00:00,004, ,, , 
net_Kyq_1owBBvI38zPE13rs,Kyq_1owBBvI38zPE13rs,2024-01-04 23:12:15.924000+00:00,004, ,, , 
net_UyrQ1owBBvI38zPEU3p6,UyrQ1owBBvI38zPEU3p6,2024-01-04 23:30:17.498000+00:00,004, ,, , 
net_VSrQ1owBBvI38zPEU3p7,VSrQ1owBBvI38zPEU3p7,2024-01-04 23:30:17.511000+00:00,004, ,, , 
net_WSrQ1owBBvI38zPEU3p7,WSrQ1owBBvI38zPEU3p7,2024-01-04 23:30:17.519000+00:00,004, ,, , 
net_girb1owBBvI38zPEUHqk,girb1owBBvI38zPEUHqk,2024-01-04 23:42:18.499000+00:00,004, ,, , 
net_hCrb1owBBvI38zPEUHqk,hCrb1owBBvI38zPEUHqk,2024-01-04 23:42:18.502000+00:00,004, ,, , 
net_hSrb1owBBvI38zPEUHqk,hSrb1owBBvI38zPEUHqk,2024-01-04 23:42:18.501000+00:00,004, ,, , 
net_lSrg1owBBvI38zPEz3o6,lSrg1owBBvI38zPEz3o6,2024-01-04 23:48:19.075000+00:00,004, ,, , 
net_mCrg1owBBvI38zPEz3o6,mCrg1owBBvI38zPEz3o6,2024-01-04 23:48:19.077000+00:00,004, ,, , 
net_MyrE1owBBvI38zPEMXp4,MyrE1owBBvI38zPEMXp4,2024-01-04 23:17:04.295000+00:00,004, ,, , 
net_NCrE1owBBvI38zPEMXp4,NCrE1owBBvI38zPEMXp4,2024-01-04 23:17:04.300000+00:00,004, ,, , 
net_ZCrV1owBBvI38zPE0noC,ZCrV1owBBvI38zPE0noC,2024-01-04 23:36:18.047000+00:00,004, ,, , 
net_RirK1owBBvI38zPE1Hrl,RirK1owBBvI38zPE1Hrl,2024-01-04 23:24:16.989000+00:00,004, ,, , 
net_myrl1owBBvI38zPE_3qZ,myrl1owBBvI38zPE_3qZ,2024-01-04 23:53:55.464000+00:00,004, ,, , 
net_nirm1owBBvI38zPEOnoq,nirm1owBBvI38zPEOnoq,2024-01-04 23:54:19.552000+00:00,004, ,, , 
net_nyrm1owBBvI38zPEOnoq,nyrm1owBBvI38zPEOnoq,2024-01-04 23:54:19.553000+00:00,004, ,, , 
net_oCrm1owBBvI38zPEOnoq,oCrm1owBBvI38zPEOnoq,2024-01-04 23:54:19.571000+00:00,004, ,, , 
net_ChM82owBbVMQAOLaMZSB,ChM82owBbVMQAOLaMZSB,2024-01-05 00:00:20.114000+00:00,004, ,, , 
net_CxM82owBbVMQAOLaMZSB,CxM82owBbVMQAOLaMZSB,2024-01-05 00:00:20.119000+00:00,004, ,, , 
net_ERM82owBbVMQAOLaMZSC,ERM82owBbVMQAOLaMZSC,2024-01-05 00:00:20.153000+00:00,004, ,, , 
net_EhM82owBbVMQAOLaMZSC,EhM82owBbVMQAOLaMZSC,2024-01-05 00:00:20.153000+00:00,004, ,, , 
net_HxM82owBbVMQAOLaMZSC,HxM82owBbVMQAOLaMZSC,2024-01-05 00:09:02.954000+00:00,004, ,, , 
net_IRM82owBbVMQAOLaMZSC,IRM82owBbVMQAOLaMZSC,2024-01-05 00:09:02.991000+00:00,004, ,, , 
net_JRM82owBbVMQAOLaMZSC,JRM82owBbVMQAOLaMZSC,2024-01-05 00:09:02.998000+00:00,004, ,, , 
net_KRM82owBbVMQAOLaMZSC,KRM82owBbVMQAOLaMZSC,2024-01-05 00:09:04.946000+00:00,004, ,, , 
net_KxM82owBbVMQAOLaMZSC,KxM82owBbVMQAOLaMZSC,2024-01-05 00:09:04.956000+00:00,004, ,, , 
net_LhM82owBbVMQAOLaMZSC,LhM82owBbVMQAOLaMZSC,2024-01-05 00:09:04.957000+00:00,004, ,, , 
net_MBM82owBbVMQAOLaMZSC,MBM82owBbVMQAOLaMZSC,2024-01-05 00:09:04.962000+00:00,004, ,, , 
net_MhM82owBbVMQAOLaMZSC,MhM82owBbVMQAOLaMZSC,2024-01-05 00:09:04.958000+00:00,004, ,, , 
net_MxM82owBbVMQAOLaMZSC,MxM82owBbVMQAOLaMZSC,2024-01-05 00:09:04.966000+00:00,004, ,, , 
net_NRM82owBbVMQAOLaMZSC,NRM82owBbVMQAOLaMZSC,2024-01-05 00:09:04.972000+00:00,004, ,, , 
net_NhM82owBbVMQAOLaMZSC,NhM82owBbVMQAOLaMZSC,2024-01-05 00:12:21.336000+00:00,004, ,, , 
net_OBM82owBbVMQAOLaMZSC,OBM82owBbVMQAOLaMZSC,2024-01-05 00:12:21.334000+00:00,004, ,, , 
net_ORM82owBbVMQAOLaMZSC,ORM82owBbVMQAOLaMZSC,2024-01-05 00:12:21.335000+00:00,004, ,, , 
net_PhM82owBbVMQAOLaNZRR,PhM82owBbVMQAOLaNZRR,2024-01-05 00:17:43.929000+00:00,004, ,, , 
net_QBM82owBbVMQAOLaNZRR,QBM82owBbVMQAOLaNZRR,2024-01-05 00:17:43.928000+00:00,004, ,, , 
net_QhM82owBbVMQAOLaNZRR,QhM82owBbVMQAOLaNZRR,2024-01-05 00:17:43.929000+00:00,004, ,, , 
net_SBM82owBbVMQAOLaNZRR,SBM82owBbVMQAOLaNZRR,2024-01-05 00:17:43.954000+00:00,004, ,, , 
net_ShM82owBbVMQAOLaNZRR,ShM82owBbVMQAOLaNZRR,2024-01-05 00:17:43.961000+00:00,004, ,, , 
net_ThM82owBbVMQAOLaNZRR,ThM82owBbVMQAOLaNZRR,2024-01-05 00:17:43.952000+00:00,004, ,, , 
net_URM82owBbVMQAOLaNZRR,URM82owBbVMQAOLaNZRR,2024-01-05 00:17:43.971000+00:00,004, ,, , 
net_UhM82owBbVMQAOLaNZRR,UhM82owBbVMQAOLaNZRR,2024-01-05 00:17:43.973000+00:00,004, ,, , 
net_VhM82owBbVMQAOLaNZRR,VhM82owBbVMQAOLaNZRR,2024-01-05 00:17:43.983000+00:00,004, ,, , 
net_WBM82owBbVMQAOLaNZRS,WBM82owBbVMQAOLaNZRS,2024-01-05 00:17:44.016000+00:00,004, ,, , 
net_XBM82owBbVMQAOLaNZRS,XBM82owBbVMQAOLaNZRS,2024-01-05 00:17:43.947000+00:00,004, ,, , 
net_XxM82owBbVMQAOLaNZRS,XxM82owBbVMQAOLaNZRS,2024-01-05 00:17:44.043000+00:00,004, ,, , 
net_YRM82owBbVMQAOLaNZRS,YRM82owBbVMQAOLaNZRS,2024-01-05 00:17:44.094000+00:00,004, ,, , 
net_ZBM82owBbVMQAOLaNZRS,ZBM82owBbVMQAOLaNZRS,2024-01-05 00:17:44.097000+00:00,004, ,, , 
net_ZRM82owBbVMQAOLaNZRS,ZRM82owBbVMQAOLaNZRS,2024-01-05 00:17:43.939000+00:00,004, ,, , 
net_ahM82owBbVMQAOLaNZRS,ahM82owBbVMQAOLaNZRS,2024-01-05 00:17:44.110000+00:00,004, ,, , 
net_axM82owBbVMQAOLaNZRS,axM82owBbVMQAOLaNZRS,2024-01-05 00:17:44.111000+00:00,004, ,, , 
net_bhM82owBbVMQAOLaOJTm,bhM82owBbVMQAOLaOJTm,2024-01-05 00:17:44.111000+00:00,004, ,, , 
net_cxM82owBbVMQAOLaOJTm,cxM82owBbVMQAOLaOJTm,2024-01-05 00:17:44.213000+00:00,004, ,, , 
net_dBM82owBbVMQAOLaOJTm,dBM82owBbVMQAOLaOJTm,2024-01-05 00:17:44.576000+00:00,004, ,, , 
net_dRM82owBbVMQAOLaOJTm,dRM82owBbVMQAOLaOJTm,2024-01-05 00:17:44.577000+00:00,004, ,, , 
net_dxM82owBbVMQAOLaOJTm,dxM82owBbVMQAOLaOJTm,2024-01-05 00:17:44.708000+00:00,004, ,, , 
net_eRM82owBbVMQAOLaOJTm,eRM82owBbVMQAOLaOJTm,2024-01-05 00:17:44.771000+00:00,004, ,, , 
net_ehM82owBbVMQAOLaOJTm,ehM82owBbVMQAOLaOJTm,2024-01-05 00:17:44.105000+00:00,004, ,, , 
net_exM82owBbVMQAOLaOJTm,exM82owBbVMQAOLaOJTm,2024-01-05 00:17:44.104000+00:00,004, ,, , 
net_gRM82owBbVMQAOLaOJTm,gRM82owBbVMQAOLaOJTm,2024-01-05 00:17:47.609000+00:00,004, ,, , 
net_ghM82owBbVMQAOLaOJTm,ghM82owBbVMQAOLaOJTm,2024-01-05 00:17:47.610000+00:00,004, ,, , 
net_gxM82owBbVMQAOLaOJTm,gxM82owBbVMQAOLaOJTm,2024-01-05 00:17:48.163000+00:00,004, ,, , 
net_ihM82owBbVMQAOLaOJTm,ihM82owBbVMQAOLaOJTm,2024-01-05 00:17:48.729000+00:00,004, ,, , 
net_ixM82owBbVMQAOLaOJTm,ixM82owBbVMQAOLaOJTm,2024-01-05 00:17:48.730000+00:00,004, ,, , 
net_jBM82owBbVMQAOLaOJTm,jBM82owBbVMQAOLaOJTm,2024-01-05 00:17:48.861000+00:00,004, ,, , 
net_jhM82owBbVMQAOLaOJTm,jhM82owBbVMQAOLaOJTm,2024-01-05 00:17:49.795000+00:00,004, ,, , 
net_qBM82owBbVMQAOLaJJNN,qBM82owBbVMQAOLaJJNN,2024-01-05 00:12:21.358000+00:00,004, ,, , 
net_qxM82owBbVMQAOLaJJNN,qxM82owBbVMQAOLaJJNN,2024-01-05 00:17:43.708000+00:00,004, ,, , 
net_rBM82owBbVMQAOLaJJNO,rBM82owBbVMQAOLaJJNO,2024-01-05 00:17:43.718000+00:00,004, ,, , 
net_rxM82owBbVMQAOLaJJNO,rxM82owBbVMQAOLaJJNO,2024-01-05 00:17:43.727000+00:00,004, ,, , 
net_uBM82owBbVMQAOLaJJNO,uBM82owBbVMQAOLaJJNO,2024-01-05 00:17:43.779000+00:00,004, ,, , 
net_vhM82owBbVMQAOLaJJNO,vhM82owBbVMQAOLaJJNO,2024-01-05 00:17:43.787000+00:00,004, ,, , 
net_vxM82owBbVMQAOLaJJNO,vxM82owBbVMQAOLaJJNO,2024-01-05 00:17:43.797000+00:00,004, ,, , 
net_whM82owBbVMQAOLaJJNO,whM82owBbVMQAOLaJJNO,2024-01-05 00:17:43.804000+00:00,004, ,, , 
net_xBM82owBbVMQAOLaJJNO,xBM82owBbVMQAOLaJJNO,2024-01-05 00:17:43.784000+00:00,004, ,, , 
net_xRM82owBbVMQAOLaJJNO,xRM82owBbVMQAOLaJJNO,2024-01-05 00:17:43.810000+00:00,004, ,, , 
net_zBM82owBbVMQAOLaJJNO,zBM82owBbVMQAOLaJJNO,2024-01-05 00:17:43.793000+00:00,004, ,, , 
net_0hM82owBbVMQAOLaJJNO,0hM82owBbVMQAOLaJJNO,2024-01-05 00:17:43.816000+00:00,004, ,, , 
net_1BM82owBbVMQAOLaJJNO,1BM82owBbVMQAOLaJJNO,2024-01-05 00:17:43.824000+00:00,004, ,, , 
net_1xM82owBbVMQAOLaJJNP,1xM82owBbVMQAOLaJJNP,2024-01-05 00:17:43.805000+00:00,004, ,, , 
net_3RM82owBbVMQAOLaLJPI,3RM82owBbVMQAOLaLJPI,2024-01-05 00:17:43.849000+00:00,004, ,, , 
net_3xM82owBbVMQAOLaLJPI,3xM82owBbVMQAOLaLJPI,2024-01-05 00:17:43.844000+00:00,004, ,, , 
net_4hM82owBbVMQAOLaLJPI,4hM82owBbVMQAOLaLJPI,2024-01-05 00:17:43.829000+00:00,004, ,, , 
net_5BM82owBbVMQAOLaLJPI,5BM82owBbVMQAOLaLJPI,2024-01-05 00:17:43.856000+00:00,004, ,, , 
net_5RM82owBbVMQAOLaLJPI,5RM82owBbVMQAOLaLJPI,2024-01-05 00:17:43.849000+00:00,004, ,, , 
net_5xM82owBbVMQAOLaLJPI,5xM82owBbVMQAOLaLJPI,2024-01-05 00:17:43.852000+00:00,004, ,, , 
net_6RM82owBbVMQAOLaLJPI,6RM82owBbVMQAOLaLJPI,2024-01-05 00:17:43.822000+00:00,004, ,, , 
net_7BM82owBbVMQAOLaLJPI,7BM82owBbVMQAOLaLJPI,2024-01-05 00:17:43.880000+00:00,004, ,, , 
net_7hM82owBbVMQAOLaLJPI,7hM82owBbVMQAOLaLJPI,2024-01-05 00:17:43.853000+00:00,004, ,, , 
net_8BM82owBbVMQAOLaLJPI,8BM82owBbVMQAOLaLJPI,2024-01-05 00:17:43.860000+00:00,004, ,, , 
net_9BM82owBbVMQAOLaLJPI,9BM82owBbVMQAOLaLJPI,2024-01-05 00:17:43.872000+00:00,004, ,, , 
net_9RM82owBbVMQAOLaLJPI,9RM82owBbVMQAOLaLJPI,2024-01-05 00:17:43.891000+00:00,004, ,, , 
net_'-BM82owBbVMQAOLaLJPI,'-BM82owBbVMQAOLaLJPI,2024-01-05 00:17:43.897000+00:00,004, ,, , 
net_'-hM82owBbVMQAOLaLJPI,'-hM82owBbVMQAOLaLJPI,2024-01-05 00:17:43.886000+00:00,004, ,, , 
net_'-xM82owBbVMQAOLaLJPI,'-xM82owBbVMQAOLaLJPI,2024-01-05 00:17:43.910000+00:00,004, ,, , 
net__BM82owBbVMQAOLaLJPI,_BM82owBbVMQAOLaLJPI,2024-01-05 00:17:43.887000+00:00,004, ,, , 
net_ARM82owBbVMQAOLaLJTI,ARM82owBbVMQAOLaLJTI,2024-01-05 00:17:43.917000+00:00,004, ,, , 
net_AhM82owBbVMQAOLaLJTI,AhM82owBbVMQAOLaLJTI,2024-01-05 00:17:43.920000+00:00,004, ,, , 
net_AxM82owBbVMQAOLaLJTI,AxM82owBbVMQAOLaLJTI,2024-01-05 00:17:43.921000+00:00,004, ,, , 
net_BRM82owBbVMQAOLaLJTI,BRM82owBbVMQAOLaLJTI,2024-01-05 00:17:43.913000+00:00,004, ,, , 
net_BhM82owBbVMQAOLaLJTI,BhM82owBbVMQAOLaLJTI,2024-01-05 00:17:43.921000+00:00,004, ,, , 
net_BxM82owBbVMQAOLaLJTI,BxM82owBbVMQAOLaLJTI,2024-01-05 00:17:43.930000+00:00,004, ,, , 
net_CRM82owBbVMQAOLaLJTI,CRM82owBbVMQAOLaLJTI,2024-01-05 00:17:43.887000+00:00,004, ,, , 
net_kRM82owBbVMQAOLav5Sk,kRM82owBbVMQAOLav5Sk,2024-01-05 15:27:33.956000+00:00,004, ,, , 
net_khM82owBbVMQAOLay5Sm,khM82owBbVMQAOLay5Sm,2024-01-05 15:27:44.640000+00:00,004, ,, , 
net_kxM82owBbVMQAOLay5Sm,kxM82owBbVMQAOLay5Sm,2024-01-05 15:27:44.598000+00:00,004, ,, , 
net_lBM82owBbVMQAOLay5Sm,lBM82owBbVMQAOLay5Sm,2024-01-05 15:27:44.641000+00:00,004, ,, , 
net_nBM82owBbVMQAOLay5Sm,nBM82owBbVMQAOLay5Sm,2024-01-05 15:27:44.751000+00:00,004, ,, , 
net_nhM82owBbVMQAOLay5Sm,nhM82owBbVMQAOLay5Sm,2024-01-05 15:27:44.751000+00:00,004, ,, , 
net_nxM82owBbVMQAOLay5Sm,nxM82owBbVMQAOLay5Sm,2024-01-05 15:27:44.751000+00:00,004, ,, , 
net_oRM82owBbVMQAOLa0JRn,oRM82owBbVMQAOLa0JRn,2024-01-05 15:27:45.463000+00:00,004, ,, , 
net_oxM82owBbVMQAOLa0JRn,oxM82owBbVMQAOLa0JRn,2024-01-05 15:27:45.635000+00:00,004, ,, , 
net_qRM82owBbVMQAOLa1JQw,qRM82owBbVMQAOLa1JQw,2024-01-05 15:27:46.652000+00:00,004, ,, , 
net_qhM82owBbVMQAOLa1JQw,qhM82owBbVMQAOLa1JQw,2024-01-05 15:27:46.652000+00:00,004, ,, , 
net_rhM82owBbVMQAOLa1JQw,rhM82owBbVMQAOLa1JQw,2024-01-05 15:27:47.254000+00:00,004, ,, , 
net_sRM82owBbVMQAOLa1JQw,sRM82owBbVMQAOLa1JQw,2024-01-05 15:27:47.371000+00:00,004, ,, , 
net_shM82owBbVMQAOLa1JQw,shM82owBbVMQAOLa1JQw,2024-01-05 15:27:47.377000+00:00,004, ,, , 
net_thM82owBbVMQAOLa1JQw,thM82owBbVMQAOLa1JQw,2024-01-05 15:27:47.378000+00:00,004, ,, , 
net_wSrz1owBBvI38zPE0Hog,wSrz1owBBvI38zPE0Hog,2024-01-05 00:09:02.943000+00:00,004, ,, , 
net_wirz1owBBvI38zPE0Hog,wirz1owBBvI38zPE0Hog,2024-01-05 00:09:02.953000+00:00,004, ,, , 
net_xirz1owBBvI38zPE0Hog,xirz1owBBvI38zPE0Hog,2024-01-05 00:09:02.991000+00:00,004, ,, , 
net_zCrz1owBBvI38zPE0Hog,zCrz1owBBvI38zPE0Hog,2024-01-05 00:09:03.038000+00:00,004, ,, , 
net_zirz1owBBvI38zPE0Hog,zirz1owBBvI38zPE0Hog,2024-01-05 00:09:04.946000+00:00,004, ,, , 
net_zyrz1owBBvI38zPE0Hog,zyrz1owBBvI38zPE0Hog,2024-01-05 00:09:04.956000+00:00,004, ,, , 
net_0irz1owBBvI38zPE0Hog,0irz1owBBvI38zPE0Hog,2024-01-05 00:09:04.957000+00:00,004, ,, , 
net_1irz1owBBvI38zPE0Hog,1irz1owBBvI38zPE0Hog,2024-01-05 00:09:04.957000+00:00,004, ,, , 
net_1yrz1owBBvI38zPE0Hog,1yrz1owBBvI38zPE0Hog,2024-01-05 00:09:04.958000+00:00,004, ,, , 
net_2Srz1owBBvI38zPE0Hog,2Srz1owBBvI38zPE0Hog,2024-01-05 00:09:04.958000+00:00,004, ,, , 
net_2irz1owBBvI38zPE0Hog,2irz1owBBvI38zPE0Hog,2024-01-05 00:09:04.972000+00:00,004, ,, , 
net_5RM82owBbVMQAOLa75Qq,5RM82owBbVMQAOLa75Qq,2024-01-05 15:27:53.057000+00:00,004, ,, , 
net_5hM82owBbVMQAOLa75Qq,5hM82owBbVMQAOLa75Qq,2024-01-05 15:27:53.057000+00:00,004, ,, , 
net_7xM82owBbVMQAOLa75Qq,7xM82owBbVMQAOLa75Qq,2024-01-05 15:27:53.285000+00:00,004, ,, , 
net_8BM82owBbVMQAOLa75Qq,8BM82owBbVMQAOLa75Qq,2024-01-05 15:27:53.285000+00:00,004, ,, , 
net_8RM82owBbVMQAOLa75Qq,8RM82owBbVMQAOLa75Qq,2024-01-05 15:27:53.285000+00:00,004, ,, , 
net_8hM82owBbVMQAOLa75Qq,8hM82owBbVMQAOLa75Qq,2024-01-05 15:27:53.285000+00:00,004, ,, , 
net__BM82owBbVMQAOLa75Qq,_BM82owBbVMQAOLa75Qq,2024-01-05 15:27:53.418000+00:00,004, ,, , 
net_ABM82owBbVMQAOLa8pXZ,ABM82owBbVMQAOLa8pXZ,2024-01-05 15:27:53.902000+00:00,004, ,, , 
net_AhM82owBbVMQAOLa-JUX,AhM82owBbVMQAOLa-JUX,2024-01-05 15:27:55.177000+00:00,004, ,, , 
net_BxM82owBbVMQAOLa-JUX,BxM82owBbVMQAOLa-JUX,2024-01-05 15:27:55.471000+00:00,004, ,, , 
net_CRM82owBbVMQAOLa-JUX,CRM82owBbVMQAOLa-JUX,2024-01-05 15:27:55.706000+00:00,004, ,, , 
net_FBM82owBbVMQAOLa-JUX,FBM82owBbVMQAOLa-JUX,2024-01-05 15:27:55.797000+00:00,004, ,, , 
net_FRM82owBbVMQAOLa-JUX,FRM82owBbVMQAOLa-JUX,2024-01-05 15:27:55.798000+00:00,004, ,, , 
net_FxM82owBbVMQAOLa-JUX,FxM82owBbVMQAOLa-JUX,2024-01-05 15:27:55.891000+00:00,004, ,, , 
net_GBM82owBbVMQAOLa-JUX,GBM82owBbVMQAOLa-JUX,2024-01-05 15:27:55.897000+00:00,004, ,, , 
net_GhM82owBbVMQAOLa-JUX,GhM82owBbVMQAOLa-JUX,2024-01-05 15:27:55.932000+00:00,004, ,, , 
net_GxM82owBbVMQAOLa-5VM,GxM82owBbVMQAOLa-5VM,2024-01-05 15:27:57.274000+00:00,004, ,, , 
net_vRM82owBbVMQAOLa3ZSk,vRM82owBbVMQAOLa3ZSk,2024-01-05 15:27:48.696000+00:00,004, ,, , 
net_vhM82owBbVMQAOLa3ZSk,vhM82owBbVMQAOLa3ZSk,2024-01-05 15:27:48.821000+00:00,004, ,, , 
net_xBM82owBbVMQAOLa3ZSk,xBM82owBbVMQAOLa3ZSk,2024-01-05 15:27:48.941000+00:00,004, ,, , 
net_xRM82owBbVMQAOLa3ZSk,xRM82owBbVMQAOLa3ZSk,2024-01-05 15:27:49.060000+00:00,004, ,, , 
net_xhM82owBbVMQAOLa3ZSk,xhM82owBbVMQAOLa3ZSk,2024-01-05 15:27:49.321000+00:00,004, ,, , 
net_yRM82owBbVMQAOLa3ZSk,yRM82owBbVMQAOLa3ZSk,2024-01-05 15:27:49.321000+00:00,004, ,, , 
net_zRM82owBbVMQAOLa4ZRu,zRM82owBbVMQAOLa4ZRu,2024-01-05 15:27:50.731000+00:00,004, ,, , 
net_1RM82owBbVMQAOLa6pSH,1RM82owBbVMQAOLa6pSH,2024-01-05 15:27:51.367000+00:00,004, ,, , 
net_1hM82owBbVMQAOLa6pSH,1hM82owBbVMQAOLa6pSH,2024-01-05 15:27:51.370000+00:00,004, ,, , 
net_2RM82owBbVMQAOLa6pSH,2RM82owBbVMQAOLa6pSH,2024-01-05 15:27:52.800000+00:00,004, ,, , 
net_2xM82owBbVMQAOLa6pSH,2xM82owBbVMQAOLa6pSH,2024-01-05 15:27:52.821000+00:00,004, ,, , 
net_3BM82owBbVMQAOLa6pSH,3BM82owBbVMQAOLa6pSH,2024-01-05 15:27:52.821000+00:00,004, ,, , 
net_3RM82owBbVMQAOLa6pSH,3RM82owBbVMQAOLa6pSH,2024-01-05 15:27:52.827000+00:00,004, ,, , 
net_3xM82owBbVMQAOLa6pSH,3xM82owBbVMQAOLa6pSH,2024-01-05 15:27:52.819000+00:00,004, ,, , 
net_4RM82owBbVMQAOLa6pSH,4RM82owBbVMQAOLa6pSH,2024-01-05 15:27:52.916000+00:00,004, ,, , 
net_HBM92owBbVMQAOLaCJUK,HBM92owBbVMQAOLaCJUK,2024-01-05 15:27:59.541000+00:00,004, ,, , 
net_IRM92owBbVMQAOLaCJUK,IRM92owBbVMQAOLaCJUK,2024-01-05 15:27:59.644000+00:00,004, ,, , 
net_JBM92owBbVMQAOLaCJUK,JBM92owBbVMQAOLaCJUK,2024-01-05 15:27:59.985000+00:00,004, ,, , 
net_JhM92owBbVMQAOLaFJWD,JhM92owBbVMQAOLaFJWD,2024-01-05 15:28:02.275000+00:00,004, ,, , 
net_JxM92owBbVMQAOLaFJWD,JxM92owBbVMQAOLaFJWD,2024-01-05 15:28:02.275000+00:00,004, ,, , 
net_KxM92owBbVMQAOLaFJWD,KxM92owBbVMQAOLaFJWD,2024-01-05 15:28:03.038000+00:00,004, ,, , 
net_uirx1owBBvI38zPES3pO,uirx1owBBvI38zPES3pO,2024-01-05 00:06:20.692000+00:00,004, ,, , 
net_uyrx1owBBvI38zPES3pO,uyrx1owBBvI38zPES3pO,2024-01-05 00:06:20.700000+00:00,004, ,, , 
net_vyrx1owBBvI38zPES3pP,vyrx1owBBvI38zPES3pP,2024-01-05 00:06:20.757000+00:00,004, ,, , 
net_4yr21owBBvI38zPEyXrc,4yr21owBBvI38zPEyXrc,2024-01-05 00:12:21.336000+00:00,004, ,, , 
net_sCrr1owBBvI38zPExXoc,sCrr1owBBvI38zPExXoc,2024-01-05 00:00:20.119000+00:00,004, ,, , 
net_URM-2owBbVMQAOLaa5e-,URM-2owBbVMQAOLaa5e-,2024-01-05 15:29:30.513000+00:00,004, ,, , 
net_UhM-2owBbVMQAOLaa5e-,UhM-2owBbVMQAOLaa5e-,2024-01-05 15:29:30.624000+00:00,004, ,, , 
net_VxM-2owBbVMQAOLaa5e-,VxM-2owBbVMQAOLaa5e-,2024-01-05 15:29:30.661000+00:00,004, ,, , 
net_WBM-2owBbVMQAOLaa5e-,WBM-2owBbVMQAOLaa5e-,2024-01-05 15:29:30.661000+00:00,004, ,, , 
net_XBM-2owBbVMQAOLaa5e-,XBM-2owBbVMQAOLaa5e-,2024-01-05 15:29:30.672000+00:00,004, ,, , 
net_XhM-2owBbVMQAOLaa5e-,XhM-2owBbVMQAOLaa5e-,2024-01-05 15:29:30.672000+00:00,004, ,, , 
net_XxM-2owBbVMQAOLaa5e-,XxM-2owBbVMQAOLaa5e-,2024-01-05 15:29:30.672000+00:00,004, ,, , 
net_YBM-2owBbVMQAOLaa5e-,YBM-2owBbVMQAOLaa5e-,2024-01-05 15:29:30.672000+00:00,004, ,, , 
net_YhM-2owBbVMQAOLaa5e-,YhM-2owBbVMQAOLaa5e-,2024-01-05 15:29:30.672000+00:00,004, ,, , 
net_ZRM-2owBbVMQAOLaa5e-,ZRM-2owBbVMQAOLaa5e-,2024-01-05 15:29:30.672000+00:00,004, ,, , 
net_bBM-2owBbVMQAOLaa5e_,bBM-2owBbVMQAOLaa5e_,2024-01-05 15:29:30.661000+00:00,004, ,, , 
net_dhM-2owBbVMQAOLaa5e_,dhM-2owBbVMQAOLaa5e_,2024-01-05 15:29:30.683000+00:00,004, ,, , 
net_eBM-2owBbVMQAOLaa5e_,eBM-2owBbVMQAOLaa5e_,2024-01-05 15:29:30.682000+00:00,004, ,, , 
net_fBM-2owBbVMQAOLaa5e_,fBM-2owBbVMQAOLaa5e_,2024-01-05 15:29:30.663000+00:00,004, ,, , 
net_fxM-2owBbVMQAOLab5cp,fxM-2owBbVMQAOLab5cp,2024-01-05 15:29:32.289000+00:00,004, ,, , 
net_ghM-2owBbVMQAOLab5cp,ghM-2owBbVMQAOLab5cp,2024-01-05 15:29:32.289000+00:00,004, ,, , 
net_hhM-2owBbVMQAOLab5cp,hhM-2owBbVMQAOLab5cp,2024-01-05 15:29:32.313000+00:00,004, ,, , 
net_ixM-2owBbVMQAOLab5cp,ixM-2owBbVMQAOLab5cp,2024-01-05 15:29:32.314000+00:00,004, ,, , 
net_jhM-2owBbVMQAOLab5cp,jhM-2owBbVMQAOLab5cp,2024-01-05 15:29:32.314000+00:00,004, ,, , 
net_jxM-2owBbVMQAOLab5cq,jxM-2owBbVMQAOLab5cq,2024-01-05 15:29:32.318000+00:00,004, ,, , 
net_khM-2owBbVMQAOLab5cq,khM-2owBbVMQAOLab5cq,2024-01-05 15:29:32.314000+00:00,004, ,, , 
net_kxM-2owBbVMQAOLab5cq,kxM-2owBbVMQAOLab5cq,2024-01-05 15:29:32.397000+00:00,004, ,, , 
net_lRM-2owBbVMQAOLac5cK,lRM-2owBbVMQAOLac5cK,2024-01-05 15:29:32.408000+00:00,004, ,, , 
net_nRM-2owBbVMQAOLac5cL,nRM-2owBbVMQAOLac5cL,2024-01-05 15:29:34.703000+00:00,004, ,, , 
net_nxM-2owBbVMQAOLac5cL,nxM-2owBbVMQAOLac5cL,2024-01-05 15:29:34.703000+00:00,004, ,, , 
net_ohM-2owBbVMQAOLac5cL,ohM-2owBbVMQAOLac5cL,2024-01-05 15:29:34.703000+00:00,004, ,, , 
net_pBM-2owBbVMQAOLae5fX,pBM-2owBbVMQAOLae5fX,2024-01-05 15:29:34.707000+00:00,004, ,, , 
net_phM-2owBbVMQAOLae5fb,phM-2owBbVMQAOLae5fb,2024-01-05 15:29:34.703000+00:00,004, ,, , 
net_qhM-2owBbVMQAOLae5fb,qhM-2owBbVMQAOLae5fb,2024-01-05 15:29:35.011000+00:00,004, ,, , 
net_qxM-2owBbVMQAOLae5fb,qxM-2owBbVMQAOLae5fb,2024-01-05 15:29:35.012000+00:00,004, ,, , 
net_sBM-2owBbVMQAOLae5fb,sBM-2owBbVMQAOLae5fb,2024-01-05 15:29:35.028000+00:00,004, ,, , 
net_sRM-2owBbVMQAOLae5fb,sRM-2owBbVMQAOLae5fb,2024-01-05 15:29:35.014000+00:00,004, ,, , 
net_sxM-2owBbVMQAOLae5fb,sxM-2owBbVMQAOLae5fb,2024-01-05 15:29:35.032000+00:00,004, ,, , 
net_tBM-2owBbVMQAOLae5fb,tBM-2owBbVMQAOLae5fb,2024-01-05 15:29:35.032000+00:00,004, ,, , 
net_tRM-2owBbVMQAOLae5fb,tRM-2owBbVMQAOLae5fb,2024-01-05 15:29:35.032000+00:00,004, ,, , 
net_thM-2owBbVMQAOLae5fb,thM-2owBbVMQAOLae5fb,2024-01-05 15:29:35.028000+00:00,004, ,, , 
net_uxM-2owBbVMQAOLae5fb,uxM-2owBbVMQAOLae5fb,2024-01-05 15:29:35.024000+00:00,004, ,, , 
net_vRM-2owBbVMQAOLae5fb,vRM-2owBbVMQAOLae5fb,2024-01-05 15:29:36.420000+00:00,004, ,, , 
net_wBM-2owBbVMQAOLae5fj,wBM-2owBbVMQAOLae5fj,2024-01-05 15:29:36.444000+00:00,004, ,, , 
net_whM-2owBbVMQAOLae5fj,whM-2owBbVMQAOLae5fj,2024-01-05 15:29:36.635000+00:00,004, ,, , 
net_qxM-2owBbVMQAOLaLZYR,qxM-2owBbVMQAOLaLZYR,2024-01-05 15:29:14.510000+00:00,004, ,, , 
net_sxM-2owBbVMQAOLaLZYR,sxM-2owBbVMQAOLaLZYR,2024-01-05 15:29:14.960000+00:00,004, ,, , 
net_tRM-2owBbVMQAOLaLZYR,tRM-2owBbVMQAOLaLZYR,2024-01-05 15:29:15.027000+00:00,004, ,, , 
net_uRM-2owBbVMQAOLaLZYR,uRM-2owBbVMQAOLaLZYR,2024-01-05 15:29:15.045000+00:00,004, ,, , 
net_vBM-2owBbVMQAOLaLZYR,vBM-2owBbVMQAOLaLZYR,2024-01-05 15:29:15.068000+00:00,004, ,, , 
net_wRM-2owBbVMQAOLaLZYR,wRM-2owBbVMQAOLaLZYR,2024-01-05 15:29:15.204000+00:00,004, ,, , 
net_whM-2owBbVMQAOLaLZYR,whM-2owBbVMQAOLaLZYR,2024-01-05 15:29:15.204000+00:00,004, ,, , 
net_wxM-2owBbVMQAOLaLZYR,wxM-2owBbVMQAOLaLZYR,2024-01-05 15:29:15.204000+00:00,004, ,, , 
net_yBM-2owBbVMQAOLaLZYR,yBM-2owBbVMQAOLaLZYR,2024-01-05 15:29:15.310000+00:00,004, ,, , 
net_0RM-2owBbVMQAOLaMZZO,0RM-2owBbVMQAOLaMZZO,2024-01-05 15:29:16.040000+00:00,004, ,, , 
net_0xM-2owBbVMQAOLaMZZO,0xM-2owBbVMQAOLaMZZO,2024-01-05 15:29:16.116000+00:00,004, ,, , 
net_1BM-2owBbVMQAOLaMZZO,1BM-2owBbVMQAOLaMZZO,2024-01-05 15:29:16.116000+00:00,004, ,, , 
net_1RM-2owBbVMQAOLaMZZO,1RM-2owBbVMQAOLaMZZO,2024-01-05 15:29:16.119000+00:00,004, ,, , 
net_2BM-2owBbVMQAOLaMZZO,2BM-2owBbVMQAOLaMZZO,2024-01-05 15:29:16.120000+00:00,004, ,, , 
net_3hM-2owBbVMQAOLaMZZP,3hM-2owBbVMQAOLaMZZP,2024-01-05 15:29:16.265000+00:00,004, ,, , 
net_5BM-2owBbVMQAOLaNJb7,5BM-2owBbVMQAOLaNJb7,2024-01-05 15:29:18.266000+00:00,004, ,, , 
net_6BM-2owBbVMQAOLaNJb7,6BM-2owBbVMQAOLaNJb7,2024-01-05 15:29:18.276000+00:00,004, ,, , 
net_6xM-2owBbVMQAOLaNJb7,6xM-2owBbVMQAOLaNJb7,2024-01-05 15:29:18.266000+00:00,004, ,, , 
net_7RM-2owBbVMQAOLaNJb7,7RM-2owBbVMQAOLaNJb7,2024-01-05 15:29:18.267000+00:00,004, ,, , 
net_7xM-2owBbVMQAOLaNJb7,7xM-2owBbVMQAOLaNJb7,2024-01-05 15:29:18.381000+00:00,004, ,, , 
net_9BM-2owBbVMQAOLaNJb7,9BM-2owBbVMQAOLaNJb7,2024-01-05 15:29:18.480000+00:00,004, ,, , 
net_9RM-2owBbVMQAOLaNJb7,9RM-2owBbVMQAOLaNJb7,2024-01-05 15:29:18.480000+00:00,004, ,, , 
net_9hM-2owBbVMQAOLaNJb7,9hM-2owBbVMQAOLaNJb7,2024-01-05 15:29:18.604000+00:00,004, ,, , 
net_'-BM-2owBbVMQAOLaOZZE,'-BM-2owBbVMQAOLaOZZE,2024-01-05 15:29:18.610000+00:00,004, ,, , 
net_AxM-2owBbVMQAOLaPZeZ,AxM-2owBbVMQAOLaPZeZ,2024-01-05 15:29:20.369000+00:00,004, ,, , 
net_BBM-2owBbVMQAOLaPZeZ,BBM-2owBbVMQAOLaPZeZ,2024-01-05 15:29:20.368000+00:00,004, ,, , 
net_BRM-2owBbVMQAOLaPZeZ,BRM-2owBbVMQAOLaPZeZ,2024-01-05 15:29:20.368000+00:00,004, ,, , 
net_BhM-2owBbVMQAOLaPZeZ,BhM-2owBbVMQAOLaPZeZ,2024-01-05 15:29:20.554000+00:00,004, ,, , 
net_BxM-2owBbVMQAOLaPZeZ,BxM-2owBbVMQAOLaPZeZ,2024-01-05 15:29:20.554000+00:00,004, ,, , 
net_CBM-2owBbVMQAOLaPZeZ,CBM-2owBbVMQAOLaPZeZ,2024-01-05 15:29:20.554000+00:00,004, ,, , 
net_CRM-2owBbVMQAOLaPZeZ,CRM-2owBbVMQAOLaPZeZ,2024-01-05 15:29:20.554000+00:00,004, ,, , 
net_DRM-2owBbVMQAOLaPZeZ,DRM-2owBbVMQAOLaPZeZ,2024-01-05 15:29:20.567000+00:00,004, ,, , 
net_DhM-2owBbVMQAOLaPZeZ,DhM-2owBbVMQAOLaPZeZ,2024-01-05 15:29:20.555000+00:00,004, ,, , 
net_FxM-2owBbVMQAOLaS5dw,FxM-2owBbVMQAOLaS5dw,2024-01-05 15:29:22.955000+00:00,004, ,, , 
net_GRM-2owBbVMQAOLaS5dw,GRM-2owBbVMQAOLaS5dw,2024-01-05 15:29:22.956000+00:00,004, ,, , 
net_HhM-2owBbVMQAOLaS5dw,HhM-2owBbVMQAOLaS5dw,2024-01-05 15:29:22.956000+00:00,004, ,, , 
net_IxM-2owBbVMQAOLaS5dw,IxM-2owBbVMQAOLaS5dw,2024-01-05 15:29:23.020000+00:00,004, ,, , 
net_JxM-2owBbVMQAOLaS5dw,JxM-2owBbVMQAOLaS5dw,2024-01-05 15:29:22.957000+00:00,004, ,, , 
net_KBM-2owBbVMQAOLaS5dw,KBM-2owBbVMQAOLaS5dw,2024-01-05 15:29:22.957000+00:00,004, ,, , 
net_KRM-2owBbVMQAOLaS5dw,KRM-2owBbVMQAOLaS5dw,2024-01-05 15:29:22.957000+00:00,004, ,, , 
net_LBM-2owBbVMQAOLaS5dw,LBM-2owBbVMQAOLaS5dw,2024-01-05 15:29:22.957000+00:00,004, ,, , 
net_LhM-2owBbVMQAOLaS5dw,LhM-2owBbVMQAOLaS5dw,2024-01-05 15:29:23.116000+00:00,004, ,, , 
net_LxM-2owBbVMQAOLaS5dw,LxM-2owBbVMQAOLaS5dw,2024-01-05 15:29:23.116000+00:00,004, ,, , 
net_MhM-2owBbVMQAOLaS5dw,MhM-2owBbVMQAOLaS5dw,2024-01-05 15:29:23.347000+00:00,004, ,, , 
net_OxM-2owBbVMQAOLaUpdw,OxM-2owBbVMQAOLaUpdw,2024-01-05 15:29:24.484000+00:00,004, ,, , 
net_PBM-2owBbVMQAOLaUpdw,PBM-2owBbVMQAOLaUpdw,2024-01-05 15:29:24.485000+00:00,004, ,, , 
net_PxM-2owBbVMQAOLaUpdw,PxM-2owBbVMQAOLaUpdw,2024-01-05 15:29:24.486000+00:00,004, ,, , 
net_QBM-2owBbVMQAOLaUpdw,QBM-2owBbVMQAOLaUpdw,2024-01-05 15:29:24.486000+00:00,004, ,, , 
net_QhM-2owBbVMQAOLaUpdw,QhM-2owBbVMQAOLaUpdw,2024-01-05 15:29:24.487000+00:00,004, ,, , 
net_QxM-2owBbVMQAOLaUpdw,QxM-2owBbVMQAOLaUpdw,2024-01-05 15:29:24.487000+00:00,004, ,, , 
net_SBM-2owBbVMQAOLaVpfb,SBM-2owBbVMQAOLaVpfb,2024-01-05 15:29:24.614000+00:00,004, ,, , 
net_ThM-2owBbVMQAOLaWpec,ThM-2owBbVMQAOLaWpec,2024-01-05 15:29:26.649000+00:00,004, ,, , 
net_TxM-2owBbVMQAOLaWpec,TxM-2owBbVMQAOLaWpec,2024-01-05 15:29:26.788000+00:00,004, ,, , 
net_IxM_2owBbVMQAOLaapgv,IxM_2owBbVMQAOLaapgv,2024-01-05 15:30:32.820000+00:00,004, ,, , 
net_JxM_2owBbVMQAOLaapgv,JxM_2owBbVMQAOLaapgv,2024-01-05 15:30:32.826000+00:00,004, ,, , 
net_MxM_2owBbVMQAOLaapgv,MxM_2owBbVMQAOLaapgv,2024-01-05 15:30:34.829000+00:00,004, ,, , 
net_NhM_2owBbVMQAOLaapgv,NhM_2owBbVMQAOLaapgv,2024-01-05 15:30:35.058000+00:00,004, ,, , 
net_NxM_2owBbVMQAOLaapgv,NxM_2owBbVMQAOLaapgv,2024-01-05 15:30:35.072000+00:00,004, ,, , 
net_ORM_2owBbVMQAOLaapgv,ORM_2owBbVMQAOLaapgv,2024-01-05 15:30:35.078000+00:00,004, ,, , 
net_PRM_2owBbVMQAOLaapgv,PRM_2owBbVMQAOLaapgv,2024-01-05 15:30:35.071000+00:00,004, ,, , 
net_PhM_2owBbVMQAOLaapgv,PhM_2owBbVMQAOLaapgv,2024-01-05 15:30:35.084000+00:00,004, ,, , 
net_RBM_2owBbVMQAOLaapgv,RBM_2owBbVMQAOLaapgv,2024-01-05 15:30:35.455000+00:00,004, ,, , 
net_RhM_2owBbVMQAOLaapgv,RhM_2owBbVMQAOLaapgv,2024-01-05 15:30:35.488000+00:00,004, ,, , 
net_RxM_2owBbVMQAOLaapgv,RxM_2owBbVMQAOLaapgv,2024-01-05 15:30:35.784000+00:00,004, ,, , 
net_ShM_2owBbVMQAOLaapgv,ShM_2owBbVMQAOLaapgv,2024-01-05 15:30:35.786000+00:00,004, ,, , 
net_ThM_2owBbVMQAOLabJik,ThM_2owBbVMQAOLabJik,2024-01-05 15:30:36.839000+00:00,004, ,, , 
net_UBM_2owBbVMQAOLabJik,UBM_2owBbVMQAOLabJik,2024-01-05 15:30:36.840000+00:00,004, ,, , 
net_URM_2owBbVMQAOLabJik,URM_2owBbVMQAOLabJik,2024-01-05 15:30:36.841000+00:00,004, ,, , 
net_WRM_2owBbVMQAOLabJik,WRM_2owBbVMQAOLabJik,2024-01-05 15:30:36.861000+00:00,004, ,, , 
net_XxM_2owBbVMQAOLabJik,XxM_2owBbVMQAOLabJik,2024-01-05 15:30:36.965000+00:00,004, ,, , 
net_DRM-2owBbVMQAOLaxJgl,DRM-2owBbVMQAOLaxJgl,2024-01-05 15:29:53.024000+00:00,004, ,, , 
net_ERM-2owBbVMQAOLaxJgl,ERM-2owBbVMQAOLaxJgl,2024-01-05 15:29:54.515000+00:00,004, ,, , 
net_ExM-2owBbVMQAOLaxJgl,ExM-2owBbVMQAOLaxJgl,2024-01-05 15:29:54.517000+00:00,004, ,, , 
net_FBM-2owBbVMQAOLax5iX,FBM-2owBbVMQAOLax5iX,2024-01-05 15:29:54.547000+00:00,004, ,, , 
net_FRM-2owBbVMQAOLax5iX,FRM-2owBbVMQAOLax5iX,2024-01-05 15:29:54.597000+00:00,004, ,, , 
net_GRM-2owBbVMQAOLax5iX,GRM-2owBbVMQAOLax5iX,2024-01-05 15:29:54.597000+00:00,004, ,, , 
net_GxM-2owBbVMQAOLay5jf,GxM-2owBbVMQAOLay5jf,2024-01-05 15:29:54.711000+00:00,004, ,, , 
net_yxM-2owBbVMQAOLatJcv,yxM-2owBbVMQAOLatJcv,2024-01-05 15:29:48.887000+00:00,004, ,, , 
net_zBM-2owBbVMQAOLatJcv,zBM-2owBbVMQAOLatJcv,2024-01-05 15:29:48.952000+00:00,004, ,, , 
net_zxM-2owBbVMQAOLauJec,zxM-2owBbVMQAOLauJec,2024-01-05 15:29:50.541000+00:00,004, ,, , 
net_1RM-2owBbVMQAOLauJec,1RM-2owBbVMQAOLauJec,2024-01-05 15:29:50.612000+00:00,004, ,, , 
net_1xM-2owBbVMQAOLauJec,1xM-2owBbVMQAOLauJec,2024-01-05 15:29:50.613000+00:00,004, ,, , 
net_2RM-2owBbVMQAOLauJec,2RM-2owBbVMQAOLauJec,2024-01-05 15:29:50.613000+00:00,004, ,, , 
net_2hM-2owBbVMQAOLauJec,2hM-2owBbVMQAOLauJec,2024-01-05 15:29:50.616000+00:00,004, ,, , 
net_3RM-2owBbVMQAOLauJec,3RM-2owBbVMQAOLauJec,2024-01-05 15:29:50.621000+00:00,004, ,, , 
net_3hM-2owBbVMQAOLauJec,3hM-2owBbVMQAOLauJec,2024-01-05 15:29:50.623000+00:00,004, ,, , 
net_3xM-2owBbVMQAOLauJec,3xM-2owBbVMQAOLauJec,2024-01-05 15:29:50.629000+00:00,004, ,, , 
net_4hM-2owBbVMQAOLauJec,4hM-2owBbVMQAOLauJec,2024-01-05 15:29:50.659000+00:00,004, ,, , 
net_4xM-2owBbVMQAOLauJec,4xM-2owBbVMQAOLauJec,2024-01-05 15:29:50.673000+00:00,004, ,, , 
net_5RM-2owBbVMQAOLauJec,5RM-2owBbVMQAOLauJec,2024-01-05 15:29:50.673000+00:00,004, ,, , 
net_5hM-2owBbVMQAOLauJec,5hM-2owBbVMQAOLauJec,2024-01-05 15:29:50.674000+00:00,004, ,, , 
net_5xM-2owBbVMQAOLauJec,5xM-2owBbVMQAOLauJec,2024-01-05 15:29:50.674000+00:00,004, ,, , 
net_7RM-2owBbVMQAOLauJec,7RM-2owBbVMQAOLauJec,2024-01-05 15:29:50.691000+00:00,004, ,, , 
net_8hM-2owBbVMQAOLauJec,8hM-2owBbVMQAOLauJec,2024-01-05 15:29:50.701000+00:00,004, ,, , 
net_8xM-2owBbVMQAOLauJec,8xM-2owBbVMQAOLauJec,2024-01-05 15:29:50.704000+00:00,004, ,, , 
net_9BM-2owBbVMQAOLauJec,9BM-2owBbVMQAOLauJec,2024-01-05 15:29:50.706000+00:00,004, ,, , 
net_9xM-2owBbVMQAOLauJec,9xM-2owBbVMQAOLauJec,2024-01-05 15:29:50.715000+00:00,004, ,, , 
net_'-RM-2owBbVMQAOLauJec,'-RM-2owBbVMQAOLauJec,2024-01-05 15:29:50.740000+00:00,004, ,, , 
net__BM-2owBbVMQAOLauJec,_BM-2owBbVMQAOLauJec,2024-01-05 15:29:50.743000+00:00,004, ,, , 
net__RM-2owBbVMQAOLauJec,_RM-2owBbVMQAOLauJec,2024-01-05 15:29:50.744000+00:00,004, ,, , 
net__hM-2owBbVMQAOLauJec,_hM-2owBbVMQAOLauJec,2024-01-05 15:29:50.745000+00:00,004, ,, , 
net_lBM-2owBbVMQAOLaHJZM,lBM-2owBbVMQAOLaHJZM,2024-01-05 15:29:10.234000+00:00,004, ,, , 
net_lxM-2owBbVMQAOLaIJZC,lxM-2owBbVMQAOLaIJZC,2024-01-05 15:29:12.142000+00:00,004, ,, , 
net_nBM-2owBbVMQAOLaIJZC,nBM-2owBbVMQAOLaIJZC,2024-01-05 15:29:12.142000+00:00,004, ,, , 
net_nhM-2owBbVMQAOLaJJZ-,nhM-2owBbVMQAOLaJJZ-,2024-01-05 15:29:12.142000+00:00,004, ,, , 
net_oBM-2owBbVMQAOLaKJZR,oBM-2owBbVMQAOLaKJZR,2024-01-05 15:29:14.272000+00:00,004, ,, , 
net_pBM-2owBbVMQAOLaKJZR,pBM-2owBbVMQAOLaKJZR,2024-01-05 15:29:14.378000+00:00,004, ,, , 
net_pRM-2owBbVMQAOLaKJZR,pRM-2owBbVMQAOLaKJZR,2024-01-05 15:29:14.378000+00:00,004, ,, , 
net_phM-2owBbVMQAOLaKJZR,phM-2owBbVMQAOLaKJZR,2024-01-05 15:29:14.379000+00:00,004, ,, , 
net_qhM-2owBbVMQAOLaKJZR,qhM-2owBbVMQAOLaKJZR,2024-01-05 15:29:14.509000+00:00,004, ,, , 
net_HRM_2owBbVMQAOLaB5gT,HRM_2owBbVMQAOLaB5gT,2024-01-05 15:30:04.493000+00:00,004, ,, , 
net_HhM_2owBbVMQAOLaB5gT,HhM_2owBbVMQAOLaB5gT,2024-01-05 15:30:04.512000+00:00,004, ,, , 
net_xhM-2owBbVMQAOLai5dZ,xhM-2owBbVMQAOLai5dZ,2024-01-05 15:29:38.379000+00:00,004, ,, , 
net_iBNA2owBbVMQAOLa2puS,iBNA2owBbVMQAOLa2puS,2024-01-05 15:32:10.468000+00:00,004, ,, , 
net_ihNA2owBbVMQAOLa2puS,ihNA2owBbVMQAOLa2puS,2024-01-05 15:32:10.471000+00:00,004, ,, , 
net_jRNA2owBbVMQAOLa2puS,jRNA2owBbVMQAOLa2puS,2024-01-05 15:32:10.560000+00:00,004, ,, , 
net_mBNA2owBbVMQAOLa4pt3,mBNA2owBbVMQAOLa4pt3,2024-01-05 15:32:12.472000+00:00,004, ,, , 
net_mRNA2owBbVMQAOLa4pt3,mRNA2owBbVMQAOLa4pt3,2024-01-05 15:32:12.472000+00:00,004, ,, , 
net_mhNA2owBbVMQAOLa4pt3,mhNA2owBbVMQAOLa4pt3,2024-01-05 15:32:12.473000+00:00,004, ,, , 
net_mxNA2owBbVMQAOLa4pt3,mxNA2owBbVMQAOLa4pt3,2024-01-05 15:32:12.495000+00:00,004, ,, , 
net_nhNA2owBbVMQAOLa4pt3,nhNA2owBbVMQAOLa4pt3,2024-01-05 15:32:12.495000+00:00,004, ,, , 
net_nxNA2owBbVMQAOLa4pt3,nxNA2owBbVMQAOLa4pt3,2024-01-05 15:32:12.496000+00:00,004, ,, , 
net_oBNA2owBbVMQAOLa4pt3,oBNA2owBbVMQAOLa4pt3,2024-01-05 15:32:12.496000+00:00,004, ,, , 
net_oxNA2owBbVMQAOLa4pt3,oxNA2owBbVMQAOLa4pt3,2024-01-05 15:32:12.497000+00:00,004, ,, , 
net_qBNA2owBbVMQAOLa4pt3,qBNA2owBbVMQAOLa4pt3,2024-01-05 15:32:14.435000+00:00,004, ,, , 
net_qRNA2owBbVMQAOLa4pt3,qRNA2owBbVMQAOLa4pt3,2024-01-05 15:32:14.438000+00:00,004, ,, , 
net_rBNA2owBbVMQAOLa6pus,rBNA2owBbVMQAOLa6pus,2024-01-05 15:32:14.542000+00:00,004, ,, , 
net_rRNA2owBbVMQAOLa6pus,rRNA2owBbVMQAOLa6pus,2024-01-05 15:32:14.554000+00:00,004, ,, , 
net_sRNA2owBbVMQAOLa6pus,sRNA2owBbVMQAOLa6pus,2024-01-05 15:32:14.632000+00:00,004, ,, , 
net_sxNA2owBbVMQAOLa6pus,sxNA2owBbVMQAOLa6pus,2024-01-05 15:32:14.641000+00:00,004, ,, , 
net_tBNA2owBbVMQAOLa6pus,tBNA2owBbVMQAOLa6pus,2024-01-05 15:32:14.653000+00:00,004, ,, , 
net_thNA2owBbVMQAOLa6pus,thNA2owBbVMQAOLa6pus,2024-01-05 15:32:14.658000+00:00,004, ,, , 
net_txNA2owBbVMQAOLa6pus,txNA2owBbVMQAOLa6pus,2024-01-05 15:32:14.662000+00:00,004, ,, , 
net_uhNA2owBbVMQAOLa6pus,uhNA2owBbVMQAOLa6pus,2024-01-05 15:32:14.658000+00:00,004, ,, , 
net_wxNA2owBbVMQAOLa6pus,wxNA2owBbVMQAOLa6pus,2024-01-05 15:32:14.886000+00:00,004, ,, , 
net_xBNA2owBbVMQAOLa6pus,xBNA2owBbVMQAOLa6pus,2024-01-05 15:32:14.886000+00:00,004, ,, , 
net_yhNA2owBbVMQAOLa7ptD,yhNA2owBbVMQAOLa7ptD,2024-01-05 15:32:16.464000+00:00,004, ,, , 
net_zRNA2owBbVMQAOLa8pt9,zRNA2owBbVMQAOLa8pt9,2024-01-05 15:32:16.461000+00:00,004, ,, , 
net_0BNA2owBbVMQAOLa8pt9,0BNA2owBbVMQAOLa8pt9,2024-01-05 15:32:16.563000+00:00,004, ,, , 
net_0RNA2owBbVMQAOLa8pt9,0RNA2owBbVMQAOLa8pt9,2024-01-05 15:32:16.575000+00:00,004, ,, , 
net_1BNA2owBbVMQAOLa8pt9,1BNA2owBbVMQAOLa8pt9,2024-01-05 15:32:16.565000+00:00,004, ,, , 
net_1RNA2owBbVMQAOLa8pt9,1RNA2owBbVMQAOLa8pt9,2024-01-05 15:32:16.471000+00:00,004, ,, , 
net_1hNA2owBbVMQAOLa8pt9,1hNA2owBbVMQAOLa8pt9,2024-01-05 15:32:16.579000+00:00,004, ,, , 
net_2BNA2owBbVMQAOLa8pt9,2BNA2owBbVMQAOLa8pt9,2024-01-05 15:32:16.461000+00:00,004, ,, , 
net_2RNA2owBbVMQAOLa8pt9,2RNA2owBbVMQAOLa8pt9,2024-01-05 15:32:16.570000+00:00,004, ,, , 
net_3RNA2owBbVMQAOLa8pt9,3RNA2owBbVMQAOLa8pt9,2024-01-05 15:32:16.817000+00:00,004, ,, , 
net_4hNA2owBbVMQAOLa_pte,4hNA2owBbVMQAOLa_pte,2024-01-05 15:32:18.624000+00:00,004, ,, , 
net_5xNA2owBbVMQAOLa_pte,5xNA2owBbVMQAOLa_pte,2024-01-05 15:32:18.625000+00:00,004, ,, , 
net_7hNA2owBbVMQAOLa_pte,7hNA2owBbVMQAOLa_pte,2024-01-05 15:32:20.427000+00:00,004, ,, , 
net_9RNA2owBbVMQAOLa_pte,9RNA2owBbVMQAOLa_pte,2024-01-05 15:32:20.535000+00:00,004, ,, , 
net__hNA2owBbVMQAOLa_pte,_hNA2owBbVMQAOLa_pte,2024-01-05 15:32:20.651000+00:00,004, ,, , 
net__xNA2owBbVMQAOLa_pte,_xNA2owBbVMQAOLa_pte,2024-01-05 15:32:20.654000+00:00,004, ,, , 
net_AhNB2owBbVMQAOLaApxN,AhNB2owBbVMQAOLaApxN,2024-01-05 15:32:22.596000+00:00,004, ,, , 
net_BxNB2owBbVMQAOLaApxN,BxNB2owBbVMQAOLaApxN,2024-01-05 15:32:22.596000+00:00,004, ,, , 
net_wRNA2owBbVMQAOLafprE,wRNA2owBbVMQAOLafprE,2024-01-05 15:31:46.171000+00:00,004, ,, , 
net_xxNA2owBbVMQAOLafprE,xxNA2owBbVMQAOLafprE,2024-01-05 15:31:46.220000+00:00,004, ,, , 
net_yBNA2owBbVMQAOLafprE,yBNA2owBbVMQAOLafprE,2024-01-05 15:31:46.220000+00:00,004, ,, , 
net_yRNA2owBbVMQAOLafprE,yRNA2owBbVMQAOLafprE,2024-01-05 15:31:46.221000+00:00,004, ,, , 
net_zRNA2owBbVMQAOLafprE,zRNA2owBbVMQAOLafprE,2024-01-05 15:31:46.281000+00:00,004, ,, , 
net_zhNA2owBbVMQAOLafprE,zhNA2owBbVMQAOLafprE,2024-01-05 15:31:46.282000+00:00,004, ,, , 
net_0BNA2owBbVMQAOLafprE,0BNA2owBbVMQAOLafprE,2024-01-05 15:31:46.412000+00:00,004, ,, , 
net_0RNA2owBbVMQAOLagZqO,0RNA2owBbVMQAOLagZqO,2024-01-05 15:31:48.211000+00:00,004, ,, , 
net_1hNA2owBbVMQAOLagZqO,1hNA2owBbVMQAOLagZqO,2024-01-05 15:31:48.338000+00:00,004, ,, , 
net_2hNA2owBbVMQAOLagZqO,2hNA2owBbVMQAOLagZqO,2024-01-05 15:31:48.343000+00:00,004, ,, , 
net_2xNA2owBbVMQAOLagZqO,2xNA2owBbVMQAOLagZqO,2024-01-05 15:31:48.466000+00:00,004, ,, , 
net_3BNA2owBbVMQAOLagZqO,3BNA2owBbVMQAOLagZqO,2024-01-05 15:31:48.466000+00:00,004, ,, , 
net_3RNA2owBbVMQAOLagZqO,3RNA2owBbVMQAOLagZqO,2024-01-05 15:31:48.466000+00:00,004, ,, , 
net_4hNA2owBbVMQAOLaiZqO,4hNA2owBbVMQAOLaiZqO,2024-01-05 15:31:50.261000+00:00,004, ,, , 
net_5BNA2owBbVMQAOLaiZqO,5BNA2owBbVMQAOLaiZqO,2024-01-05 15:31:50.265000+00:00,004, ,, , 
net_6BNA2owBbVMQAOLaiZqO,6BNA2owBbVMQAOLaiZqO,2024-01-05 15:31:50.367000+00:00,004, ,, , 
net_6RNA2owBbVMQAOLaiZqO,6RNA2owBbVMQAOLaiZqO,2024-01-05 15:31:50.368000+00:00,004, ,, , 
net_6hNA2owBbVMQAOLaiZqO,6hNA2owBbVMQAOLaiZqO,2024-01-05 15:31:50.368000+00:00,004, ,, , 
net_9BNA2owBbVMQAOLakZqK,9BNA2owBbVMQAOLakZqK,2024-01-05 15:31:52.402000+00:00,004, ,, , 
net_9hNA2owBbVMQAOLakZqK,9hNA2owBbVMQAOLakZqK,2024-01-05 15:31:52.401000+00:00,004, ,, , 
net_'-hNA2owBbVMQAOLakZqK,'-hNA2owBbVMQAOLakZqK,2024-01-05 15:31:52.410000+00:00,004, ,, , 
net__BNA2owBbVMQAOLakZqK,_BNA2owBbVMQAOLakZqK,2024-01-05 15:31:52.408000+00:00,004, ,, , 
net_EhNB2owBbVMQAOLaC5w0,EhNB2owBbVMQAOLaC5w0,2024-01-05 15:32:22.739000+00:00,004, ,, , 
net_ExNB2owBbVMQAOLaC5w0,ExNB2owBbVMQAOLaC5w0,2024-01-05 15:32:22.839000+00:00,004, ,, , 
net_FRNB2owBbVMQAOLaC5w0,FRNB2owBbVMQAOLaC5w0,2024-01-05 15:32:22.839000+00:00,004, ,, , 
net_GRNB2owBbVMQAOLaD5wa,GRNB2owBbVMQAOLaD5wa,2024-01-05 15:32:24.538000+00:00,004, ,, , 
net_GhNB2owBbVMQAOLaD5wa,GhNB2owBbVMQAOLaD5wa,2024-01-05 15:32:24.538000+00:00,004, ,, , 
net_GxNB2owBbVMQAOLaD5wa,GxNB2owBbVMQAOLaD5wa,2024-01-05 15:32:24.539000+00:00,004, ,, , 
net_HBNB2owBbVMQAOLaD5wa,HBNB2owBbVMQAOLaD5wa,2024-01-05 15:32:24.539000+00:00,004, ,, , 
net_HxNB2owBbVMQAOLaD5wa,HxNB2owBbVMQAOLaD5wa,2024-01-05 15:32:24.636000+00:00,004, ,, , 
net_IRNB2owBbVMQAOLaD5wa,IRNB2owBbVMQAOLaD5wa,2024-01-05 15:32:24.641000+00:00,004, ,, , 
net_IxNB2owBbVMQAOLaD5wa,IxNB2owBbVMQAOLaD5wa,2024-01-05 15:32:24.642000+00:00,004, ,, , 
net_JBNB2owBbVMQAOLaD5wa,JBNB2owBbVMQAOLaD5wa,2024-01-05 15:32:24.658000+00:00,004, ,, , 
net_JhNB2owBbVMQAOLaD5wa,JhNB2owBbVMQAOLaD5wa,2024-01-05 15:32:24.659000+00:00,004, ,, , 
net_KhNB2owBbVMQAOLaE5wd,KhNB2owBbVMQAOLaE5wd,2024-01-05 15:32:24.895000+00:00,004, ,, , 
net_LBNB2owBbVMQAOLaF5xq,LBNB2owBbVMQAOLaF5xq,2024-01-05 15:32:26.570000+00:00,004, ,, , 
net_LhNB2owBbVMQAOLaF5xq,LhNB2owBbVMQAOLaF5xq,2024-01-05 15:32:26.579000+00:00,004, ,, , 
net_MBNB2owBbVMQAOLaF5xq,MBNB2owBbVMQAOLaF5xq,2024-01-05 15:32:26.621000+00:00,004, ,, , 
net_MRNB2owBbVMQAOLaF5xq,MRNB2owBbVMQAOLaF5xq,2024-01-05 15:32:26.622000+00:00,004, ,, , 
net_MxNB2owBbVMQAOLaF5xq,MxNB2owBbVMQAOLaF5xq,2024-01-05 15:32:26.675000+00:00,004, ,, , 
net_NBNB2owBbVMQAOLaF5xq,NBNB2owBbVMQAOLaF5xq,2024-01-05 15:32:26.678000+00:00,004, ,, , 
net_PhNB2owBbVMQAOLaG5zL,PhNB2owBbVMQAOLaG5zL,2024-01-05 15:32:28.605000+00:00,004, ,, , 
net_VxNA2owBbVMQAOLaxpuA,VxNA2owBbVMQAOLaxpuA,2024-01-05 15:32:04.414000+00:00,004, ,, , 
net_XRNA2owBbVMQAOLaxpuA,XRNA2owBbVMQAOLaxpuA,2024-01-05 15:32:04.529000+00:00,004, ,, , 
net_YBNA2owBbVMQAOLaxpuA,YBNA2owBbVMQAOLaxpuA,2024-01-05 15:32:04.547000+00:00,004, ,, , 
net_YRNA2owBbVMQAOLaxpuA,YRNA2owBbVMQAOLaxpuA,2024-01-05 15:32:04.553000+00:00,004, ,, , 
net_YhNA2owBbVMQAOLaxpuA,YhNA2owBbVMQAOLaxpuA,2024-01-05 15:32:04.557000+00:00,004, ,, , 
net_YxNA2owBbVMQAOLaypu2,YxNA2owBbVMQAOLaypu2,2024-01-05 15:32:06.338000+00:00,004, ,, , 
net_ZRNA2owBbVMQAOLaypu2,ZRNA2owBbVMQAOLaypu2,2024-01-05 15:32:06.451000+00:00,004, ,, , 
net_ZhNA2owBbVMQAOLaypu2,ZhNA2owBbVMQAOLaypu2,2024-01-05 15:32:06.460000+00:00,004, ,, , 
net_aRNA2owBbVMQAOLaypu2,aRNA2owBbVMQAOLaypu2,2024-01-05 15:32:06.474000+00:00,004, ,, , 
net_bRNA2owBbVMQAOLaypu2,bRNA2owBbVMQAOLaypu2,2024-01-05 15:32:06.576000+00:00,004, ,, , 
net_bhNA2owBbVMQAOLaypu2,bhNA2owBbVMQAOLaypu2,2024-01-05 15:32:06.573000+00:00,004, ,, , 
net_dhNA2owBbVMQAOLazpuo,dhNA2owBbVMQAOLazpuo,2024-01-05 15:32:08.309000+00:00,004, ,, , 
net_eBNA2owBbVMQAOLazpup,eBNA2owBbVMQAOLazpup,2024-01-05 15:32:08.401000+00:00,004, ,, , 
net_fRNA2owBbVMQAOLazpup,fRNA2owBbVMQAOLazpup,2024-01-05 15:32:08.408000+00:00,004, ,, , 
net_fxNA2owBbVMQAOLazpup,fxNA2owBbVMQAOLazpup,2024-01-05 15:32:08.408000+00:00,004, ,, , 
net_ghNA2owBbVMQAOLazpup,ghNA2owBbVMQAOLazpup,2024-01-05 15:32:08.410000+00:00,004, ,, , 
net_gxNA2owBbVMQAOLazpup,gxNA2owBbVMQAOLazpup,2024-01-05 15:32:08.410000+00:00,004, ,, , 
net_hRNA2owBbVMQAOLazpup,hRNA2owBbVMQAOLazpup,2024-01-05 15:32:08.761000+00:00,004, ,, , 
net_ahNA2owBbVMQAOLaTZrB,ahNA2owBbVMQAOLaTZrB,2024-01-05 15:31:34.225000+00:00,004, ,, , 
net_bhNA2owBbVMQAOLaTZrB,bhNA2owBbVMQAOLaTZrB,2024-01-05 15:31:34.339000+00:00,004, ,, , 
net_bxNA2owBbVMQAOLaTZrB,bxNA2owBbVMQAOLaTZrB,2024-01-05 15:31:34.338000+00:00,004, ,, , 
net_exNA2owBbVMQAOLaUpob,exNA2owBbVMQAOLaUpob,2024-01-05 15:31:36.168000+00:00,004, ,, , 
net_gRNA2owBbVMQAOLaVZrm,gRNA2owBbVMQAOLaVZrm,2024-01-05 15:31:36.507000+00:00,004, ,, , 
net_iRNA2owBbVMQAOLaWZrF,iRNA2owBbVMQAOLaWZrF,2024-01-05 15:31:38.300000+00:00,004, ,, , 
net_ixNA2owBbVMQAOLaWZrF,ixNA2owBbVMQAOLaWZrF,2024-01-05 15:31:38.300000+00:00,004, ,, , 
net_jBNA2owBbVMQAOLaWZrF,jBNA2owBbVMQAOLaWZrF,2024-01-05 15:31:38.479000+00:00,004, ,, , 
net_jxNA2owBbVMQAOLaYpoe,jxNA2owBbVMQAOLaYpoe,2024-01-05 15:31:40.158000+00:00,004, ,, , 
net_lxNA2owBbVMQAOLaYpoe,lxNA2owBbVMQAOLaYpoe,2024-01-05 15:31:40.179000+00:00,004, ,, , 
net_nhNA2owBbVMQAOLaYpoe,nhNA2owBbVMQAOLaYpoe,2024-01-05 15:31:40.287000+00:00,004, ,, , 
net_nxNA2owBbVMQAOLaYpoe,nxNA2owBbVMQAOLaYpoe,2024-01-05 15:31:40.288000+00:00,004, ,, , 
net_oBNA2owBbVMQAOLaYpoe,oBNA2owBbVMQAOLaYpoe,2024-01-05 15:31:40.292000+00:00,004, ,, , 
net_LBNA2owBbVMQAOLaqpt4,LBNA2owBbVMQAOLaqpt4,2024-01-05 15:31:58.306000+00:00,004, ,, , 
net_LhNA2owBbVMQAOLaqpt4,LhNA2owBbVMQAOLaqpt4,2024-01-05 15:31:58.313000+00:00,004, ,, , 
net_MxNA2owBbVMQAOLaqpt4,MxNA2owBbVMQAOLaqpt4,2024-01-05 15:31:58.414000+00:00,004, ,, , 
net_NhNA2owBbVMQAOLatps0,NhNA2owBbVMQAOLatps0,2024-01-05 15:32:00.341000+00:00,004, ,, , 
net_NxNA2owBbVMQAOLatps0,NxNA2owBbVMQAOLatps0,2024-01-05 15:32:00.341000+00:00,004, ,, , 
net_ORNA2owBbVMQAOLatps0,ORNA2owBbVMQAOLatps0,2024-01-05 15:32:00.347000+00:00,004, ,, , 
net_PhNA2owBbVMQAOLatps0,PhNA2owBbVMQAOLatps0,2024-01-05 15:32:00.352000+00:00,004, ,, , 
net_QBNA2owBbVMQAOLatps0,QBNA2owBbVMQAOLatps0,2024-01-05 15:32:00.347000+00:00,004, ,, , 
net_SxNA2owBbVMQAOLaupvV,SxNA2owBbVMQAOLaupvV,2024-01-05 15:32:02.492000+00:00,004, ,, , 
net_ThNA2owBbVMQAOLaupvV,ThNA2owBbVMQAOLaupvV,2024-01-05 15:32:02.509000+00:00,004, ,, , 
net_TxNA2owBbVMQAOLaupvV,TxNA2owBbVMQAOLaupvV,2024-01-05 15:32:02.514000+00:00,004, ,, , 
net_URNA2owBbVMQAOLaupvV,URNA2owBbVMQAOLaupvV,2024-01-05 15:32:02.608000+00:00,004, ,, , 
net_UhNA2owBbVMQAOLaupvV,UhNA2owBbVMQAOLaupvV,2024-01-05 15:32:02.608000+00:00,004, ,, , 
net__xNA2owBbVMQAOLampoF,_xNA2owBbVMQAOLampoF,2024-01-05 15:31:54.335000+00:00,004, ,, , 
net_ABNA2owBbVMQAOLampsF,ABNA2owBbVMQAOLampsF,2024-01-05 15:31:54.335000+00:00,004, ,, , 
net_BBNA2owBbVMQAOLampsF,BBNA2owBbVMQAOLampsF,2024-01-05 15:31:54.335000+00:00,004, ,, , 
net_BRNA2owBbVMQAOLampsF,BRNA2owBbVMQAOLampsF,2024-01-05 15:31:54.335000+00:00,004, ,, , 
net_CRNA2owBbVMQAOLampsF,CRNA2owBbVMQAOLampsF,2024-01-05 15:31:54.346000+00:00,004, ,, , 
net_ChNA2owBbVMQAOLampsF,ChNA2owBbVMQAOLampsF,2024-01-05 15:31:54.337000+00:00,004, ,, , 
net_EBNA2owBbVMQAOLappt-,EBNA2owBbVMQAOLappt-,2024-01-05 15:31:56.296000+00:00,004, ,, , 
net_ERNA2owBbVMQAOLappt-,ERNA2owBbVMQAOLappt-,2024-01-05 15:31:56.376000+00:00,004, ,, , 
net_FBNA2owBbVMQAOLappt-,FBNA2owBbVMQAOLappt-,2024-01-05 15:31:56.377000+00:00,004, ,, , 
net_FRNA2owBbVMQAOLappt-,FRNA2owBbVMQAOLappt-,2024-01-05 15:31:56.377000+00:00,004, ,, , 
net_GRNA2owBbVMQAOLappt-,GRNA2owBbVMQAOLappt-,2024-01-05 15:31:56.380000+00:00,004, ,, , 
net_HRNA2owBbVMQAOLappt-,HRNA2owBbVMQAOLappt-,2024-01-05 15:31:56.376000+00:00,004, ,, , 
net_IBNA2owBbVMQAOLappt-,IBNA2owBbVMQAOLappt-,2024-01-05 15:31:56.377000+00:00,004, ,, , 
net_oxNA2owBbVMQAOLabZre,oxNA2owBbVMQAOLabZre,2024-01-05 15:31:42.217000+00:00,004, ,, , 
net_pBNA2owBbVMQAOLabZre,pBNA2owBbVMQAOLabZre,2024-01-05 15:31:42.217000+00:00,004, ,, , 
net_qhNA2owBbVMQAOLabZre,qhNA2owBbVMQAOLabZre,2024-01-05 15:31:42.269000+00:00,004, ,, , 
net_rRNA2owBbVMQAOLabZre,rRNA2owBbVMQAOLabZre,2024-01-05 15:31:42.408000+00:00,004, ,, , 
net_sBNA2owBbVMQAOLabZre,sBNA2owBbVMQAOLabZre,2024-01-05 15:31:42.464000+00:00,004, ,, , 
net_sRNA2owBbVMQAOLabZre,sRNA2owBbVMQAOLabZre,2024-01-05 15:31:42.465000+00:00,004, ,, , 
net_shNA2owBbVMQAOLabZre,shNA2owBbVMQAOLabZre,2024-01-05 15:31:42.465000+00:00,004, ,, , 
net_tBNA2owBbVMQAOLacZqj,tBNA2owBbVMQAOLacZqj,2024-01-05 15:31:44.247000+00:00,004, ,, , 
net_txNA2owBbVMQAOLacZqj,txNA2owBbVMQAOLacZqj,2024-01-05 15:31:44.253000+00:00,004, ,, , 
net_uRNA2owBbVMQAOLacZqj,uRNA2owBbVMQAOLacZqj,2024-01-05 15:31:44.254000+00:00,004, ,, , 
net_vBNA2owBbVMQAOLacZqj,vBNA2owBbVMQAOLacZqj,2024-01-05 15:31:44.266000+00:00,004, ,, , 
net_vRNA2owBbVMQAOLacZqj,vRNA2owBbVMQAOLacZqj,2024-01-05 15:31:44.360000+00:00,004, ,, , 
net_bxND2owBbVMQAOLa0J1a,bxND2owBbVMQAOLa0J1a,2024-01-05 15:35:24.763000+00:00,004, ,, , 
net_cRND2owBbVMQAOLa0J1a,cRND2owBbVMQAOLa0J1a,2024-01-05 15:35:24.763000+00:00,004, ,, , 
net_cxND2owBbVMQAOLa0J1a,cxND2owBbVMQAOLa0J1a,2024-01-05 15:35:24.769000+00:00,004, ,, , 
net_dBND2owBbVMQAOLa0J1a,dBND2owBbVMQAOLa0J1a,2024-01-05 15:35:24.770000+00:00,004, ,, , 
net_dhND2owBbVMQAOLa0J1a,dhND2owBbVMQAOLa0J1a,2024-01-05 15:35:24.770000+00:00,004, ,, , 
net_eBND2owBbVMQAOLa0J1a,eBND2owBbVMQAOLa0J1a,2024-01-05 15:35:24.908000+00:00,004, ,, , 
net_ehND2owBbVMQAOLa0J1a,ehND2owBbVMQAOLa0J1a,2024-01-05 15:35:24.909000+00:00,004, ,, , 
net_fBND2owBbVMQAOLa0J1a,fBND2owBbVMQAOLa0J1a,2024-01-05 15:35:24.909000+00:00,004, ,, , 
net_fRND2owBbVMQAOLa0J1a,fRND2owBbVMQAOLa0J1a,2024-01-05 15:35:24.909000+00:00,004, ,, , 
net_fxND2owBbVMQAOLa0J1a,fxND2owBbVMQAOLa0J1a,2024-01-05 15:35:24.909000+00:00,004, ,, , 
net_gRND2owBbVMQAOLa0J1a,gRND2owBbVMQAOLa0J1a,2024-01-05 15:35:24.989000+00:00,004, ,, , 
net_hBND2owBbVMQAOLa0J1a,hBND2owBbVMQAOLa0J1a,2024-01-05 15:35:24.990000+00:00,004, ,, , 
net_hhND2owBbVMQAOLa0J1a,hhND2owBbVMQAOLa0J1a,2024-01-05 15:35:24.990000+00:00,004, ,, , 
net_ixND2owBbVMQAOLa0J1a,ixND2owBbVMQAOLa0J1a,2024-01-05 15:35:24.990000+00:00,004, ,, , 
net_jxND2owBbVMQAOLa0J1a,jxND2owBbVMQAOLa0J1a,2024-01-05 15:35:24.989000+00:00,004, ,, , 
net_lxND2owBbVMQAOLa0J1a,lxND2owBbVMQAOLa0J1a,2024-01-05 15:35:25.014000+00:00,004, ,, , 
net_mRND2owBbVMQAOLa0p3g,mRND2owBbVMQAOLa0p3g,2024-01-05 15:35:25.021000+00:00,004, ,, , 
net_mxND2owBbVMQAOLa0p3g,mxND2owBbVMQAOLa0p3g,2024-01-05 15:35:25.133000+00:00,004, ,, , 
net_pRND2owBbVMQAOLa1J0y,pRND2owBbVMQAOLa1J0y,2024-01-05 15:35:25.254000+00:00,004, ,, , 
net_pxND2owBbVMQAOLa1J0y,pxND2owBbVMQAOLa1J0y,2024-01-05 15:35:25.303000+00:00,004, ,, , 
net_qBND2owBbVMQAOLa1J0y,qBND2owBbVMQAOLa1J0y,2024-01-05 15:35:25.254000+00:00,004, ,, , 
net_qhND2owBbVMQAOLa1J0y,qhND2owBbVMQAOLa1J0y,2024-01-05 15:35:25.376000+00:00,004, ,, , 
net_qxND2owBbVMQAOLa1J0y,qxND2owBbVMQAOLa1J0y,2024-01-05 15:35:25.376000+00:00,004, ,, , 
net_rRND2owBbVMQAOLa1J0y,rRND2owBbVMQAOLa1J0y,2024-01-05 15:35:25.376000+00:00,004, ,, , 
net_rhND2owBbVMQAOLa1J0y,rhND2owBbVMQAOLa1J0y,2024-01-05 15:35:25.376000+00:00,004, ,, , 
net_sBND2owBbVMQAOLa1J0y,sBND2owBbVMQAOLa1J0y,2024-01-05 15:35:25.377000+00:00,004, ,, , 
net_tBND2owBbVMQAOLa153h,tBND2owBbVMQAOLa153h,2024-01-05 15:35:25.611000+00:00,004, ,, , 
net_tRND2owBbVMQAOLa153h,tRND2owBbVMQAOLa153h,2024-01-05 15:35:25.610000+00:00,004, ,, , 
net_txND2owBbVMQAOLa153h,txND2owBbVMQAOLa153h,2024-01-05 15:35:26.922000+00:00,004, ,, , 
net_uhND2owBbVMQAOLa153h,uhND2owBbVMQAOLa153h,2024-01-05 15:35:26.922000+00:00,004, ,, , 
net_SRND2owBbVMQAOLalp15,SRND2owBbVMQAOLalp15,2024-01-05 15:35:10.524000+00:00,004, ,, , 
net_SxND2owBbVMQAOLalp15,SxND2owBbVMQAOLalp15,2024-01-05 15:35:10.540000+00:00,004, ,, , 
net_TRND2owBbVMQAOLamp2g,TRND2owBbVMQAOLamp2g,2024-01-05 15:35:10.540000+00:00,004, ,, , 
net_UBND2owBbVMQAOLamp2g,UBND2owBbVMQAOLamp2g,2024-01-05 15:35:10.653000+00:00,004, ,, , 
net_URND2owBbVMQAOLamp2g,URND2owBbVMQAOLamp2g,2024-01-05 15:35:10.653000+00:00,004, ,, , 
net_UhND2owBbVMQAOLamp2g,UhND2owBbVMQAOLamp2g,2024-01-05 15:35:12.635000+00:00,004, ,, , 
net_VRND2owBbVMQAOLamp2g,VRND2owBbVMQAOLamp2g,2024-01-05 15:35:12.637000+00:00,004, ,, , 
net_VxND2owBbVMQAOLamp2g,VxND2owBbVMQAOLamp2g,2024-01-05 15:35:12.673000+00:00,004, ,, , 
net_WRND2owBbVMQAOLao51I,WRND2owBbVMQAOLao51I,2024-01-05 15:35:12.681000+00:00,004, ,, , 
net_WhND2owBbVMQAOLap51J,WhND2owBbVMQAOLap51J,2024-01-05 15:35:14.732000+00:00,004, ,, , 
net_WxND2owBbVMQAOLaq53Z,WxND2owBbVMQAOLaq53Z,2024-01-05 15:35:14.841000+00:00,004, ,, , 
net_XRND2owBbVMQAOLaq53Z,XRND2owBbVMQAOLaq53Z,2024-01-05 15:35:14.858000+00:00,004, ,, , 
net_XxND2owBbVMQAOLaq53Z,XxND2owBbVMQAOLaq53Z,2024-01-05 15:35:14.973000+00:00,004, ,, , 
net_YBND2owBbVMQAOLaq53Z,YBND2owBbVMQAOLaq53Z,2024-01-05 15:35:14.973000+00:00,004, ,, , 
net_YRND2owBbVMQAOLaq53Z,YRND2owBbVMQAOLaq53Z,2024-01-05 15:35:15.082000+00:00,004, ,, , 
net_YhND2owBbVMQAOLaq53Z,YhND2owBbVMQAOLaq53Z,2024-01-05 15:35:15.084000+00:00,004, ,, , 
net_vBND2owBbVMQAOLa4J04,vBND2owBbVMQAOLa4J04,2024-01-05 15:35:28.764000+00:00,004, ,, , 
net_vhND2owBbVMQAOLa4J04,vhND2owBbVMQAOLa4J04,2024-01-05 15:35:29.065000+00:00,004, ,, , 
net_vxND2owBbVMQAOLa4J04,vxND2owBbVMQAOLa4J04,2024-01-05 15:35:29.066000+00:00,004, ,, , 
net_xxND2owBbVMQAOLa6J0F,xxND2owBbVMQAOLa6J0F,2024-01-05 15:35:30.741000+00:00,004, ,, , 
net_RBND2owBbVMQAOLahp00,RBND2owBbVMQAOLahp00,2024-01-05 15:35:06.442000+00:00,004, ,, , 
net_NBND2owBbVMQAOLadp26,NBND2owBbVMQAOLadp26,2024-01-05 15:34:58.406000+00:00,004, ,, , 
net_NxND2owBbVMQAOLadp26,NxND2owBbVMQAOLadp26,2024-01-05 15:34:58.475000+00:00,004, ,, , 
net_ORND2owBbVMQAOLadp26,ORND2owBbVMQAOLadp26,2024-01-05 15:34:58.506000+00:00,004, ,, , 
net_PxND2owBbVMQAOLadp26,PxND2owBbVMQAOLadp26,2024-01-05 15:34:58.654000+00:00,004, ,, , 
net_QRND2owBbVMQAOLadp26,QRND2owBbVMQAOLadp26,2024-01-05 15:34:58.725000+00:00,004, ,, , 
net_0BNE2owBbVMQAOLaG51e,0BNE2owBbVMQAOLaG51e,2024-01-05 15:35:42.834000+00:00,004, ,, , 
net_0RNE2owBbVMQAOLaG51e,0RNE2owBbVMQAOLaG51e,2024-01-05 15:35:42.834000+00:00,004, ,, , 
net_1BNE2owBbVMQAOLaK52U,1BNE2owBbVMQAOLaK52U,2024-01-05 15:35:46.918000+00:00,004, ,, , 
net_MBND2owBbVMQAOLaVp0-,MBND2owBbVMQAOLaVp0-,2024-01-05 15:34:52.399000+00:00,004, ,, , 
net_zBNE2owBbVMQAOLaC52X,zBNE2owBbVMQAOLaC52X,2024-01-05 15:35:38.907000+00:00,004, ,, , 
net_TBNS2owBbVMQAOLab56H,TBNS2owBbVMQAOLab56H,2024-01-05 15:51:17.649000+00:00,004, ,, , 
net_TxNS2owBbVMQAOLab56H,TxNS2owBbVMQAOLab56H,2024-01-05 15:51:21.210000+00:00,004, ,, ,sohaib(uid=1000)
net_UBNS2owBbVMQAOLab56H,UBNS2owBbVMQAOLab56H,2024-01-05 15:51:21.235000+00:00,004, ,, , 
net_VBNS2owBbVMQAOLacZ4R,VBNS2owBbVMQAOLacZ4R,2024-01-05 15:51:23.271000+00:00,004, ,, , 
net_VxNS2owBbVMQAOLacZ4R,VxNS2owBbVMQAOLacZ4R,2024-01-05 15:51:23.275000+00:00,004, ,, , 
net_WBNS2owBbVMQAOLacZ4R,WBNS2owBbVMQAOLacZ4R,2024-01-05 15:51:23.278000+00:00,004, ,, , 
net_WhNS2owBbVMQAOLacZ4R,WhNS2owBbVMQAOLacZ4R,2024-01-05 15:51:23.287000+00:00,004, ,, , 
net_WxNS2owBbVMQAOLacZ4R,WxNS2owBbVMQAOLacZ4R,2024-01-05 15:51:23.287000+00:00,004, ,, , 
net_XBNS2owBbVMQAOLacZ4R,XBNS2owBbVMQAOLacZ4R,2024-01-05 15:51:23.287000+00:00,004, ,, , 
net_ZhNS2owBbVMQAOLacZ4R,ZhNS2owBbVMQAOLacZ4R,2024-01-05 15:51:23.315000+00:00,004, ,, , 
net_bBNS2owBbVMQAOLacZ4R,bBNS2owBbVMQAOLacZ4R,2024-01-05 15:51:23.375000+00:00,004, ,, , 
net_bRNS2owBbVMQAOLacZ4R,bRNS2owBbVMQAOLacZ4R,2024-01-05 15:51:23.375000+00:00,004, ,, , 
net_bxNS2owBbVMQAOLacZ4R,bxNS2owBbVMQAOLacZ4R,2024-01-05 15:51:23.378000+00:00,004, ,, , 
net_cRNS2owBbVMQAOLacZ4R,cRNS2owBbVMQAOLacZ4R,2024-01-05 15:51:23.380000+00:00,004, ,, , 
net_cxNS2owBbVMQAOLacZ4R,cxNS2owBbVMQAOLacZ4R,2024-01-05 15:51:23.379000+00:00,004, ,, , 
net_dxNS2owBbVMQAOLacZ4R,dxNS2owBbVMQAOLacZ4R,2024-01-05 15:51:23.381000+00:00,004, ,, , 
net_ehNS2owBbVMQAOLacZ4R,ehNS2owBbVMQAOLacZ4R,2024-01-05 15:51:23.383000+00:00,004, ,, , 
net_fBNS2owBbVMQAOLacZ4R,fBNS2owBbVMQAOLacZ4R,2024-01-05 15:51:23.382000+00:00,004, ,, , 
net_fRNS2owBbVMQAOLacZ4R,fRNS2owBbVMQAOLacZ4R,2024-01-05 15:51:23.385000+00:00,004, ,, , 
net_gBNS2owBbVMQAOLacZ4R,gBNS2owBbVMQAOLacZ4R,2024-01-05 15:51:23.403000+00:00,004, ,, , 
net_gRNS2owBbVMQAOLacZ4R,gRNS2owBbVMQAOLacZ4R,2024-01-05 15:51:23.405000+00:00,004, ,, , 
net_hBNS2owBbVMQAOLacZ5v,hBNS2owBbVMQAOLacZ5v,2024-01-05 15:51:23.411000+00:00,004, ,, , 
net_hhNS2owBbVMQAOLacZ5v,hhNS2owBbVMQAOLacZ5v,2024-01-05 15:51:23.420000+00:00,004, ,, , 
net_iBNS2owBbVMQAOLacZ5v,iBNS2owBbVMQAOLacZ5v,2024-01-05 15:51:23.424000+00:00,004, ,, , 
net_ihNS2owBbVMQAOLacZ5v,ihNS2owBbVMQAOLacZ5v,2024-01-05 15:51:23.443000+00:00,004, ,, , 
net_kRNS2owBbVMQAOLacZ5v,kRNS2owBbVMQAOLacZ5v,2024-01-05 15:51:23.681000+00:00,004, ,, , 
net_uhNi2owBbVMQAOLanp7g,uhNi2owBbVMQAOLanp7g,2024-01-05 16:09:02.102000+00:00,004, ,, , 
net_uxNi2owBbVMQAOLanp7g,uxNi2owBbVMQAOLanp7g,2024-01-05 16:09:02.103000+00:00,004, ,, , 
net_vhNi2owBbVMQAOLanp7g,vhNi2owBbVMQAOLanp7g,2024-01-05 16:09:02.109000+00:00,004, ,, , 
net_wBNi2owBbVMQAOLanp7g,wBNi2owBbVMQAOLanp7g,2024-01-05 16:09:02.111000+00:00,004, ,, , 
net_xhNi2owBbVMQAOLanp7g,xhNi2owBbVMQAOLanp7g,2024-01-05 16:09:04.095000+00:00,004, ,, , 
net_0hNi2owBbVMQAOLaop6Q,0hNi2owBbVMQAOLaop6Q,2024-01-05 16:09:04.121000+00:00,004, ,, , 
net_lxNS2owBbVMQAOLax57I,lxNS2owBbVMQAOLax57I,2024-01-05 15:51:43.402000+00:00,004, ,, , 
net_mRNS2owBbVMQAOLax57I,mRNS2owBbVMQAOLax57I,2024-01-05 15:51:43.459000+00:00,004, ,, , 
net_mxNS2owBbVMQAOLax57I,mxNS2owBbVMQAOLax57I,2024-01-05 15:51:43.504000+00:00,004, ,, , 
net_nRNS2owBbVMQAOLax57I,nRNS2owBbVMQAOLax57I,2024-01-05 15:51:43.509000+00:00,004, ,, , 
net_oBNY2owBbVMQAOLaY55g,oBNY2owBbVMQAOLaY55g,2024-01-05 15:57:45.071000+00:00,004, ,, , 
net_oxNY2owBbVMQAOLaY55g,oxNY2owBbVMQAOLaY55g,2024-01-05 15:57:45.075000+00:00,004, ,, , 
net_pBNY2owBbVMQAOLaY55g,pBNY2owBbVMQAOLaY55g,2024-01-05 15:57:45.081000+00:00,004, ,, , 
net_phNY2owBbVMQAOLaY55g,phNY2owBbVMQAOLaY55g,2024-01-05 15:57:45.086000+00:00,004, ,, , 
net_sxNd2owBbVMQAOLa4p64,sxNd2owBbVMQAOLa4p64,2024-01-05 16:03:44.962000+00:00,004, ,, , 
net_tBNd2owBbVMQAOLa4p64,tBNd2owBbVMQAOLa4p64,2024-01-05 16:03:44.963000+00:00,004, ,, , 
net_thNd2owBbVMQAOLa4p64,thNd2owBbVMQAOLa4p64,2024-01-05 16:03:44.968000+00:00,004, ,, , 
net_txNd2owBbVMQAOLa4p64,txNd2owBbVMQAOLa4p64,2024-01-05 16:03:44.968000+00:00,004, ,, , 
net_QRNN2owBbVMQAOLaVJ4n,QRNN2owBbVMQAOLaVJ4n,2024-01-05 15:45:43.585000+00:00,004, ,, , 
net_RRNN2owBbVMQAOLaVJ4n,RRNN2owBbVMQAOLaVJ4n,2024-01-05 15:45:43.600000+00:00,004, ,, , 
net_RhNN2owBbVMQAOLaVJ4n,RhNN2owBbVMQAOLaVJ4n,2024-01-05 15:45:43.600000+00:00,004, ,, , 
net_RxNN2owBbVMQAOLaVJ4n,RxNN2owBbVMQAOLaVJ4n,2024-01-05 15:45:43.600000+00:00,004, ,, , 
net_kxNS2owBbVMQAOLajJ5X,kxNS2owBbVMQAOLajJ5X,2024-01-05 15:51:27.253000+00:00,004, ,, , 
net_OBNK2owBbVMQAOLaMZ61,OBNK2owBbVMQAOLaMZ61,2024-01-05 15:42:14.553000+00:00,004, ,, , 
net_2BNj2owBbVMQAOLaUp5_,2BNj2owBbVMQAOLaUp5_,2024-01-05 16:09:44.303000+00:00,004, ,, , 
net_8Cr71owBBvI38zPEunov,8Cr71owBBvI38zPEunov,2024-01-05 00:17:43.726000+00:00,004, ,, , 
net_9Sr71owBBvI38zPEunov,9Sr71owBBvI38zPEunov,2024-01-05 00:17:43.776000+00:00,004, ,, , 
net_9yr71owBBvI38zPEunow,9yr71owBBvI38zPEunow,2024-01-05 00:17:43.755000+00:00,004, ,, , 
net__ir71owBBvI38zPEunow,_ir71owBBvI38zPEunow,2024-01-05 00:17:43.783000+00:00,004, ,, , 
net_Air71owBBvI38zPEunsx,Air71owBBvI38zPEunsx,2024-01-05 00:17:43.797000+00:00,004, ,, , 
net_Ayr71owBBvI38zPEunsx,Ayr71owBBvI38zPEunsx,2024-01-05 00:17:43.800000+00:00,004, ,, , 
net_CCr71owBBvI38zPEunsy,CCr71owBBvI38zPEunsy,2024-01-05 00:17:43.810000+00:00,004, ,, , 
net_CSr71owBBvI38zPEunsy,CSr71owBBvI38zPEunsy,2024-01-05 00:17:43.810000+00:00,004, ,, , 
net_Cir71owBBvI38zPEunsy,Cir71owBBvI38zPEunsy,2024-01-05 00:17:43.812000+00:00,004, ,, , 
net_Dyr71owBBvI38zPEunsz,Dyr71owBBvI38zPEunsz,2024-01-05 00:17:43.793000+00:00,004, ,, , 
net_Eyr71owBBvI38zPEunsz,Eyr71owBBvI38zPEunsz,2024-01-05 00:17:43.817000+00:00,004, ,, , 
net_FSr71owBBvI38zPEunsz,FSr71owBBvI38zPEunsz,2024-01-05 00:17:43.816000+00:00,004, ,, , 
net_Fir71owBBvI38zPEunsz,Fir71owBBvI38zPEunsz,2024-01-05 00:17:43.816000+00:00,004, ,, , 
net_GCr71owBBvI38zPEuns0,GCr71owBBvI38zPEuns0,2024-01-05 00:17:43.825000+00:00,004, ,, , 
net_GSr71owBBvI38zPEuns0,GSr71owBBvI38zPEuns0,2024-01-05 00:17:43.825000+00:00,004, ,, , 
net_Hyr71owBBvI38zPEuns1,Hyr71owBBvI38zPEuns1,2024-01-05 00:17:43.846000+00:00,004, ,, , 
net_Iyr71owBBvI38zPEvHuM,Iyr71owBBvI38zPEvHuM,2024-01-05 00:17:43.838000+00:00,004, ,, , 
net_JSr71owBBvI38zPEvHuM,JSr71owBBvI38zPEvHuM,2024-01-05 00:17:43.829000+00:00,004, ,, , 
net_LSr71owBBvI38zPEvHuN,LSr71owBBvI38zPEvHuN,2024-01-05 00:17:43.875000+00:00,004, ,, , 
net_MSr71owBBvI38zPEvHuO,MSr71owBBvI38zPEvHuO,2024-01-05 00:17:43.853000+00:00,004, ,, , 
net_NSr71owBBvI38zPEvHuP,NSr71owBBvI38zPEvHuP,2024-01-05 00:17:43.887000+00:00,004, ,, , 
net_Nyr71owBBvI38zPEvHuP,Nyr71owBBvI38zPEvHuP,2024-01-05 00:17:43.872000+00:00,004, ,, , 
net_QCr71owBBvI38zPEvHuQ,QCr71owBBvI38zPEvHuQ,2024-01-05 00:17:43.907000+00:00,004, ,, , 
net_Qyr71owBBvI38zPEvHuQ,Qyr71owBBvI38zPEvHuQ,2024-01-05 00:17:43.921000+00:00,004, ,, , 
net_Rir71owBBvI38zPEvHuQ,Rir71owBBvI38zPEvHuQ,2024-01-05 00:17:43.921000+00:00,004, ,, , 
net_Syr71owBBvI38zPEvHuR,Syr71owBBvI38zPEvHuR,2024-01-05 00:17:43.933000+00:00,004, ,, , 
net_TSr71owBBvI38zPEvHuR,TSr71owBBvI38zPEvHuR,2024-01-05 00:17:43.934000+00:00,004, ,, , 
net_Uir71owBBvI38zPEvnuo,Uir71owBBvI38zPEvnuo,2024-01-05 00:17:43.937000+00:00,004, ,, , 
net_Uyr71owBBvI38zPEvnup,Uyr71owBBvI38zPEvnup,2024-01-05 00:17:43.929000+00:00,004, ,, , 
net_VCr71owBBvI38zPEvnup,VCr71owBBvI38zPEvnup,2024-01-05 00:17:43.947000+00:00,004, ,, , 
net_Wyr71owBBvI38zPEvnuq,Wyr71owBBvI38zPEvnuq,2024-01-05 00:17:43.961000+00:00,004, ,, , 
net_XSr71owBBvI38zPEvnur,XSr71owBBvI38zPEvnur,2024-01-05 00:17:43.963000+00:00,004, ,, , 
net_Xyr71owBBvI38zPEvnur,Xyr71owBBvI38zPEvnur,2024-01-05 00:17:43.952000+00:00,004, ,, , 
net_YCr71owBBvI38zPEvnur,YCr71owBBvI38zPEvnur,2024-01-05 00:17:43.961000+00:00,004, ,, , 
net_YSr71owBBvI38zPEvnur,YSr71owBBvI38zPEvnur,2024-01-05 00:17:43.969000+00:00,004, ,, , 
net_Yir71owBBvI38zPEvnur,Yir71owBBvI38zPEvnur,2024-01-05 00:17:43.971000+00:00,004, ,, , 
net_ZSr71owBBvI38zPEvnur,ZSr71owBBvI38zPEvnur,2024-01-05 00:17:43.981000+00:00,004, ,, , 
net_Zir71owBBvI38zPEvnur,Zir71owBBvI38zPEvnur,2024-01-05 00:17:43.983000+00:00,004, ,, , 
net_aCr71owBBvI38zPEvnus,aCr71owBBvI38zPEvnus,2024-01-05 00:17:43.989000+00:00,004, ,, , 
net_cCr71owBBvI38zPEvnus,cCr71owBBvI38zPEvnus,2024-01-05 00:17:44.043000+00:00,004, ,, , 
net_cSr71owBBvI38zPEvnut,cSr71owBBvI38zPEvnut,2024-01-05 00:17:44.092000+00:00,004, ,, , 
net_cyr71owBBvI38zPEvnut,cyr71owBBvI38zPEvnut,2024-01-05 00:17:44.096000+00:00,004, ,, , 
net_dir71owBBvI38zPEvnut,dir71owBBvI38zPEvnut,2024-01-05 00:17:43.939000+00:00,004, ,, , 
net_eCr71owBBvI38zPEvnut,eCr71owBBvI38zPEvnut,2024-01-05 00:17:44.108000+00:00,004, ,, , 
net_eir71owBBvI38zPEvnuu,eir71owBBvI38zPEvnuu,2024-01-05 00:17:44.109000+00:00,004, ,, , 
net_fSr71owBBvI38zPEvnuu,fSr71owBBvI38zPEvnuu,2024-01-05 00:17:44.128000+00:00,004, ,, , 
net_fir71owBBvI38zPEvnuu,fir71owBBvI38zPEvnuu,2024-01-05 00:17:44.130000+00:00,004, ,, , 
net_fyr71owBBvI38zPEvnuv,fyr71owBBvI38zPEvnuv,2024-01-05 00:17:44.111000+00:00,004, ,, , 
net_gCr71owBBvI38zPEvnuv,gCr71owBBvI38zPEvnuv,2024-01-05 00:17:44.203000+00:00,004, ,, , 
net_iCr71owBBvI38zPEwHuO,iCr71owBBvI38zPEwHuO,2024-01-05 00:17:44.708000+00:00,004, ,, , 
net_iir71owBBvI38zPEwHuP,iir71owBBvI38zPEwHuP,2024-01-05 00:17:44.771000+00:00,004, ,, , 
net_jyr71owBBvI38zPEwHuP,jyr71owBBvI38zPEwHuP,2024-01-05 00:17:43.992000+00:00,004, ,, , 
net_kir71owBBvI38zPEwHuP,kir71owBBvI38zPEwHuP,2024-01-05 00:17:47.609000+00:00,004, ,, , 
net_kyr71owBBvI38zPEwHuQ,kyr71owBBvI38zPEwHuQ,2024-01-05 00:17:47.610000+00:00,004, ,, , 
net_lCr71owBBvI38zPEwHuQ,lCr71owBBvI38zPEwHuQ,2024-01-05 00:17:48.163000+00:00,004, ,, , 
net_lSr71owBBvI38zPEwHuQ,lSr71owBBvI38zPEwHuQ,2024-01-05 00:17:48.172000+00:00,004, ,, , 
net_mCr71owBBvI38zPEwHuQ,mCr71owBBvI38zPEwHuQ,2024-01-05 00:17:48.240000+00:00,004, ,, , 
net_mir71owBBvI38zPEwHuQ,mir71owBBvI38zPEwHuQ,2024-01-05 00:17:48.707000+00:00,004, ,, , 
net_oir71owBBvI38zPEyXsC,oir71owBBvI38zPEyXsC,2024-01-05 00:17:51.643000+00:00,004, ,, , 
net_pSr71owBBvI38zPEyXsD,pSr71owBBvI38zPEyXsD,2024-01-05 00:17:51.709000+00:00,004, ,, , 
net_pir71owBBvI38zPEyXsD,pir71owBBvI38zPEyXsD,2024-01-05 00:17:51.716000+00:00,004, ,, , 
net_pyr71owBBvI38zPEyXsD,pyr71owBBvI38zPEyXsD,2024-01-05 00:17:51.736000+00:00,004, ,, , 
net_qCr71owBBvI38zPEyXsD,qCr71owBBvI38zPEyXsD,2024-01-05 00:17:51.759000+00:00,004, ,, , 
net_qir71owBBvI38zPEyXsD,qir71owBBvI38zPEyXsD,2024-01-05 00:17:51.916000+00:00,004, ,, , 
net_rCr71owBBvI38zPEyXsD,rCr71owBBvI38zPEyXsD,2024-01-05 00:17:52.949000+00:00,003, ,, , 
net_sir71owBBvI38zPEznus,sir71owBBvI38zPEznus,2024-01-05 00:17:54.196000+00:00,004, ,, , 
net_syr71owBBvI38zPEznus,syr71owBBvI38zPEznus,2024-01-05 00:17:54.194000+00:00,004, ,, , 
net_tCr71owBBvI38zPEznus,tCr71owBBvI38zPEznus,2024-01-05 00:17:54.209000+00:00,004, ,, , 
net_tyr71owBBvI38zPE0XuY,tyr71owBBvI38zPE0XuY,2024-01-05 00:17:54.444000+00:00,004, ,, , 
net_uSr71owBBvI38zPE0XuY,uSr71owBBvI38zPE0XuY,2024-01-05 00:17:54.469000+00:00,004, ,, , 
net_uyr71owBBvI38zPE0XuY,uyr71owBBvI38zPE0XuY,2024-01-05 00:17:55.464000+00:00,004, ,, , 
net_yCr71owBBvI38zPE3Hvu,yCr71owBBvI38zPE3Hvu,2024-01-05 00:17:57.535000+00:00,004, ,, , 
net_yyr71owBBvI38zPE3Hvu,yyr71owBBvI38zPE3Hvu,2024-01-05 00:17:57.678000+00:00,004, ,, , 
net_zCr71owBBvI38zPE3Hvv,zCr71owBBvI38zPE3Hvv,2024-01-05 00:17:57.679000+00:00,004, ,, , 
net_zir71owBBvI38zPE6HuU,zir71owBBvI38zPE6HuU,2024-01-05 00:17:59.520000+00:00,004, ,, , 
net_0Sr71owBBvI38zPE6HuU,0Sr71owBBvI38zPE6HuU,2024-01-05 00:17:59.600000+00:00,004, ,, , 
net_0yr71owBBvI38zPE6HuU,0yr71owBBvI38zPE6HuU,2024-01-05 00:17:59.657000+00:00,004, ,, , 
net_1Cr71owBBvI38zPE6HuU,1Cr71owBBvI38zPE6HuU,2024-01-05 00:17:59.680000+00:00,004, ,, , 
net_2ir71owBBvI38zPE7Hun,2ir71owBBvI38zPE7Hun,2024-01-05 00:18:01.569000+00:00,004, ,, , 
net_3Sr71owBBvI38zPE-HvD,3Sr71owBBvI38zPE-HvD,2024-01-05 00:18:03.568000+00:00,004, ,, , 
net_4ir71owBBvI38zPE-HvE,4ir71owBBvI38zPE-HvE,2024-01-05 00:18:03.627000+00:00,004, ,, , 
net_5Sr71owBBvI38zPE-HvE,5Sr71owBBvI38zPE-HvE,2024-01-05 00:18:03.645000+00:00,004, ,, , 
net_5yr71owBBvI38zPE-HvE,5yr71owBBvI38zPE-HvE,2024-01-05 00:18:03.657000+00:00,004, ,, , 
net_6yr71owBBvI38zPE-HvE,6yr71owBBvI38zPE-HvE,2024-01-05 00:18:03.686000+00:00,004, ,, , 
net_7yr71owBBvI38zPE_Hu7,7yr71owBBvI38zPE_Hu7,2024-01-05 00:18:05.564000+00:00,004, ,, , 
net_9Sr71owBBvI38zPE_Hu7,9Sr71owBBvI38zPE_Hu7,2024-01-05 00:18:05.888000+00:00,004, ,, , 
net_9yr81owBBvI38zPECHu7,9yr81owBBvI38zPECHu7,2024-01-05 00:18:07.681000+00:00,004, ,, , 
net_'-ir81owBBvI38zPECHu7,'-ir81owBBvI38zPECHu7,2024-01-05 00:18:07.820000+00:00,004, ,, , 
net_ASr81owBBvI38zPECHy8,ASr81owBBvI38zPECHy8,2024-01-05 00:18:07.927000+00:00,004, ,, , 
net_BSr81owBBvI38zPECHy9,BSr81owBBvI38zPECHy9,2024-01-05 00:18:08.026000+00:00,004, ,, , 
net_DCr81owBBvI38zPEDXwd,DCr81owBBvI38zPEDXwd,2024-01-05 00:18:09.706000+00:00,004, ,, , 
net_Dir81owBBvI38zPEDXwd,Dir81owBBvI38zPEDXwd,2024-01-05 00:18:09.743000+00:00,004, ,, , 
net_ECr81owBBvI38zPEDXwd,ECr81owBBvI38zPEDXwd,2024-01-05 00:18:09.833000+00:00,004, ,, , 
net_ESr81owBBvI38zPEDXwd,ESr81owBBvI38zPEDXwd,2024-01-05 00:18:09.836000+00:00,004, ,, , 
net_Eyr81owBBvI38zPEDXwd,Eyr81owBBvI38zPEDXwd,2024-01-05 00:18:09.897000+00:00,004, ,, , 
net_GCr81owBBvI38zPEDXwe,GCr81owBBvI38zPEDXwe,2024-01-05 00:18:09.980000+00:00,004, ,, , 
net_Gir81owBBvI38zPEDXwf,Gir81owBBvI38zPEDXwf,2024-01-05 00:18:09.983000+00:00,004, ,, , 
net_HSr81owBBvI38zPEDXwf,HSr81owBBvI38zPEDXwf,2024-01-05 00:18:10.070000+00:00,004, ,, , 
net_Hir81owBBvI38zPEDXwf,Hir81owBBvI38zPEDXwf,2024-01-05 00:18:10.071000+00:00,004, ,, , 
net_mBM92owBbVMQAOLaV5XU,mBM92owBbVMQAOLaV5XU,2024-01-05 15:28:20.553000+00:00,004, ,, , 
net_mRM92owBbVMQAOLaV5XU,mRM92owBbVMQAOLaV5XU,2024-01-05 15:28:20.553000+00:00,004, ,, , 
net_mhM92owBbVMQAOLaV5XU,mhM92owBbVMQAOLaV5XU,2024-01-05 15:28:20.553000+00:00,004, ,, , 
net_nxM92owBbVMQAOLaW5UU,nxM92owBbVMQAOLaW5UU,2024-01-05 15:28:21.652000+00:00,004, ,, , 
net_ohM92owBbVMQAOLaW5UU,ohM92owBbVMQAOLaW5UU,2024-01-05 15:28:22.163000+00:00,004, ,, , 
net_pRM92owBbVMQAOLaX5WX,pRM92owBbVMQAOLaX5WX,2024-01-05 15:28:22.231000+00:00,004, ,, , 
net_qBM92owBbVMQAOLaZJVa,qBM92owBbVMQAOLaZJVa,2024-01-05 15:28:23.345000+00:00,004, ,, , 
net_qRM92owBbVMQAOLaZJVa,qRM92owBbVMQAOLaZJVa,2024-01-05 15:28:23.346000+00:00,004, ,, , 
net_rBM92owBbVMQAOLaZ5W_,rBM92owBbVMQAOLaZ5W_,2024-01-05 15:28:25.493000+00:00,004, ,, , 
net_rRM92owBbVMQAOLaZ5W_,rRM92owBbVMQAOLaZ5W_,2024-01-05 15:28:25.493000+00:00,004, ,, , 
net_txM92owBbVMQAOLaa5V1,txM92owBbVMQAOLaa5V1,2024-01-05 15:28:25.600000+00:00,004, ,, , 
net_uBM92owBbVMQAOLaa5V1,uBM92owBbVMQAOLaa5V1,2024-01-05 15:28:25.600000+00:00,004, ,, , 
net_wBM92owBbVMQAOLaeZWc,wBM92owBbVMQAOLaeZWc,2024-01-05 15:28:27.755000+00:00,004, ,, , 
net_whM92owBbVMQAOLaeZWc,whM92owBbVMQAOLaeZWc,2024-01-05 15:28:27.755000+00:00,004, ,, , 
net_xhM92owBbVMQAOLaeZWc,xhM92owBbVMQAOLaeZWc,2024-01-05 15:28:27.881000+00:00,004, ,, , 
net_xxM92owBbVMQAOLaeZWc,xxM92owBbVMQAOLaeZWc,2024-01-05 15:28:27.881000+00:00,004, ,, , 
net_yBM92owBbVMQAOLaeZWc,yBM92owBbVMQAOLaeZWc,2024-01-05 15:28:27.881000+00:00,004, ,, , 
net_yhM92owBbVMQAOLaeZWc,yhM92owBbVMQAOLaeZWc,2024-01-05 15:28:27.987000+00:00,004, ,, , 
net_zBM92owBbVMQAOLaeZWc,zBM92owBbVMQAOLaeZWc,2024-01-05 15:28:30.056000+00:00,004, ,, , 
net_zhM92owBbVMQAOLaeZWc,zhM92owBbVMQAOLaeZWc,2024-01-05 15:28:30.157000+00:00,004, ,, , 
net_0xM92owBbVMQAOLaeZWc,0xM92owBbVMQAOLaeZWc,2024-01-05 15:28:30.057000+00:00,004, ,, , 
net_bhM92owBbVMQAOLaQZUb,bhM92owBbVMQAOLaQZUb,2024-01-05 15:28:13.453000+00:00,004, ,, , 
net_bxM92owBbVMQAOLaQZUb,bxM92owBbVMQAOLaQZUb,2024-01-05 15:28:13.524000+00:00,004, ,, , 
net_dBM92owBbVMQAOLaQZUb,dBM92owBbVMQAOLaQZUb,2024-01-05 15:28:13.689000+00:00,004, ,, , 
net_eRM92owBbVMQAOLaQZUb,eRM92owBbVMQAOLaQZUb,2024-01-05 15:28:14.070000+00:00,004, ,, , 
net_fxM92owBbVMQAOLaQZUb,fxM92owBbVMQAOLaQZUb,2024-01-05 15:28:15.240000+00:00,004, ,, , 
net_hBM92owBbVMQAOLaQZUb,hBM92owBbVMQAOLaQZUb,2024-01-05 15:28:15.387000+00:00,004, ,, , 
net_hRM92owBbVMQAOLaSpUn,hRM92owBbVMQAOLaSpUn,2024-01-05 15:28:15.666000+00:00,004, ,, , 
net_hxM92owBbVMQAOLaSpUo,hxM92owBbVMQAOLaSpUo,2024-01-05 15:28:17.404000+00:00,004, ,, , 
net_jxM92owBbVMQAOLaTpUW,jxM92owBbVMQAOLaTpUW,2024-01-05 15:28:17.969000+00:00,004, ,, , 
net_kBM92owBbVMQAOLaVJWW,kBM92owBbVMQAOLaVJWW,2024-01-05 15:28:19.715000+00:00,004, ,, , 
net_kRM92owBbVMQAOLaVJWW,kRM92owBbVMQAOLaVJWW,2024-01-05 15:28:19.720000+00:00,004, ,, , 
net_kxM92owBbVMQAOLaVJWW,kxM92owBbVMQAOLaVJWW,2024-01-05 15:28:19.715000+00:00,004, ,, , 
net_lBM92owBbVMQAOLaVJWW,lBM92owBbVMQAOLaVJWW,2024-01-05 15:28:19.724000+00:00,004, ,, , 
net_lRM92owBbVMQAOLaVJWW,lRM92owBbVMQAOLaVJWW,2024-01-05 15:28:19.715000+00:00,004, ,, , 
net_lhM92owBbVMQAOLaVJWW,lhM92owBbVMQAOLaVJWW,2024-01-05 15:28:19.724000+00:00,004, ,, , 
net_1xM92owBbVMQAOLahZVB,1xM92owBbVMQAOLahZVB,2024-01-05 15:28:31.482000+00:00,004, ,, , 
net_2RM92owBbVMQAOLahZVB,2RM92owBbVMQAOLahZVB,2024-01-05 15:28:31.715000+00:00,004, ,, , 
net_3BM92owBbVMQAOLahZVB,3BM92owBbVMQAOLahZVB,2024-01-05 15:28:32.209000+00:00,004, ,, , 
net_3xM92owBbVMQAOLaiJVi,3xM92owBbVMQAOLaiJVi,2024-01-05 15:28:33.416000+00:00,004, ,, , 
net_4RM92owBbVMQAOLaiJVi,4RM92owBbVMQAOLaiJVi,2024-01-05 15:28:33.537000+00:00,004, ,, , 
net_4hM92owBbVMQAOLaiJVi,4hM92owBbVMQAOLaiJVi,2024-01-05 15:28:33.588000+00:00,004, ,, , 
net_5BM92owBbVMQAOLaiJVi,5BM92owBbVMQAOLaiJVi,2024-01-05 15:28:33.643000+00:00,004, ,, , 
net_5RM92owBbVMQAOLai5XJ,5RM92owBbVMQAOLai5XJ,2024-01-05 15:28:33.643000+00:00,004, ,, , 
net_6xM92owBbVMQAOLak5WV,6xM92owBbVMQAOLak5WV,2024-01-05 15:28:35.636000+00:00,004, ,, , 
net_7RM92owBbVMQAOLak5WV,7RM92owBbVMQAOLak5WV,2024-01-05 15:28:36.452000+00:00,004, ,, , 
net_7xM92owBbVMQAOLak5WV,7xM92owBbVMQAOLak5WV,2024-01-05 15:28:36.461000+00:00,004, ,, , 
net_PhM92owBbVMQAOLaIJUp,PhM92owBbVMQAOLaIJUp,2024-01-05 15:28:05.170000+00:00,004, ,, , 
net_QxM92owBbVMQAOLaIJUp,QxM92owBbVMQAOLaIJUp,2024-01-05 15:28:05.169000+00:00,004, ,, , 
net_RhM92owBbVMQAOLaJZVq,RhM92owBbVMQAOLaJZVq,2024-01-05 15:28:07.690000+00:00,004, ,, , 
net_RxM92owBbVMQAOLaJZVq,RxM92owBbVMQAOLaJZVq,2024-01-05 15:28:07.685000+00:00,004, ,, , 
net_SRM92owBbVMQAOLaJZVq,SRM92owBbVMQAOLaJZVq,2024-01-05 15:28:07.680000+00:00,004, ,, , 
net_SxM92owBbVMQAOLaMJXH,SxM92owBbVMQAOLaMJXH,2024-01-05 15:28:09.366000+00:00,004, ,, , 
net_UBM92owBbVMQAOLaMJXH,UBM92owBbVMQAOLaMJXH,2024-01-05 15:28:09.368000+00:00,004, ,, , 
net_UhM92owBbVMQAOLaMJXH,UhM92owBbVMQAOLaMJXH,2024-01-05 15:28:09.487000+00:00,004, ,, , 
net_VBM92owBbVMQAOLaMJXH,VBM92owBbVMQAOLaMJXH,2024-01-05 15:28:09.503000+00:00,004, ,, , 
net_WRM92owBbVMQAOLaMJXH,WRM92owBbVMQAOLaMJXH,2024-01-05 15:28:09.840000+00:00,004, ,, , 
net_WxM92owBbVMQAOLaMJXH,WxM92owBbVMQAOLaMJXH,2024-01-05 15:28:09.962000+00:00,004, ,, , 
net_XRM92owBbVMQAOLaMJXH,XRM92owBbVMQAOLaMJXH,2024-01-05 15:28:09.962000+00:00,004, ,, , 
net_YhM92owBbVMQAOLaMJXH,YhM92owBbVMQAOLaMJXH,2024-01-05 15:28:11.211000+00:00,004, ,, , 
net_ZhM92owBbVMQAOLaNZX4,ZhM92owBbVMQAOLaNZX4,2024-01-05 15:28:11.255000+00:00,004, ,, , 
net_aBM92owBbVMQAOLaNZX4,aBM92owBbVMQAOLaNZX4,2024-01-05 15:28:11.422000+00:00,004, ,, , 
net_8RM92owBbVMQAOLal5Wh,8RM92owBbVMQAOLal5Wh,2024-01-05 15:28:36.681000+00:00,004, ,, , 
net_9hM92owBbVMQAOLanJWH,9hM92owBbVMQAOLanJWH,2024-01-05 15:28:37.901000+00:00,004, ,, , 
net_9xM92owBbVMQAOLanJWH,9xM92owBbVMQAOLanJWH,2024-01-05 15:28:37.901000+00:00,004, ,, , 
net__xM92owBbVMQAOLanJWH,_xM92owBbVMQAOLanJWH,2024-01-05 15:28:37.902000+00:00,004, ,, , 
net_ABM92owBbVMQAOLanJaH,ABM92owBbVMQAOLanJaH,2024-01-05 15:28:37.902000+00:00,004, ,, , 
net_BBM92owBbVMQAOLanJaH,BBM92owBbVMQAOLanJaH,2024-01-05 15:28:38.254000+00:00,004, ,, , 
net_ChM92owBbVMQAOLaoJZ2,ChM92owBbVMQAOLaoJZ2,2024-01-05 15:28:38.856000+00:00,004, ,, , 
net_DBM92owBbVMQAOLaoJZ2,DBM92owBbVMQAOLaoJZ2,2024-01-05 15:28:38.986000+00:00,004, ,, , 
net_GRM92owBbVMQAOLapJaZ,GRM92owBbVMQAOLapJaZ,2024-01-05 15:28:40.094000+00:00,004, ,, , 
net_GhM92owBbVMQAOLapJaZ,GhM92owBbVMQAOLapJaZ,2024-01-05 15:28:40.235000+00:00,004, ,, , 
net_HxM92owBbVMQAOLaqJZ8,HxM92owBbVMQAOLaqJZ8,2024-01-05 15:28:41.562000+00:00,004, ,, , 
net_IRM92owBbVMQAOLaqJZ8,IRM92owBbVMQAOLaqJZ8,2024-01-05 15:28:41.569000+00:00,004, ,, , 
net_JxM92owBbVMQAOLaqJZ8,JxM92owBbVMQAOLaqJZ8,2024-01-05 15:28:41.687000+00:00,004, ,, , 
net_KBM92owBbVMQAOLaqJZ8,KBM92owBbVMQAOLaqJZ8,2024-01-05 15:28:41.687000+00:00,004, ,, , 
net_KRM92owBbVMQAOLaqJZ8,KRM92owBbVMQAOLaqJZ8,2024-01-05 15:28:41.687000+00:00,004, ,, , 
net_KhM92owBbVMQAOLaqJZ8,KhM92owBbVMQAOLaqJZ8,2024-01-05 15:28:41.678000+00:00,004, ,, , 
net_KxM92owBbVMQAOLaqJZ8,KxM92owBbVMQAOLaqJZ8,2024-01-05 15:28:41.678000+00:00,004, ,, , 
net_QRM92owBbVMQAOLaxZYV,QRM92owBbVMQAOLaxZYV,2024-01-05 15:28:48.253000+00:00,004, ,, , 
net_SBM92owBbVMQAOLayJZ6,SBM92owBbVMQAOLayJZ6,2024-01-05 15:28:50.004000+00:00,004, ,, , 
net_ShM92owBbVMQAOLa1ZaM,ShM92owBbVMQAOLa1ZaM,2024-01-05 15:28:51.805000+00:00,004, ,, , 
net_SxM92owBbVMQAOLa1ZaM,SxM92owBbVMQAOLa1ZaM,2024-01-05 15:28:51.805000+00:00,004, ,, , 
net_TRM92owBbVMQAOLa1ZaM,TRM92owBbVMQAOLa1ZaM,2024-01-05 15:28:51.883000+00:00,004, ,, , 
net_ThM92owBbVMQAOLa1ZaM,ThM92owBbVMQAOLa1ZaM,2024-01-05 15:28:52.130000+00:00,004, ,, , 
net_VBM92owBbVMQAOLa1ZaM,VBM92owBbVMQAOLa1ZaM,2024-01-05 15:28:54.162000+00:00,004, ,, , 
net_VRM92owBbVMQAOLa1ZaM,VRM92owBbVMQAOLa1ZaM,2024-01-05 15:28:54.157000+00:00,004, ,, , 
net_WRM92owBbVMQAOLa1ZaM,WRM92owBbVMQAOLa1ZaM,2024-01-05 15:28:54.156000+00:00,004, ,, , 
net_LBM92owBbVMQAOLarZYJ,LBM92owBbVMQAOLarZYJ,2024-01-05 15:28:41.681000+00:00,004, ,, , 
net_LRM92owBbVMQAOLarZYJ,LRM92owBbVMQAOLarZYJ,2024-01-05 15:28:41.684000+00:00,004, ,, , 
net_MhM92owBbVMQAOLatZYE,MhM92owBbVMQAOLatZYE,2024-01-05 15:28:43.844000+00:00,004, ,, , 
net_OxM92owBbVMQAOLavZYG,OxM92owBbVMQAOLavZYG,2024-01-05 15:28:46.218000+00:00,004, ,, , 
net_PRM92owBbVMQAOLavZYG,PRM92owBbVMQAOLavZYG,2024-01-05 15:28:47.666000+00:00,004, ,, , 
net_bxM92owBbVMQAOLa9JZS,bxM92owBbVMQAOLa9JZS,2024-01-05 15:28:59.888000+00:00,004, ,, , 
net_dxM92owBbVMQAOLa9JZS,dxM92owBbVMQAOLa9JZS,2024-01-05 15:29:00.147000+00:00,004, ,, , 
net_fhM-2owBbVMQAOLaAJZj,fhM-2owBbVMQAOLaAJZj,2024-01-05 15:29:03.911000+00:00,004, ,, , 
net_gxM-2owBbVMQAOLaAJZj,gxM-2owBbVMQAOLaAJZj,2024-01-05 15:29:03.912000+00:00,004, ,, , 
net_hBM-2owBbVMQAOLaAJZj,hBM-2owBbVMQAOLaAJZj,2024-01-05 15:29:03.912000+00:00,004, ,, , 
net_iRM-2owBbVMQAOLaAJZj,iRM-2owBbVMQAOLaAJZj,2024-01-05 15:29:03.918000+00:00,004, ,, , 
net_ahM92owBbVMQAOLa6Jb8,ahM92owBbVMQAOLa6Jb8,2024-01-05 15:28:57.985000+00:00,004, ,, , 
net_axM92owBbVMQAOLa6Jb8,axM92owBbVMQAOLa6Jb8,2024-01-05 15:28:58.175000+00:00,004, ,, , 
net_YhM_2owBbVMQAOLaeZgx,YhM_2owBbVMQAOLaeZgx,2024-01-05 15:30:39.291000+00:00,004, ,, , 
net_ZRM_2owBbVMQAOLaeZgx,ZRM_2owBbVMQAOLaeZgx,2024-01-05 15:30:39.291000+00:00,004, ,, , 
net_aRM_2owBbVMQAOLaeZgx,aRM_2owBbVMQAOLaeZgx,2024-01-05 15:30:39.339000+00:00,004, ,, , 
net_bBM_2owBbVMQAOLaeZgx,bBM_2owBbVMQAOLaeZgx,2024-01-05 15:30:39.343000+00:00,004, ,, , 
net_bxM_2owBbVMQAOLaeZgx,bxM_2owBbVMQAOLaeZgx,2024-01-05 15:30:39.343000+00:00,004, ,, , 
net_cBM_2owBbVMQAOLaeZgx,cBM_2owBbVMQAOLaeZgx,2024-01-05 15:30:39.347000+00:00,004, ,, , 
net_cRM_2owBbVMQAOLaeZgx,cRM_2owBbVMQAOLaeZgx,2024-01-05 15:30:39.347000+00:00,004, ,, , 
net_dxM_2owBbVMQAOLaeZgx,dxM_2owBbVMQAOLaeZgx,2024-01-05 15:30:39.452000+00:00,004, ,, , 
net_eRM_2owBbVMQAOLaeZgx,eRM_2owBbVMQAOLaeZgx,2024-01-05 15:30:39.342000+00:00,004, ,, , 
net_fRM_2owBbVMQAOLaeZgx,fRM_2owBbVMQAOLaeZgx,2024-01-05 15:30:39.340000+00:00,004, ,, , 
net_hhM_2owBbVMQAOLafZiI,hhM_2owBbVMQAOLafZiI,2024-01-05 15:30:41.152000+00:00,004, ,, , 
net_iBM_2owBbVMQAOLafZiI,iBM_2owBbVMQAOLafZiI,2024-01-05 15:30:41.152000+00:00,004, ,, , 
net_iRM_2owBbVMQAOLafZiI,iRM_2owBbVMQAOLafZiI,2024-01-05 15:30:41.155000+00:00,004, ,, , 
net_jxM_2owBbVMQAOLafZiI,jxM_2owBbVMQAOLafZiI,2024-01-05 15:30:41.154000+00:00,004, ,, , 
net_kxM_2owBbVMQAOLafZiI,kxM_2owBbVMQAOLafZiI,2024-01-05 15:30:41.271000+00:00,004, ,, , 
net_lhM_2owBbVMQAOLagJj7,lhM_2owBbVMQAOLagJj7,2024-01-05 15:30:42.949000+00:00,004, ,, , 
net_mBM_2owBbVMQAOLagJj7,mBM_2owBbVMQAOLagJj7,2024-01-05 15:30:42.952000+00:00,004, ,, , 
net_mRM_2owBbVMQAOLagJj7,mRM_2owBbVMQAOLagJj7,2024-01-05 15:30:42.952000+00:00,004, ,, , 
net_mxM_2owBbVMQAOLagJj7,mxM_2owBbVMQAOLagJj7,2024-01-05 15:30:42.958000+00:00,004, ,, , 
net_nxM_2owBbVMQAOLagJj7,nxM_2owBbVMQAOLagJj7,2024-01-05 15:30:42.971000+00:00,004, ,, , 
net_oBM_2owBbVMQAOLagJj7,oBM_2owBbVMQAOLagJj7,2024-01-05 15:30:42.972000+00:00,004, ,, , 
net_oRM_2owBbVMQAOLagJj7,oRM_2owBbVMQAOLagJj7,2024-01-05 15:30:42.975000+00:00,004, ,, , 
net_oxM_2owBbVMQAOLagJj7,oxM_2owBbVMQAOLagJj7,2024-01-05 15:30:42.978000+00:00,004, ,, , 
net_qxM_2owBbVMQAOLagJj7,qxM_2owBbVMQAOLagJj7,2024-01-05 15:30:43.011000+00:00,004, ,, , 
net_rBM_2owBbVMQAOLagJj7,rBM_2owBbVMQAOLagJj7,2024-01-05 15:30:43.011000+00:00,004, ,, , 
net_rhM_2owBbVMQAOLagJj7,rhM_2owBbVMQAOLagJj7,2024-01-05 15:30:43.012000+00:00,004, ,, , 
net_rxM_2owBbVMQAOLagJj7,rxM_2owBbVMQAOLagJj7,2024-01-05 15:30:43.012000+00:00,004, ,, , 
net_shM_2owBbVMQAOLahJjG,shM_2owBbVMQAOLahJjG,2024-01-05 15:30:43.031000+00:00,004, ,, , 
net_sxM_2owBbVMQAOLahJjG,sxM_2owBbVMQAOLahJjG,2024-01-05 15:30:43.031000+00:00,004, ,, , 
net_txM_2owBbVMQAOLahJjG,txM_2owBbVMQAOLahJjG,2024-01-05 15:30:43.038000+00:00,004, ,, , 
net_uhM_2owBbVMQAOLaiJjg,uhM_2owBbVMQAOLaiJjg,2024-01-05 15:30:44.949000+00:00,004, ,, , 
net_vBM_2owBbVMQAOLaiJjg,vBM_2owBbVMQAOLaiJjg,2024-01-05 15:30:44.956000+00:00,004, ,, , 
net_wBM_2owBbVMQAOLaiJjg,wBM_2owBbVMQAOLaiJjg,2024-01-05 15:30:44.963000+00:00,004, ,, , 
net_wRM_2owBbVMQAOLaiJjg,wRM_2owBbVMQAOLaiJjg,2024-01-05 15:30:44.966000+00:00,004, ,, , 
net_xhM_2owBbVMQAOLaiJjg,xhM_2owBbVMQAOLaiJjg,2024-01-05 15:30:44.978000+00:00,004, ,, , 
net_zBM_2owBbVMQAOLaiJjg,zBM_2owBbVMQAOLaiJjg,2024-01-05 15:30:44.989000+00:00,004, ,, , 
net_zhM_2owBbVMQAOLaiJjg,zhM_2owBbVMQAOLaiJjg,2024-01-05 15:30:44.994000+00:00,004, ,, , 
net_0BM_2owBbVMQAOLaiJjg,0BM_2owBbVMQAOLaiJjg,2024-01-05 15:30:45+00:00,004, ,, , 
net_0RM_2owBbVMQAOLaiJjg,0RM_2owBbVMQAOLaiJjg,2024-01-05 15:30:45.001000+00:00,004, ,, , 
net_1RM_2owBbVMQAOLaiJjg,1RM_2owBbVMQAOLaiJjg,2024-01-05 15:30:45.009000+00:00,004, ,, , 
net_1hM_2owBbVMQAOLaiJjg,1hM_2owBbVMQAOLaiJjg,2024-01-05 15:30:45.009000+00:00,004, ,, , 
net_2hM_2owBbVMQAOLaiJjg,2hM_2owBbVMQAOLaiJjg,2024-01-05 15:30:45.021000+00:00,004, ,, , 
net_2xM_2owBbVMQAOLaiJjg,2xM_2owBbVMQAOLaiJjg,2024-01-05 15:30:45.021000+00:00,004, ,, , 
net_4RM_2owBbVMQAOLajJiY,4RM_2owBbVMQAOLajJiY,2024-01-05 15:30:45.036000+00:00,004, ,, , 
net_4xM_2owBbVMQAOLajJiY,4xM_2owBbVMQAOLajJiY,2024-01-05 15:30:45.084000+00:00,004, ,, , 
net_5BM_2owBbVMQAOLakZg-,5BM_2owBbVMQAOLakZg-,2024-01-05 15:30:46.951000+00:00,004, ,, , 
net_5xM_2owBbVMQAOLakZg-,5xM_2owBbVMQAOLakZg-,2024-01-05 15:30:46.958000+00:00,004, ,, , 
net_6BM_2owBbVMQAOLakZg-,6BM_2owBbVMQAOLakZg-,2024-01-05 15:30:46.958000+00:00,004, ,, , 
net_7BM_2owBbVMQAOLakZg-,7BM_2owBbVMQAOLakZg-,2024-01-05 15:30:46.967000+00:00,004, ,, , 
net_7RM_2owBbVMQAOLakZg-,7RM_2owBbVMQAOLakZg-,2024-01-05 15:30:46.970000+00:00,004, ,, , 
net_8BM_2owBbVMQAOLakZg-,8BM_2owBbVMQAOLakZg-,2024-01-05 15:30:46.977000+00:00,004, ,, , 
net_8hM_2owBbVMQAOLakZg-,8hM_2owBbVMQAOLakZg-,2024-01-05 15:30:46.983000+00:00,004, ,, , 
net_9RM_2owBbVMQAOLakZg-,9RM_2owBbVMQAOLakZg-,2024-01-05 15:30:46.990000+00:00,004, ,, , 
net_9hM_2owBbVMQAOLakZg-,9hM_2owBbVMQAOLakZg-,2024-01-05 15:30:46.991000+00:00,004, ,, , 
net_'-BM_2owBbVMQAOLakZg-,'-BM_2owBbVMQAOLakZg-,2024-01-05 15:30:46.995000+00:00,004, ,, , 
net_'-hM_2owBbVMQAOLakZg-,'-hM_2owBbVMQAOLakZg-,2024-01-05 15:30:47.005000+00:00,004, ,, , 
net_ABM_2owBbVMQAOLakZk-,ABM_2owBbVMQAOLakZk-,2024-01-05 15:30:47.028000+00:00,004, ,, , 
net_CRM_2owBbVMQAOLakZk-,CRM_2owBbVMQAOLakZk-,2024-01-05 15:30:47.039000+00:00,004, ,, , 
net_PhM_2owBbVMQAOLatJnq,PhM_2owBbVMQAOLatJnq,2024-01-05 15:30:55.222000+00:00,004, ,, , 
net_PxM_2owBbVMQAOLatJnq,PxM_2owBbVMQAOLatJnq,2024-01-05 15:30:55.243000+00:00,004, ,, , 
net_QRM_2owBbVMQAOLatJnq,QRM_2owBbVMQAOLatJnq,2024-01-05 15:30:55.259000+00:00,004, ,, , 
net_QhM_2owBbVMQAOLatJnq,QhM_2owBbVMQAOLatJnq,2024-01-05 15:30:55.260000+00:00,004, ,, , 
net_QxM_2owBbVMQAOLatJnq,QxM_2owBbVMQAOLatJnq,2024-01-05 15:30:55.260000+00:00,004, ,, , 
net_RBM_2owBbVMQAOLatJnq,RBM_2owBbVMQAOLatJnq,2024-01-05 15:30:55.260000+00:00,004, ,, , 
net_RhM_2owBbVMQAOLatJnq,RhM_2owBbVMQAOLatJnq,2024-01-05 15:30:55.294000+00:00,004, ,, , 
net_SBM_2owBbVMQAOLatJnq,SBM_2owBbVMQAOLatJnq,2024-01-05 15:30:55.297000+00:00,004, ,, , 
net_SxM_2owBbVMQAOLatJnq,SxM_2owBbVMQAOLatJnq,2024-01-05 15:30:55.295000+00:00,004, ,, , 
net_TBM_2owBbVMQAOLatJnq,TBM_2owBbVMQAOLatJnq,2024-01-05 15:30:55.297000+00:00,004, ,, , 
net_TRM_2owBbVMQAOLatJnq,TRM_2owBbVMQAOLatJnq,2024-01-05 15:30:55.297000+00:00,004, ,, , 
net_ThM_2owBbVMQAOLatJnq,ThM_2owBbVMQAOLatJnq,2024-01-05 15:30:55.296000+00:00,004, ,, , 
net_URM_2owBbVMQAOLatJnq,URM_2owBbVMQAOLatJnq,2024-01-05 15:30:55.491000+00:00,004, ,, , 
net_UhM_2owBbVMQAOLauJni,UhM_2owBbVMQAOLauJni,2024-01-05 15:30:57.194000+00:00,004, ,, , 
net_UxM_2owBbVMQAOLauJni,UxM_2owBbVMQAOLauJni,2024-01-05 15:30:57.194000+00:00,004, ,, , 
net_VBM_2owBbVMQAOLauJni,VBM_2owBbVMQAOLauJni,2024-01-05 15:30:57.194000+00:00,004, ,, , 
net_XhM_2owBbVMQAOLavZkX,XhM_2owBbVMQAOLavZkX,2024-01-05 15:30:57.320000+00:00,004, ,, , 
net_XxM_2owBbVMQAOLavZkX,XxM_2owBbVMQAOLavZkX,2024-01-05 15:30:57.324000+00:00,004, ,, , 
net_ZBM_2owBbVMQAOLawZli,ZBM_2owBbVMQAOLawZli,2024-01-05 15:30:59.263000+00:00,004, ,, , 
net_ZRM_2owBbVMQAOLawZli,ZRM_2owBbVMQAOLawZli,2024-01-05 15:30:59.268000+00:00,004, ,, , 
net_ZxM_2owBbVMQAOLawZli,ZxM_2owBbVMQAOLawZli,2024-01-05 15:30:59.313000+00:00,004, ,, , 
net_aRM_2owBbVMQAOLawZli,aRM_2owBbVMQAOLawZli,2024-01-05 15:30:59.313000+00:00,004, ,, , 
net_axM_2owBbVMQAOLawZli,axM_2owBbVMQAOLawZli,2024-01-05 15:30:59.349000+00:00,004, ,, , 
net_bRM_2owBbVMQAOLawZli,bRM_2owBbVMQAOLawZli,2024-01-05 15:30:59.357000+00:00,004, ,, , 
net_bxM_2owBbVMQAOLawZli,bxM_2owBbVMQAOLawZli,2024-01-05 15:30:59.358000+00:00,004, ,, , 
net_chM_2owBbVMQAOLawZli,chM_2owBbVMQAOLawZli,2024-01-05 15:30:59.445000+00:00,004, ,, , 
net_NhNA2owBbVMQAOLaOZqo,NhNA2owBbVMQAOLaOZqo,2024-01-05 15:31:28.507000+00:00,004, ,, , 
net_ORNA2owBbVMQAOLaOZqo,ORNA2owBbVMQAOLaOZqo,2024-01-05 15:31:28.511000+00:00,004, ,, , 
net_OhNA2owBbVMQAOLaOZqo,OhNA2owBbVMQAOLaOZqo,2024-01-05 15:31:28.507000+00:00,004, ,, , 
net_QxNA2owBbVMQAOLaOZqo,QxNA2owBbVMQAOLaOZqo,2024-01-05 15:31:30.210000+00:00,004, ,, , 
net_RBNA2owBbVMQAOLaOZqo,RBNA2owBbVMQAOLaOZqo,2024-01-05 15:31:30.221000+00:00,004, ,, , 
net_RRNA2owBbVMQAOLaOZqo,RRNA2owBbVMQAOLaOZqo,2024-01-05 15:31:30.222000+00:00,004, ,, , 
net_ShNA2owBbVMQAOLaPZpa,ShNA2owBbVMQAOLaPZpa,2024-01-05 15:31:30.342000+00:00,004, ,, , 
net_SxNA2owBbVMQAOLaPZpa,SxNA2owBbVMQAOLaPZpa,2024-01-05 15:31:30.343000+00:00,004, ,, , 
net_TBNA2owBbVMQAOLaPZpa,TBNA2owBbVMQAOLaPZpa,2024-01-05 15:31:30.563000+00:00,004, ,, , 
net_ThNA2owBbVMQAOLaPZpa,ThNA2owBbVMQAOLaPZpa,2024-01-05 15:31:30.563000+00:00,004, ,, , 
net_VBNA2owBbVMQAOLaRZpc,VBNA2owBbVMQAOLaRZpc,2024-01-05 15:31:32.278000+00:00,004, ,, , 
net_VRNA2owBbVMQAOLaRZpc,VRNA2owBbVMQAOLaRZpc,2024-01-05 15:31:32.278000+00:00,004, ,, , 
net_VhNA2owBbVMQAOLaRZpc,VhNA2owBbVMQAOLaRZpc,2024-01-05 15:31:32.291000+00:00,004, ,, , 
net_WBNA2owBbVMQAOLaRZpc,WBNA2owBbVMQAOLaRZpc,2024-01-05 15:31:32.293000+00:00,004, ,, , 
net_XRNA2owBbVMQAOLaRZpc,XRNA2owBbVMQAOLaRZpc,2024-01-05 15:31:32.417000+00:00,004, ,, , 
net_aBNA2owBbVMQAOLaSZqY,aBNA2owBbVMQAOLaSZqY,2024-01-05 15:31:34.225000+00:00,004, ,, , 
net_aRNA2owBbVMQAOLaSZqY,aRNA2owBbVMQAOLaSZqY,2024-01-05 15:31:34.225000+00:00,004, ,, , 
net_zBNA2owBbVMQAOLaApkg,zBNA2owBbVMQAOLaApkg,2024-01-05 15:31:14.011000+00:00,004, ,, , 
net_zRNA2owBbVMQAOLaApkg,zRNA2owBbVMQAOLaApkg,2024-01-05 15:31:14.012000+00:00,004, ,, , 
net_zxNA2owBbVMQAOLaApkg,zxNA2owBbVMQAOLaApkg,2024-01-05 15:31:14.013000+00:00,004, ,, , 
net_0hNA2owBbVMQAOLaApkg,0hNA2owBbVMQAOLaApkg,2024-01-05 15:31:14.013000+00:00,004, ,, , 
net_1BNA2owBbVMQAOLaApkg,1BNA2owBbVMQAOLaApkg,2024-01-05 15:31:14.013000+00:00,004, ,, , 
net_1hNA2owBbVMQAOLaApkg,1hNA2owBbVMQAOLaApkg,2024-01-05 15:31:14.012000+00:00,004, ,, , 
net_1xNA2owBbVMQAOLaApkg,1xNA2owBbVMQAOLaApkg,2024-01-05 15:31:14.012000+00:00,004, ,, , 
net_2hNA2owBbVMQAOLaApkg,2hNA2owBbVMQAOLaApkg,2024-01-05 15:31:15.610000+00:00,004, ,, , 
net_3hNA2owBbVMQAOLaApkg,3hNA2owBbVMQAOLaApkg,2024-01-05 15:31:15.726000+00:00,004, ,, , 
net_4BNA2owBbVMQAOLaApkg,4BNA2owBbVMQAOLaApkg,2024-01-05 15:31:15.742000+00:00,004, ,, , 
net_4hNA2owBbVMQAOLaBZnq,4hNA2owBbVMQAOLaBZnq,2024-01-05 15:31:15.739000+00:00,004, ,, , 
net_5BNA2owBbVMQAOLaBZnq,5BNA2owBbVMQAOLaBZnq,2024-01-05 15:31:15.829000+00:00,004, ,, , 
net_5RNA2owBbVMQAOLaBZnq,5RNA2owBbVMQAOLaBZnq,2024-01-05 15:31:15.830000+00:00,004, ,, , 
net_6BNA2owBbVMQAOLaC5kM,6BNA2owBbVMQAOLaC5kM,2024-01-05 15:31:17.822000+00:00,004, ,, , 
net_6xNA2owBbVMQAOLaDpmC,6xNA2owBbVMQAOLaDpmC,2024-01-05 15:31:17.883000+00:00,004, ,, , 
net_7hNA2owBbVMQAOLaDpmC,7hNA2owBbVMQAOLaDpmC,2024-01-05 15:31:18.116000+00:00,004, ,, , 
net_nxM_2owBbVMQAOLa3ZkX,nxM_2owBbVMQAOLa3ZkX,2024-01-05 15:31:05.392000+00:00,004, ,, , 
net_oBM_2owBbVMQAOLa3ZkX,oBM_2owBbVMQAOLa3ZkX,2024-01-05 15:31:05.397000+00:00,004, ,, , 
net_pBM_2owBbVMQAOLa3ZkX,pBM_2owBbVMQAOLa3ZkX,2024-01-05 15:31:05.672000+00:00,004, ,, , 
net_qRM_2owBbVMQAOLa3ZkX,qRM_2owBbVMQAOLa3ZkX,2024-01-05 15:31:05.792000+00:00,004, ,, , 
net_qxM_2owBbVMQAOLa3ZkX,qxM_2owBbVMQAOLa3ZkX,2024-01-05 15:31:05.736000+00:00,004, ,, , 
net_rRM_2owBbVMQAOLa3ZkX,rRM_2owBbVMQAOLa3ZkX,2024-01-05 15:31:05.895000+00:00,004, ,, , 
net_rhM_2owBbVMQAOLa4Zk-,rhM_2owBbVMQAOLa4Zk-,2024-01-05 15:31:07.548000+00:00,004, ,, , 
net_sRM_2owBbVMQAOLa5ZmG,sRM_2owBbVMQAOLa5ZmG,2024-01-05 15:31:07.557000+00:00,004, ,, , 
net_sxM_2owBbVMQAOLa5ZmG,sxM_2owBbVMQAOLa5ZmG,2024-01-05 15:31:07.652000+00:00,004, ,, , 
net_tRM_2owBbVMQAOLa5ZmG,tRM_2owBbVMQAOLa5ZmG,2024-01-05 15:31:07.654000+00:00,004, ,, , 
net_txM_2owBbVMQAOLa6ZlO,txM_2owBbVMQAOLa6ZlO,2024-01-05 15:31:09.466000+00:00,004, ,, , 
net_uBM_2owBbVMQAOLa6ZlO,uBM_2owBbVMQAOLa6ZlO,2024-01-05 15:31:09.460000+00:00,004, ,, , 
net_wxM_2owBbVMQAOLa6ZlO,wxM_2owBbVMQAOLa6ZlO,2024-01-05 15:31:09.715000+00:00,004, ,, , 
net_xxM_2owBbVMQAOLa9ZmB,xxM_2owBbVMQAOLa9ZmB,2024-01-05 15:31:11.626000+00:00,004, ,, , 
net_yhM_2owBbVMQAOLa9ZmB,yhM_2owBbVMQAOLa9ZmB,2024-01-05 15:31:11.734000+00:00,004, ,, , 
net_9hNA2owBbVMQAOLaEpnh,9hNA2owBbVMQAOLaEpnh,2024-01-05 15:31:19.637000+00:00,004, ,, , 
net_9xNA2owBbVMQAOLaEpnh,9xNA2owBbVMQAOLaEpnh,2024-01-05 15:31:19.637000+00:00,004, ,, , 
net__RNA2owBbVMQAOLaGZl6,_RNA2owBbVMQAOLaGZl6,2024-01-05 15:31:21.675000+00:00,004, ,, , 
net_ABNA2owBbVMQAOLaGZp6,ABNA2owBbVMQAOLaGZp6,2024-01-05 15:31:20.327000+00:00,004, ,, , 
net_AhNA2owBbVMQAOLaGZp6,AhNA2owBbVMQAOLaGZp6,2024-01-05 15:31:20.327000+00:00,004, ,, , 
net_BhNA2owBbVMQAOLaGZp6,BhNA2owBbVMQAOLaGZp6,2024-01-05 15:31:20.367000+00:00,004, ,, , 
net_CBNA2owBbVMQAOLaGZp6,CBNA2owBbVMQAOLaGZp6,2024-01-05 15:31:20.335000+00:00,004, ,, , 
net_DBNA2owBbVMQAOLaHZqr,DBNA2owBbVMQAOLaHZqr,2024-01-05 15:31:22.281000+00:00,004, ,, , 
net_DhNA2owBbVMQAOLaHZqr,DhNA2owBbVMQAOLaHZqr,2024-01-05 15:31:22.301000+00:00,004, ,, , 
net_ExNA2owBbVMQAOLaHZqr,ExNA2owBbVMQAOLaHZqr,2024-01-05 15:31:22.416000+00:00,004, ,, , 
net_FBNA2owBbVMQAOLaHZqr,FBNA2owBbVMQAOLaHZqr,2024-01-05 15:31:22.545000+00:00,004, ,, , 
net_FRNA2owBbVMQAOLaHZqr,FRNA2owBbVMQAOLaHZqr,2024-01-05 15:31:22.545000+00:00,004, ,, , 
net_GRNA2owBbVMQAOLaHZqr,GRNA2owBbVMQAOLaHZqr,2024-01-05 15:31:22.601000+00:00,004, ,, , 
net_GhNA2owBbVMQAOLaHZqr,GhNA2owBbVMQAOLaHZqr,2024-01-05 15:31:22.602000+00:00,004, ,, , 
net_DhM_2owBbVMQAOLanJnt,DhM_2owBbVMQAOLanJnt,2024-01-05 15:30:49.015000+00:00,004, ,, , 
net_ExM_2owBbVMQAOLanJnt,ExM_2owBbVMQAOLanJnt,2024-01-05 15:30:49.299000+00:00,004, ,, , 
net_FBM_2owBbVMQAOLanJnt,FBM_2owBbVMQAOLanJnt,2024-01-05 15:30:49.350000+00:00,004, ,, , 
net_FRM_2owBbVMQAOLanJnt,FRM_2owBbVMQAOLanJnt,2024-01-05 15:30:49.351000+00:00,004, ,, , 
net_FhM_2owBbVMQAOLanJnt,FhM_2owBbVMQAOLanJnt,2024-01-05 15:30:49.351000+00:00,004, ,, , 
net_HRM_2owBbVMQAOLanJnt,HRM_2owBbVMQAOLanJnt,2024-01-05 15:30:49.377000+00:00,004, ,, , 
net_IRM_2owBbVMQAOLaoZkv,IRM_2owBbVMQAOLaoZkv,2024-01-05 15:30:49.423000+00:00,004, ,, , 
net_JRM_2owBbVMQAOLapZk3,JRM_2owBbVMQAOLapZk3,2024-01-05 15:30:51.183000+00:00,004, ,, , 
net_LRM_2owBbVMQAOLapZlG,LRM_2owBbVMQAOLapZlG,2024-01-05 15:30:51.340000+00:00,004, ,, , 
net_LhM_2owBbVMQAOLapZlG,LhM_2owBbVMQAOLapZlG,2024-01-05 15:30:51.340000+00:00,004, ,, , 
net_MBM_2owBbVMQAOLaqJmw,MBM_2owBbVMQAOLaqJmw,2024-01-05 15:30:51.600000+00:00,004, ,, , 
net_NxM_2owBbVMQAOLarJnP,NxM_2owBbVMQAOLarJnP,2024-01-05 15:30:53.418000+00:00,004, ,, , 
net_PRM_2owBbVMQAOLarJnP,PRM_2owBbVMQAOLarJnP,2024-01-05 15:30:55.221000+00:00,004, ,, , 
net_dhM_2owBbVMQAOLa0Jmv,dhM_2owBbVMQAOLa0Jmv,2024-01-05 15:31:01.475000+00:00,004, ,, , 
net_fRM_2owBbVMQAOLa0Jmv,fRM_2owBbVMQAOLa0Jmv,2024-01-05 15:31:01.730000+00:00,004, ,, , 
net_fxM_2owBbVMQAOLa0Jmv,fxM_2owBbVMQAOLa0Jmv,2024-01-05 15:31:01.753000+00:00,004, ,, , 
net_hhM_2owBbVMQAOLa1ZmR,hhM_2owBbVMQAOLa1ZmR,2024-01-05 15:31:03.455000+00:00,004, ,, , 
net_iBM_2owBbVMQAOLa1ZmR,iBM_2owBbVMQAOLa1ZmR,2024-01-05 15:31:03.464000+00:00,004, ,, , 
net_jBM_2owBbVMQAOLa1ZmR,jBM_2owBbVMQAOLa1ZmR,2024-01-05 15:31:03.473000+00:00,004, ,, , 
net_jhM_2owBbVMQAOLa1ZmR,jhM_2owBbVMQAOLa1ZmR,2024-01-05 15:31:03.480000+00:00,004, ,, , 
net_jxM_2owBbVMQAOLa1ZmR,jxM_2owBbVMQAOLa1ZmR,2024-01-05 15:31:03.577000+00:00,004, ,, , 
net_kRM_2owBbVMQAOLa1ZmR,kRM_2owBbVMQAOLa1ZmR,2024-01-05 15:31:03.599000+00:00,004, ,, , 
net_mBM_2owBbVMQAOLa2Zke,mBM_2owBbVMQAOLa2Zke,2024-01-05 15:31:05.384000+00:00,004, ,, , 
net_mRM_2owBbVMQAOLa2Zke,mRM_2owBbVMQAOLa2Zke,2024-01-05 15:31:05.381000+00:00,004, ,, , 
net_nRM_2owBbVMQAOLa2Zke,nRM_2owBbVMQAOLa2Zke,2024-01-05 15:31:05.390000+00:00,004, ,, , 
net_HBNA2owBbVMQAOLaKZqs,HBNA2owBbVMQAOLaKZqs,2024-01-05 15:31:24.190000+00:00,004, ,, , 
net_HRNA2owBbVMQAOLaKZqs,HRNA2owBbVMQAOLaKZqs,2024-01-05 15:31:24.196000+00:00,004, ,, , 
net_JBNA2owBbVMQAOLaKZqs,JBNA2owBbVMQAOLaKZqs,2024-01-05 15:31:24.540000+00:00,004, ,, , 
net_KBNA2owBbVMQAOLaKZqs,KBNA2owBbVMQAOLaKZqs,2024-01-05 15:31:24.541000+00:00,004, ,, , 
net_KRNA2owBbVMQAOLaKZqs,KRNA2owBbVMQAOLaKZqs,2024-01-05 15:31:24.541000+00:00,004, ,, , 
net_MRNA2owBbVMQAOLaLZqI,MRNA2owBbVMQAOLaLZqI,2024-01-05 15:31:26.430000+00:00,004, ,, , 
net_MhNA2owBbVMQAOLaLZqI,MhNA2owBbVMQAOLaLZqI,2024-01-05 15:31:26.443000+00:00,004, ,, , 
net_BBND2owBbVMQAOLaHp3u,BBND2owBbVMQAOLaHp3u,2024-01-05 15:34:38.147000+00:00,004, ,, , 
net_BRND2owBbVMQAOLaHp3u,BRND2owBbVMQAOLaHp3u,2024-01-05 15:34:38.148000+00:00,004, ,, , 
net_BhND2owBbVMQAOLaIp2-,BhND2owBbVMQAOLaIp2-,2024-01-05 15:34:40.232000+00:00,004, ,, , 
net_BxND2owBbVMQAOLaIp2-,BxND2owBbVMQAOLaIp2-,2024-01-05 15:34:40.232000+00:00,004, ,, , 
net_ChND2owBbVMQAOLaIp2-,ChND2owBbVMQAOLaIp2-,2024-01-05 15:34:40.235000+00:00,004, ,, , 
net_CxND2owBbVMQAOLaIp2-,CxND2owBbVMQAOLaIp2-,2024-01-05 15:34:40.232000+00:00,004, ,, , 
net_DRND2owBbVMQAOLaIp2-,DRND2owBbVMQAOLaIp2-,2024-01-05 15:34:40.232000+00:00,004, ,, , 
net_DhND2owBbVMQAOLaIp2-,DhND2owBbVMQAOLaIp2-,2024-01-05 15:34:40.232000+00:00,004, ,, , 
net_FxND2owBbVMQAOLaIp2-,FxND2owBbVMQAOLaIp2-,2024-01-05 15:34:40.709000+00:00,004, ,, , 
net_IBND2owBbVMQAOLaIp2-,IBND2owBbVMQAOLaIp2-,2024-01-05 15:34:40.935000+00:00,004, ,, , 
net_RBNB2owBbVMQAOLaH5x-,RBNB2owBbVMQAOLaH5x-,2024-01-05 15:32:28.737000+00:00,004, ,, , 
net_RRNB2owBbVMQAOLaH5x-,RRNB2owBbVMQAOLaH5x-,2024-01-05 15:32:28.843000+00:00,004, ,, , 
net_ThNB2owBbVMQAOLaJ5yA,ThNB2owBbVMQAOLaJ5yA,2024-01-05 15:32:30.569000+00:00,004, ,, , 
net_TxNB2owBbVMQAOLaJ5yA,TxNB2owBbVMQAOLaJ5yA,2024-01-05 15:32:30.569000+00:00,004, ,, , 
net_UBNB2owBbVMQAOLaJ5yA,UBNB2owBbVMQAOLaJ5yA,2024-01-05 15:32:30.569000+00:00,004, ,, , 
net_URNB2owBbVMQAOLaJ5yA,URNB2owBbVMQAOLaJ5yA,2024-01-05 15:32:30.569000+00:00,004, ,, , 
net_UhNB2owBbVMQAOLaJ5yA,UhNB2owBbVMQAOLaJ5yA,2024-01-05 15:32:30.569000+00:00,004, ,, , 
net_VRNB2owBbVMQAOLaJ5yA,VRNB2owBbVMQAOLaJ5yA,2024-01-05 15:32:30.698000+00:00,004, ,, , 
net_VhNB2owBbVMQAOLaM5xp,VhNB2owBbVMQAOLaM5xp,2024-01-05 15:32:32.739000+00:00,004, ,, , 
net_WBNB2owBbVMQAOLaM5xp,WBNB2owBbVMQAOLaM5xp,2024-01-05 15:32:32.742000+00:00,004, ,, , 
net_WhNB2owBbVMQAOLaM5xp,WhNB2owBbVMQAOLaM5xp,2024-01-05 15:32:32.742000+00:00,004, ,, , 
net_XRNB2owBbVMQAOLaM5xp,XRNB2owBbVMQAOLaM5xp,2024-01-05 15:32:32.743000+00:00,004, ,, , 
net_aBNB2owBbVMQAOLaN5yo,aBNB2owBbVMQAOLaN5yo,2024-01-05 15:32:34.796000+00:00,004, ,, , 
net_aRNB2owBbVMQAOLaN5yo,aRNB2owBbVMQAOLaN5yo,2024-01-05 15:32:34.796000+00:00,004, ,, , 
net_bxNB2owBbVMQAOLaN5yo,bxNB2owBbVMQAOLaN5yo,2024-01-05 15:32:34.926000+00:00,004, ,, , 
net_chNB2owBbVMQAOLaN5yo,chNB2owBbVMQAOLaN5yo,2024-01-05 15:32:34.974000+00:00,004, ,, , 
net_cxNB2owBbVMQAOLaN5yo,cxNB2owBbVMQAOLaN5yo,2024-01-05 15:32:34.989000+00:00,004, ,, , 
net_dRNB2owBbVMQAOLaP5yU,dRNB2owBbVMQAOLaP5yU,2024-01-05 15:32:36.742000+00:00,004, ,, , 
net_dxNB2owBbVMQAOLaP5yU,dxNB2owBbVMQAOLaP5yU,2024-01-05 15:32:36.747000+00:00,004, ,, , 
net_eRNB2owBbVMQAOLaP5yU,eRNB2owBbVMQAOLaP5yU,2024-01-05 15:32:36.754000+00:00,004, ,, , 
net_ehNB2owBbVMQAOLaP5yU,ehNB2owBbVMQAOLaP5yU,2024-01-05 15:32:36.819000+00:00,004, ,, , 
net_exNB2owBbVMQAOLaP5yU,exNB2owBbVMQAOLaP5yU,2024-01-05 15:32:36.858000+00:00,004, ,, , 
net_gBNB2owBbVMQAOLaP5yU,gBNB2owBbVMQAOLaP5yU,2024-01-05 15:32:36.862000+00:00,004, ,, , 
net_zRNB2owBbVMQAOLazZzp,zRNB2owBbVMQAOLazZzp,2024-01-05 15:33:04.886000+00:00,004, ,, , 
net_zhNB2owBbVMQAOLazZzp,zhNB2owBbVMQAOLazZzp,2024-01-05 15:33:04.879000+00:00,004, ,, , 
net_0BNB2owBbVMQAOLazZzp,0BNB2owBbVMQAOLazZzp,2024-01-05 15:33:04.992000+00:00,004, ,, , 
net_0hNB2owBbVMQAOLazZzp,0hNB2owBbVMQAOLazZzp,2024-01-05 15:33:05.003000+00:00,004, ,, , 
net_1RNB2owBbVMQAOLazZzp,1RNB2owBbVMQAOLazZzp,2024-01-05 15:33:05.006000+00:00,004, ,, , 
net_1xNB2owBbVMQAOLazZzp,1xNB2owBbVMQAOLazZzp,2024-01-05 15:33:05.007000+00:00,004, ,, , 
net_2RNB2owBbVMQAOLazZzp,2RNB2owBbVMQAOLazZzp,2024-01-05 15:33:05.130000+00:00,004, ,, , 
net_2hNB2owBbVMQAOLazZzp,2hNB2owBbVMQAOLazZzp,2024-01-05 15:33:05.237000+00:00,004, ,, , 
net_3BNB2owBbVMQAOLazZzp,3BNB2owBbVMQAOLazZzp,2024-01-05 15:33:06.952000+00:00,004, ,, , 
net_3RNB2owBbVMQAOLazZzp,3RNB2owBbVMQAOLazZzp,2024-01-05 15:33:06.952000+00:00,004, ,, , 
net_3hNB2owBbVMQAOLazZzp,3hNB2owBbVMQAOLazZzp,2024-01-05 15:33:06.953000+00:00,004, ,, , 
net_4RNB2owBbVMQAOLazZzp,4RNB2owBbVMQAOLazZzp,2024-01-05 15:33:06.958000+00:00,004, ,, , 
net_5hNB2owBbVMQAOLazZzp,5hNB2owBbVMQAOLazZzp,2024-01-05 15:33:07.206000+00:00,004, ,, , 
net_5xNB2owBbVMQAOLazZzp,5xNB2owBbVMQAOLazZzp,2024-01-05 15:33:07.209000+00:00,004, ,, , 
net_6BNB2owBbVMQAOLazZzp,6BNB2owBbVMQAOLazZzp,2024-01-05 15:33:07.210000+00:00,004, ,, , 
net_6hNB2owBbVMQAOLazZzp,6hNB2owBbVMQAOLazZzp,2024-01-05 15:33:07.207000+00:00,004, ,, , 
net_6xNB2owBbVMQAOLazZzp,6xNB2owBbVMQAOLazZzp,2024-01-05 15:33:07.305000+00:00,004, ,, , 
net_7BNB2owBbVMQAOLazZzp,7BNB2owBbVMQAOLazZzp,2024-01-05 15:33:07.305000+00:00,004, ,, , 
net_7xNB2owBbVMQAOLazZzp,7xNB2owBbVMQAOLazZzp,2024-01-05 15:33:08.907000+00:00,004, ,, , 
net_8hNB2owBbVMQAOLazZzp,8hNB2owBbVMQAOLazZzp,2024-01-05 15:33:08.908000+00:00,004, ,, , 
net_9BNB2owBbVMQAOLazZzp,9BNB2owBbVMQAOLazZzp,2024-01-05 15:33:08.996000+00:00,004, ,, , 
net_hBNB2owBbVMQAOLaR5zH,hBNB2owBbVMQAOLaR5zH,2024-01-05 15:32:38.780000+00:00,004, ,, , 
net_hRNB2owBbVMQAOLaR5zH,hRNB2owBbVMQAOLaR5zH,2024-01-05 15:32:38.790000+00:00,004, ,, , 
net_hhNB2owBbVMQAOLaR5zH,hhNB2owBbVMQAOLaR5zH,2024-01-05 15:32:38.790000+00:00,004, ,, , 
net_hxNB2owBbVMQAOLaR5zH,hxNB2owBbVMQAOLaR5zH,2024-01-05 15:32:38.790000+00:00,004, ,, , 
net_jBNB2owBbVMQAOLaR5zH,jBNB2owBbVMQAOLaR5zH,2024-01-05 15:32:38.779000+00:00,004, ,, , 
net_kxNB2owBbVMQAOLaU5yy,kxNB2owBbVMQAOLaU5yy,2024-01-05 15:32:40.698000+00:00,004, ,, , 
net_lRNB2owBbVMQAOLaU5yy,lRNB2owBbVMQAOLaU5yy,2024-01-05 15:32:40.708000+00:00,004, ,, , 
net_mBNB2owBbVMQAOLaU5yy,mBNB2owBbVMQAOLaU5yy,2024-01-05 15:32:40.806000+00:00,004, ,, , 
net_mRNB2owBbVMQAOLaU5yy,mRNB2owBbVMQAOLaU5yy,2024-01-05 15:32:40.815000+00:00,004, ,, , 
net_nBNB2owBbVMQAOLaU5yy,nBNB2owBbVMQAOLaU5yy,2024-01-05 15:32:40.939000+00:00,004, ,, , 
net_nRNB2owBbVMQAOLaU5yy,nRNB2owBbVMQAOLaU5yy,2024-01-05 15:32:40.944000+00:00,004, ,, , 
net_oBNB2owBbVMQAOLaV5yJ,oBNB2owBbVMQAOLaV5yJ,2024-01-05 15:32:42.739000+00:00,004, ,, , 
net_oRNB2owBbVMQAOLaV5yJ,oRNB2owBbVMQAOLaV5yJ,2024-01-05 15:32:42.739000+00:00,004, ,, , 
net_ohNB2owBbVMQAOLaV5yJ,ohNB2owBbVMQAOLaV5yJ,2024-01-05 15:32:42.739000+00:00,004, ,, , 
net_oxNB2owBbVMQAOLaV5yJ,oxNB2owBbVMQAOLaV5yJ,2024-01-05 15:32:42.748000+00:00,004, ,, , 
net_rBNB2owBbVMQAOLaV5yJ,rBNB2owBbVMQAOLaV5yJ,2024-01-05 15:32:42.860000+00:00,004, ,, , 
net_rxNB2owBbVMQAOLaV5yJ,rxNB2owBbVMQAOLaV5yJ,2024-01-05 15:32:42.861000+00:00,004, ,, , 
net_tBNB2owBbVMQAOLaV5yJ,tBNB2owBbVMQAOLaV5yJ,2024-01-05 15:32:42.860000+00:00,004, ,, , 
net_tRNB2owBbVMQAOLaV5yJ,tRNB2owBbVMQAOLaV5yJ,2024-01-05 15:32:42.861000+00:00,004, ,, , 
net__xNC2owBbVMQAOLakZw-,_xNC2owBbVMQAOLakZw-,2024-01-05 15:33:55.933000+00:00,000, ,, , 
net_ARNC2owBbVMQAOLalZ1V,ARNC2owBbVMQAOLalZ1V,2024-01-05 15:34:03.891000+00:00,004, ,, , 
net_uRNB2owBbVMQAOLaW5xE,uRNB2owBbVMQAOLaW5xE,2024-01-05 15:32:43.097000+00:00,004, ,, , 
net_vhNB2owBbVMQAOLaX5zc,vhNB2owBbVMQAOLaX5zc,2024-01-05 15:32:44.782000+00:00,004, ,, , 
net_wBNB2owBbVMQAOLaX5zc,wBNB2owBbVMQAOLaX5zc,2024-01-05 15:32:44.795000+00:00,004, ,, , 
net_wRNB2owBbVMQAOLaX5zc,wRNB2owBbVMQAOLaX5zc,2024-01-05 15:32:44.796000+00:00,004, ,, , 
net_wxNB2owBbVMQAOLaX5zc,wxNB2owBbVMQAOLaX5zc,2024-01-05 15:32:44.915000+00:00,004, ,, , 
net_xhNB2owBbVMQAOLaZ5xT,xhNB2owBbVMQAOLaZ5xT,2024-01-05 15:32:46.822000+00:00,004, ,, , 
net_yBNB2owBbVMQAOLaZ5xT,yBNB2owBbVMQAOLaZ5xT,2024-01-05 15:32:46.822000+00:00,004, ,, , 
net_IRND2owBbVMQAOLaJp3Z,IRND2owBbVMQAOLaJp3Z,2024-01-05 15:34:40.922000+00:00,004, ,, , 
net_JRND2owBbVMQAOLaMp2Q,JRND2owBbVMQAOLaMp2Q,2024-01-05 15:34:44.813000+00:00,004, ,, , 
net_JhND2owBbVMQAOLaMp2Q,JhND2owBbVMQAOLaMp2Q,2024-01-05 15:34:44.813000+00:00,004, ,, , 
net_'-RNC2owBbVMQAOLaVpya,'-RNC2owBbVMQAOLaVpya,2024-01-05 15:33:43.585000+00:00,004, ,, , 
net_'-hNC2owBbVMQAOLaVpya,'-hNC2owBbVMQAOLaVpya,2024-01-05 15:33:43.588000+00:00,004, ,, , 
net_'-xNC2owBbVMQAOLaVpya,'-xNC2owBbVMQAOLaVpya,2024-01-05 15:33:43.586000+00:00,004, ,, , 
net_KhND2owBbVMQAOLaPp1P,KhND2owBbVMQAOLaPp1P,2024-01-05 15:34:46.615000+00:00,004, ,, , 
net_ChNH2owBbVMQAOLaNJ7E,ChNH2owBbVMQAOLaNJ7E,2024-01-05 15:39:01.717000+00:00,004, ,, , 
net_DBNH2owBbVMQAOLaNJ7E,DBNH2owBbVMQAOLaNJ7E,2024-01-05 15:39:01.728000+00:00,004, ,, , 
net_DhNH2owBbVMQAOLaNJ7E,DhNH2owBbVMQAOLaNJ7E,2024-01-05 15:39:01.735000+00:00,004, ,, , 
net_DxNH2owBbVMQAOLaNJ7E,DxNH2owBbVMQAOLaNJ7E,2024-01-05 15:39:01.737000+00:00,004, ,, , 
net_EBNH2owBbVMQAOLaNJ7E,EBNH2owBbVMQAOLaNJ7E,2024-01-05 15:39:03.696000+00:00,004, ,, , 
net_FRNH2owBbVMQAOLaNJ7E,FRNH2owBbVMQAOLaNJ7E,2024-01-05 15:39:03.711000+00:00,004, ,, , 
net_FxNH2owBbVMQAOLaNJ7E,FxNH2owBbVMQAOLaNJ7E,2024-01-05 15:39:03.716000+00:00,004, ,, , 
net_GRNH2owBbVMQAOLaNJ7E,GRNH2owBbVMQAOLaNJ7E,2024-01-05 15:39:03.731000+00:00,004, ,, , 
net_GhNH2owBbVMQAOLaNJ7E,GhNH2owBbVMQAOLaNJ7E,2024-01-05 15:39:03.731000+00:00,004, ,, , 
net_HhNH2owBbVMQAOLaNJ7E,HhNH2owBbVMQAOLaNJ7E,2024-01-05 15:39:03.742000+00:00,004, ,, , 
net_HxNH2owBbVMQAOLaNJ7E,HxNH2owBbVMQAOLaNJ7E,2024-01-05 15:39:03.743000+00:00,004, ,, , 
net_IRNH2owBbVMQAOLaNJ7E,IRNH2owBbVMQAOLaNJ7E,2024-01-05 15:39:05.714000+00:00,004, ,, , 
net_4BNE2owBbVMQAOLaaJ0G,4BNE2owBbVMQAOLaaJ0G,2024-01-05 15:36:01.124000+00:00,004, ,, , 
net_4hNE2owBbVMQAOLaaJ0G,4hNE2owBbVMQAOLaaJ0G,2024-01-05 15:36:01.130000+00:00,004, ,, , 
net_5hNE2owBbVMQAOLaaJ0G,5hNE2owBbVMQAOLaaJ0G,2024-01-05 15:36:01.140000+00:00,004, ,, , 
net_6hNE2owBbVMQAOLaaJ0G,6hNE2owBbVMQAOLaaJ0G,2024-01-05 15:36:03.187000+00:00,004, ,, , 
net_7BNE2owBbVMQAOLaaJ0G,7BNE2owBbVMQAOLaaJ0G,2024-01-05 15:36:03.187000+00:00,004, ,, , 
net_7RNE2owBbVMQAOLaaJ0G,7RNE2owBbVMQAOLaaJ0G,2024-01-05 15:36:03.192000+00:00,004, ,, , 
net_8BNE2owBbVMQAOLaaJ0G,8BNE2owBbVMQAOLaaJ0G,2024-01-05 15:36:03.312000+00:00,004, ,, , 
net_8xNE2owBbVMQAOLaaJ0G,8xNE2owBbVMQAOLaaJ0G,2024-01-05 15:36:03.328000+00:00,004, ,, , 
net_9BNE2owBbVMQAOLaaJ0G,9BNE2owBbVMQAOLaaJ0G,2024-01-05 15:36:03.331000+00:00,004, ,, , 
net_9hNE2owBbVMQAOLaaJ0G,9hNE2owBbVMQAOLaaJ0G,2024-01-05 15:36:03.427000+00:00,004, ,, , 
net_'-hNE2owBbVMQAOLaaJ0G,'-hNE2owBbVMQAOLaaJ0G,2024-01-05 15:36:03.451000+00:00,004, ,, , 
net_'-xNE2owBbVMQAOLaaJ0G,'-xNE2owBbVMQAOLaaJ0G,2024-01-05 15:36:03.451000+00:00,004, ,, , 
net__RNE2owBbVMQAOLaaJ0G,_RNE2owBbVMQAOLaaJ0G,2024-01-05 15:36:03.547000+00:00,004, ,, , 
net__hNE2owBbVMQAOLaaJ0G,_hNE2owBbVMQAOLaaJ0G,2024-01-05 15:36:03.551000+00:00,004, ,, , 
net__xNE2owBbVMQAOLaaJ0G,_xNE2owBbVMQAOLaaJ0G,2024-01-05 15:36:03.555000+00:00,004, ,, , 
net_AxNE2owBbVMQAOLaaJ4G,AxNE2owBbVMQAOLaaJ4G,2024-01-05 15:36:03.665000+00:00,004, ,, , 
net_KxNH2owBbVMQAOLa554P,KxNH2owBbVMQAOLa554P,2024-01-05 15:39:43.813000+00:00,004, ,, , 
net_LBNH2owBbVMQAOLa554P,LBNH2owBbVMQAOLa554P,2024-01-05 15:39:43.817000+00:00,004, ,, , 
net_LRNH2owBbVMQAOLa554P,LRNH2owBbVMQAOLa554P,2024-01-05 15:39:43.819000+00:00,004, ,, , 
net_LxNH2owBbVMQAOLa554P,LxNH2owBbVMQAOLa554P,2024-01-05 15:39:43.823000+00:00,004, ,, , 
net_MxNH2owBbVMQAOLa554P,MxNH2owBbVMQAOLa554P,2024-01-05 15:39:43.833000+00:00,004, ,, , 
net_IxNH2owBbVMQAOLaTp5n,IxNH2owBbVMQAOLaTp5n,2024-01-05 15:39:11.703000+00:00,004, ,, , 
net_JRNH2owBbVMQAOLaWp5j,JRNH2owBbVMQAOLaWp5j,2024-01-05 15:39:15.716000+00:00,004, ,, , 
net_JhNH2owBbVMQAOLaWp5j,JhNH2owBbVMQAOLaWp5j,2024-01-05 15:39:15.718000+00:00,004, ,, , 
net_JxNH2owBbVMQAOLaXp42,JxNH2owBbVMQAOLaXp42,2024-01-05 15:39:17.820000+00:00,004, ,, , 
net_KhNH2owBbVMQAOLaXp42,KhNH2owBbVMQAOLaXp42,2024-01-05 15:39:18.047000+00:00,004, ,, , 
net_NhNJ2owBbVMQAOLa0J59,NhNJ2owBbVMQAOLa0J59,2024-01-05 15:41:48.415000+00:00,004, ,, , 
net_3BNE2owBbVMQAOLaS52t,3BNE2owBbVMQAOLaS52t,2024-01-05 15:35:55.114000+00:00,004, ,, , 
net_BRNF2owBbVMQAOLaSp6Z,BRNF2owBbVMQAOLaSp6Z,2024-01-05 15:36:57.551000+00:00,004, ,, , 
net_1hNE2owBbVMQAOLaL530,1hNE2owBbVMQAOLaL530,2024-01-05 15:35:48.947000+00:00,004, ,, , 
net_HBN-2owBbVMQAOLaGZ8D,HBN-2owBbVMQAOLaGZ8D,2024-01-05 16:39:03.008000+00:00,004, ,, , 
net_HRN-2owBbVMQAOLaGZ8E,HRN-2owBbVMQAOLaGZ8E,2024-01-05 16:39:03.016000+00:00,004, ,, , 
net_JRN-2owBbVMQAOLaGZ8E,JRN-2owBbVMQAOLaGZ8E,2024-01-05 16:39:03.031000+00:00,004, ,, , 
net_JxN-2owBbVMQAOLaGZ8E,JxN-2owBbVMQAOLaGZ8E,2024-01-05 16:39:03.038000+00:00,004, ,, , 
net_KhN-2owBbVMQAOLaGZ8E,KhN-2owBbVMQAOLaGZ8E,2024-01-05 16:39:03.049000+00:00,004, ,, , 
net_MBN-2owBbVMQAOLaGZ8E,MBN-2owBbVMQAOLaGZ8E,2024-01-05 16:39:03.066000+00:00,004, ,, , 
net_MxN-2owBbVMQAOLaGZ8E,MxN-2owBbVMQAOLaGZ8E,2024-01-05 16:39:03.075000+00:00,004, ,, , 
net_NRN-2owBbVMQAOLaGZ8E,NRN-2owBbVMQAOLaGZ8E,2024-01-05 16:39:03.080000+00:00,004, ,, , 
net_UhOJ2owBbVMQAOLa3J8R,UhOJ2owBbVMQAOLa3J8R,2024-01-05 16:51:49.149000+00:00,004, ,, , 
net_VhOJ2owBbVMQAOLa3J8R,VhOJ2owBbVMQAOLa3J8R,2024-01-05 16:51:49.152000+00:00,004, ,, , 
net_VxOJ2owBbVMQAOLa3J8R,VxOJ2owBbVMQAOLa3J8R,2024-01-05 16:51:49.155000+00:00,004, ,, , 
net_WROJ2owBbVMQAOLa3J8R,WROJ2owBbVMQAOLa3J8R,2024-01-05 16:51:49.623000+00:00,004, ,, , 
net_WhOJ2owBbVMQAOLa3J8R,WhOJ2owBbVMQAOLa3J8R,2024-01-05 16:51:49.625000+00:00,004, ,, , 
net_8xNu2owBbVMQAOLaYJ5Z,8xNu2owBbVMQAOLaYJ5Z,2024-01-05 16:21:46.007000+00:00,004, ,, , 
net_9BNu2owBbVMQAOLaYJ5Z,9BNu2owBbVMQAOLaYJ5Z,2024-01-05 16:21:46.011000+00:00,004, ,, , 
net_9RNu2owBbVMQAOLaYJ5Z,9RNu2owBbVMQAOLaYJ5Z,2024-01-05 16:21:46.011000+00:00,004, ,, , 
net_ARNz2owBbVMQAOLazZ8B,ARNz2owBbVMQAOLazZ8B,2024-01-05 16:27:45.957000+00:00,004, ,, , 
net_AxNz2owBbVMQAOLazZ8B,AxNz2owBbVMQAOLazZ8B,2024-01-05 16:27:45.958000+00:00,004, ,, , 
net_BRNz2owBbVMQAOLazZ8B,BRNz2owBbVMQAOLazZ8B,2024-01-05 16:27:45.963000+00:00,004, ,, , 
net_7BNo2owBbVMQAOLa4p4M,7BNo2owBbVMQAOLa4p4M,2024-01-05 16:15:45.539000+00:00,004, ,, , 
net_7RNo2owBbVMQAOLa4p4M,7RNo2owBbVMQAOLa4p4M,2024-01-05 16:15:45.541000+00:00,004, ,, , 
net_FRN52owBbVMQAOLaXJ_b,FRN52owBbVMQAOLaXJ_b,2024-01-05 16:33:46.561000+00:00,004, ,, , 
net_GBN52owBbVMQAOLaXJ_b,GBN52owBbVMQAOLaXJ_b,2024-01-05 16:33:46.578000+00:00,004, ,, , 
net_RxOE2owBbVMQAOLaWp_U,RxOE2owBbVMQAOLaWp_U,2024-01-05 16:45:48.347000+00:00,004, ,, , 
net_ThOE2owBbVMQAOLaWp_U,ThOE2owBbVMQAOLaWp_U,2024-01-05 16:45:48.363000+00:00,004, ,, , 
net_NhN-2owBbVMQAOLayJ_o,NhN-2owBbVMQAOLayJ_o,2024-01-05 16:39:47.143000+00:00,004, ,, , 
net_ORN-2owBbVMQAOLayJ_o,ORN-2owBbVMQAOLayJ_o,2024-01-05 16:39:47.144000+00:00,004, ,, , 
net_XBPW2owBbVMQAOLavKCP,XBPW2owBbVMQAOLavKCP,2024-01-05 18:15:49.635000+00:00,004, ,, , 
net_XRPW2owBbVMQAOLavKCP,XRPW2owBbVMQAOLavKCP,2024-01-05 18:15:49.729000+00:00,004, ,, , 
net_YRPW2owBbVMQAOLavKCP,YRPW2owBbVMQAOLavKCP,2024-01-05 18:15:51.780000+00:00,004, ,, , 
net_YhPW2owBbVMQAOLavKCP,YhPW2owBbVMQAOLavKCP,2024-01-05 18:15:51.780000+00:00,004, ,, , 
net_ZhPX2owBbVMQAOLa4qBJ,ZhPX2owBbVMQAOLa4qBJ,2024-01-05 18:17:02.286000+00:00,004, ,, , 
net_axPc2owBbVMQAOLaPKAk,axPc2owBbVMQAOLaPKAk,2024-01-05 18:21:51.704000+00:00,004, ,, , 
net_bRPc2owBbVMQAOLaPKAk,bRPc2owBbVMQAOLaPKAk,2024-01-05 18:21:51.709000+00:00,004, ,, , 
net_bhPc2owBbVMQAOLaPKAk,bhPc2owBbVMQAOLaPKAk,2024-01-05 18:21:51.712000+00:00,004, ,, , 
net_chPe2owBbVMQAOLac6CM,chPe2owBbVMQAOLac6CM,2024-01-05 18:24:09.748000+00:00,004, ,, , 
net_dBPe2owBbVMQAOLac6CM,dBPe2owBbVMQAOLac6CM,2024-01-05 18:24:09.748000+00:00,004, ,, , 
net_dRPe2owBbVMQAOLac6CM,dRPe2owBbVMQAOLac6CM,2024-01-05 18:24:09.749000+00:00,004, ,, , 
net_dhPe2owBbVMQAOLac6CM,dhPe2owBbVMQAOLac6CM,2024-01-05 18:24:09.750000+00:00,004, ,, , 
net_dxPe2owBbVMQAOLac6CM,dxPe2owBbVMQAOLac6CM,2024-01-05 18:24:09.749000+00:00,004, ,, , 
net_fBPe2owBbVMQAOLac6CM,fBPe2owBbVMQAOLac6CM,2024-01-05 18:24:09.757000+00:00,004, ,, , 
net_ghPe2owBbVMQAOLac6CM,ghPe2owBbVMQAOLac6CM,2024-01-05 18:24:09.758000+00:00,004, ,, , 
net_hhPe2owBbVMQAOLac6CM,hhPe2owBbVMQAOLac6CM,2024-01-05 18:24:09.762000+00:00,004, ,, , 
net_iBPe2owBbVMQAOLac6CM,iBPe2owBbVMQAOLac6CM,2024-01-05 18:24:09.763000+00:00,004, ,, , 
net_iRPe2owBbVMQAOLac6CM,iRPe2owBbVMQAOLac6CM,2024-01-05 18:24:09.765000+00:00,004, ,, , 
net_kBPe2owBbVMQAOLac6CM,kBPe2owBbVMQAOLac6CM,2024-01-05 18:24:09.772000+00:00,004, ,, , 
net_khPe2owBbVMQAOLac6CM,khPe2owBbVMQAOLac6CM,2024-01-05 18:24:09.776000+00:00,004, ,, , 
net_lRPe2owBbVMQAOLac6CM,lRPe2owBbVMQAOLac6CM,2024-01-05 18:24:09.770000+00:00,004, ,, , 
net_lhPe2owBbVMQAOLac6CM,lhPe2owBbVMQAOLac6CM,2024-01-05 18:24:09.780000+00:00,004, ,, , 
net_mRPe2owBbVMQAOLac6CM,mRPe2owBbVMQAOLac6CM,2024-01-05 18:24:09.780000+00:00,004, ,, , 
net_nRPe2owBbVMQAOLac6CM,nRPe2owBbVMQAOLac6CM,2024-01-05 18:24:09.779000+00:00,004, ,, , 
net_nhPe2owBbVMQAOLac6CM,nhPe2owBbVMQAOLac6CM,2024-01-05 18:24:09.781000+00:00,004, ,, , 
net_oBPe2owBbVMQAOLac6CM,oBPe2owBbVMQAOLac6CM,2024-01-05 18:24:09.780000+00:00,004, ,, , 
net_oxPe2owBbVMQAOLac6CM,oxPe2owBbVMQAOLac6CM,2024-01-05 18:24:09.782000+00:00,004, ,, , 
net_pRPe2owBbVMQAOLadKCB,pRPe2owBbVMQAOLadKCB,2024-01-05 18:24:09.782000+00:00,004, ,, , 
net_qBPe2owBbVMQAOLadKCB,qBPe2owBbVMQAOLadKCB,2024-01-05 18:24:09.786000+00:00,004, ,, , 
net_qRPe2owBbVMQAOLadKCB,qRPe2owBbVMQAOLadKCB,2024-01-05 18:24:09.788000+00:00,004, ,, , 
net_qhPe2owBbVMQAOLadKCB,qhPe2owBbVMQAOLadKCB,2024-01-05 18:24:09.787000+00:00,004, ,, , 
net_qxPe2owBbVMQAOLadKCB,qxPe2owBbVMQAOLadKCB,2024-01-05 18:24:09.785000+00:00,004, ,, , 
net_thPe2owBbVMQAOLadKCB,thPe2owBbVMQAOLadKCB,2024-01-05 18:24:09.793000+00:00,004, ,, , 
net_vBPe2owBbVMQAOLadKCB,vBPe2owBbVMQAOLadKCB,2024-01-05 18:24:09.792000+00:00,004, ,, , 
net_whPe2owBbVMQAOLadKCB,whPe2owBbVMQAOLadKCB,2024-01-05 18:24:09.797000+00:00,004, ,, , 
net_wxPe2owBbVMQAOLadKCB,wxPe2owBbVMQAOLadKCB,2024-01-05 18:24:09.798000+00:00,004, ,, , 
net_xRPe2owBbVMQAOLadKCB,xRPe2owBbVMQAOLadKCB,2024-01-05 18:24:09.800000+00:00,004, ,, , 
net_yRPe2owBbVMQAOLadKCB,yRPe2owBbVMQAOLadKCB,2024-01-05 18:24:09.801000+00:00,004, ,, , 
net_0BPe2owBbVMQAOLadKCB,0BPe2owBbVMQAOLadKCB,2024-01-05 18:24:09.806000+00:00,004, ,, , 
net_0xPe2owBbVMQAOLadKCB,0xPe2owBbVMQAOLadKCB,2024-01-05 18:24:09.802000+00:00,004, ,, , 
net_1BPe2owBbVMQAOLadKCB,1BPe2owBbVMQAOLadKCB,2024-01-05 18:24:09.809000+00:00,004, ,, , 
net_1hPe2owBbVMQAOLadaAl,1hPe2owBbVMQAOLadaAl,2024-01-05 18:24:09.811000+00:00,004, ,, , 
net_3BPe2owBbVMQAOLadaAl,3BPe2owBbVMQAOLadaAl,2024-01-05 18:24:09.816000+00:00,004, ,, , 
net_3xPe2owBbVMQAOLadaAl,3xPe2owBbVMQAOLadaAl,2024-01-05 18:24:09.810000+00:00,004, ,, , 
net_4RPe2owBbVMQAOLadaAl,4RPe2owBbVMQAOLadaAl,2024-01-05 18:24:09.816000+00:00,004, ,, , 
net_5BPe2owBbVMQAOLadaAl,5BPe2owBbVMQAOLadaAl,2024-01-05 18:24:09.817000+00:00,004, ,, , 
net_6BPe2owBbVMQAOLadaAl,6BPe2owBbVMQAOLadaAl,2024-01-05 18:24:09.820000+00:00,004, ,, , 
net_6RPe2owBbVMQAOLadaAl,6RPe2owBbVMQAOLadaAl,2024-01-05 18:24:09.823000+00:00,004, ,, , 
net_7BPe2owBbVMQAOLadaAl,7BPe2owBbVMQAOLadaAl,2024-01-05 18:24:09.821000+00:00,004, ,, , 
net_7hPe2owBbVMQAOLadaAl,7hPe2owBbVMQAOLadaAl,2024-01-05 18:24:09.819000+00:00,004, ,, , 
net_8RPe2owBbVMQAOLadaAl,8RPe2owBbVMQAOLadaAl,2024-01-05 18:24:09.827000+00:00,004, ,, , 
net_8xPe2owBbVMQAOLadaAl,8xPe2owBbVMQAOLadaAl,2024-01-05 18:24:09.835000+00:00,004, ,, , 
net_9xPe2owBbVMQAOLadaAl,9xPe2owBbVMQAOLadaAl,2024-01-05 18:24:09.833000+00:00,004, ,, , 
net_'-hPe2owBbVMQAOLadaAl,'-hPe2owBbVMQAOLadaAl,2024-01-05 18:24:09.837000+00:00,004, ,, , 
net_AhPe2owBbVMQAOLadaEl,AhPe2owBbVMQAOLadaEl,2024-01-05 18:24:09.843000+00:00,004, ,, , 
net_ChPe2owBbVMQAOLadqEp,ChPe2owBbVMQAOLadqEp,2024-01-05 18:24:09.855000+00:00,004, ,, , 
net_EBPe2owBbVMQAOLadqEp,EBPe2owBbVMQAOLadqEp,2024-01-05 18:24:09.848000+00:00,004, ,, , 
net_EhPe2owBbVMQAOLadqEp,EhPe2owBbVMQAOLadqEp,2024-01-05 18:24:09.856000+00:00,004, ,, , 
net_FhPe2owBbVMQAOLadqEp,FhPe2owBbVMQAOLadqEp,2024-01-05 18:24:09.851000+00:00,004, ,, , 
net_FxPe2owBbVMQAOLadqEp,FxPe2owBbVMQAOLadqEp,2024-01-05 18:24:09.860000+00:00,004, ,, , 
net_GBPe2owBbVMQAOLadqEp,GBPe2owBbVMQAOLadqEp,2024-01-05 18:24:09.861000+00:00,004, ,, , 
net_GhPe2owBbVMQAOLadqEp,GhPe2owBbVMQAOLadqEp,2024-01-05 18:24:09.880000+00:00,004, ,, , 
net_HRPe2owBbVMQAOLadqEp,HRPe2owBbVMQAOLadqEp,2024-01-05 18:24:09.933000+00:00,004, ,, , 
net_IhPe2owBbVMQAOLadqEp,IhPe2owBbVMQAOLadqEp,2024-01-05 18:24:10.013000+00:00,004, ,, , 
net_JRPe2owBbVMQAOLadqEp,JRPe2owBbVMQAOLadqEp,2024-01-05 18:24:10.176000+00:00,004, ,, , 
net_KBPe2owBbVMQAOLadqEp,KBPe2owBbVMQAOLadqEp,2024-01-05 18:24:10.374000+00:00,004, ,, , 
net_KRPe2owBbVMQAOLadqEp,KRPe2owBbVMQAOLadqEp,2024-01-05 18:24:10.460000+00:00,004, ,, , 
net_KhPe2owBbVMQAOLadqEp,KhPe2owBbVMQAOLadqEp,2024-01-05 18:24:10.706000+00:00,004, ,, , 
net_MBPe2owBbVMQAOLadqEp,MBPe2owBbVMQAOLadqEp,2024-01-05 18:24:10.846000+00:00,004, ,, , 
net_MhPe2owBbVMQAOLadqEp,MhPe2owBbVMQAOLadqEp,2024-01-05 18:24:10.948000+00:00,004, ,, , 
net_MxPe2owBbVMQAOLadqEp,MxPe2owBbVMQAOLadqEp,2024-01-05 18:24:11.030000+00:00,004, ,, , 
net_NRPe2owBbVMQAOLadqEp,NRPe2owBbVMQAOLadqEp,2024-01-05 18:24:11.075000+00:00,004, ,, , 
net_NhPe2owBbVMQAOLadqEp,NhPe2owBbVMQAOLadqEp,2024-01-05 18:24:11.155000+00:00,004, ,, , 
net_TRPe2owBbVMQAOLadqH-,TRPe2owBbVMQAOLadqH-,2024-01-05 18:24:11.840000+00:00,004, ,, , 
net_TxPe2owBbVMQAOLadqH-,TxPe2owBbVMQAOLadqH-,2024-01-05 18:24:11.928000+00:00,004, ,, , 
net_VhPe2owBbVMQAOLadqH-,VhPe2owBbVMQAOLadqH-,2024-01-05 18:24:12.064000+00:00,004, ,, , 
net_VxPe2owBbVMQAOLadqH-,VxPe2owBbVMQAOLadqH-,2024-01-05 18:24:12.180000+00:00,004, ,, , 
net_WhPe2owBbVMQAOLadqH-,WhPe2owBbVMQAOLadqH-,2024-01-05 18:24:12.309000+00:00,004, ,, , 
net_XBPe2owBbVMQAOLadqH-,XBPe2owBbVMQAOLadqH-,2024-01-05 18:24:12.382000+00:00,004, ,, , 
net_XRPe2owBbVMQAOLadqH-,XRPe2owBbVMQAOLadqH-,2024-01-05 18:24:12.387000+00:00,004, ,, , 
net_XhPe2owBbVMQAOLadqH-,XhPe2owBbVMQAOLadqH-,2024-01-05 18:24:12.390000+00:00,004, ,, , 
net_YBPe2owBbVMQAOLadqH-,YBPe2owBbVMQAOLadqH-,2024-01-05 18:24:12.395000+00:00,004, ,, , 
net_ZxPe2owBbVMQAOLadqH-,ZxPe2owBbVMQAOLadqH-,2024-01-05 18:24:12.413000+00:00,004, ,, , 
net_bBPe2owBbVMQAOLad6Gg,bBPe2owBbVMQAOLad6Gg,2024-01-05 18:24:12.435000+00:00,004, ,, , 
net_bxPe2owBbVMQAOLad6Gg,bxPe2owBbVMQAOLad6Gg,2024-01-05 18:24:12.442000+00:00,004, ,, , 
net_dhPe2owBbVMQAOLad6Gg,dhPe2owBbVMQAOLad6Gg,2024-01-05 18:24:12.626000+00:00,004, ,, , 
net_eBPe2owBbVMQAOLad6Gg,eBPe2owBbVMQAOLad6Gg,2024-01-05 18:24:12.641000+00:00,004, ,, , 
net_exPe2owBbVMQAOLad6Gg,exPe2owBbVMQAOLad6Gg,2024-01-05 18:24:12.648000+00:00,004, ,, , 
net_hBPe2owBbVMQAOLad6Gg,hBPe2owBbVMQAOLad6Gg,2024-01-05 18:24:12.700000+00:00,004, ,, , 
net_ihPe2owBbVMQAOLad6Gg,ihPe2owBbVMQAOLad6Gg,2024-01-05 18:24:14.089000+00:00,004, ,, , 
net_ixPe2owBbVMQAOLad6Gg,ixPe2owBbVMQAOLad6Gg,2024-01-05 18:24:14.090000+00:00,004, ,, , 
net_khPe2owBbVMQAOLad6Gg,khPe2owBbVMQAOLad6Gg,2024-01-05 18:24:14.170000+00:00,004, ,, , 
net_lBPe2owBbVMQAOLad6Gg,lBPe2owBbVMQAOLad6Gg,2024-01-05 18:24:14.201000+00:00,004, ,, , 
net_lhPe2owBbVMQAOLad6Gg,lhPe2owBbVMQAOLad6Gg,2024-01-05 18:24:14.209000+00:00,004, ,, , 
net_lxPe2owBbVMQAOLad6Gg,lxPe2owBbVMQAOLad6Gg,2024-01-05 18:24:14.228000+00:00,004, ,, , 
net_mhPe2owBbVMQAOLad6Gg,mhPe2owBbVMQAOLad6Gg,2024-01-05 18:24:14.359000+00:00,004, ,, , 
net_eBOZ2owBbVMQAOLamZ_N,eBOZ2owBbVMQAOLamZ_N,2024-01-05 17:09:02.571000+00:00,004, ,, , 
net_eROZ2owBbVMQAOLamZ_N,eROZ2owBbVMQAOLamZ_N,2024-01-05 17:09:02.576000+00:00,004, ,, , 
net_exOZ2owBbVMQAOLamZ_N,exOZ2owBbVMQAOLamZ_N,2024-01-05 17:09:02.591000+00:00,004, ,, , 
net_fROZ2owBbVMQAOLamZ_N,fROZ2owBbVMQAOLamZ_N,2024-01-05 17:09:02.598000+00:00,004, ,, , 
net_fhOZ2owBbVMQAOLamZ_N,fhOZ2owBbVMQAOLamZ_N,2024-01-05 17:09:02.675000+00:00,004, ,, , 
net_gROZ2owBbVMQAOLamZ_N,gROZ2owBbVMQAOLamZ_N,2024-01-05 17:09:04.134000+00:00,004, ,, , 
net_hBOZ2owBbVMQAOLamZ_N,hBOZ2owBbVMQAOLamZ_N,2024-01-05 17:09:04.138000+00:00,004, ,, , 
net_hROZ2owBbVMQAOLamZ_N,hROZ2owBbVMQAOLamZ_N,2024-01-05 17:09:04.138000+00:00,004, ,, , 
net_iROZ2owBbVMQAOLamZ_N,iROZ2owBbVMQAOLamZ_N,2024-01-05 17:09:04.152000+00:00,004, ,, , 
net_jROZ2owBbVMQAOLamZ_N,jROZ2owBbVMQAOLamZ_N,2024-01-05 17:09:04.239000+00:00,004, ,, , 
net_jxOZ2owBbVMQAOLamZ_N,jxOZ2owBbVMQAOLamZ_N,2024-01-05 17:09:04.243000+00:00,004, ,, , 
net_oxOf2owBbVMQAOLa3p8R,oxOf2owBbVMQAOLa3p8R,2024-01-05 17:15:49.746000+00:00,004, ,, , 
net_pBOf2owBbVMQAOLa3p8R,pBOf2owBbVMQAOLa3p8R,2024-01-05 17:15:51.790000+00:00,004, ,, , 
net_pROf2owBbVMQAOLa3p8R,pROf2owBbVMQAOLa3p8R,2024-01-05 17:15:51.791000+00:00,004, ,, , 
net_phOf2owBbVMQAOLa3p8R,phOf2owBbVMQAOLa3p8R,2024-01-05 17:15:51.791000+00:00,004, ,, , 
net_pxOf2owBbVMQAOLa3p8R,pxOf2owBbVMQAOLa3p8R,2024-01-05 17:15:51.791000+00:00,004, ,, , 
net_qBOf2owBbVMQAOLa3p8R,qBOf2owBbVMQAOLa3p8R,2024-01-05 17:15:51.791000+00:00,004, ,, , 
net_XhOP2owBbVMQAOLaW5_V,XhOP2owBbVMQAOLaW5_V,2024-01-05 16:57:48.244000+00:00,004, ,, , 
net_YBOP2owBbVMQAOLaW5_V,YBOP2owBbVMQAOLaW5_V,2024-01-05 16:57:50.202000+00:00,004, ,, , 
net_YhOP2owBbVMQAOLaW5_V,YhOP2owBbVMQAOLaW5_V,2024-01-05 16:57:50.294000+00:00,004, ,, , 
net_YxOP2owBbVMQAOLaW5_V,YxOP2owBbVMQAOLaW5_V,2024-01-05 16:57:50.294000+00:00,004, ,, , 
net_rxOl2owBbVMQAOLaXp9A,rxOl2owBbVMQAOLaXp9A,2024-01-05 17:21:49.541000+00:00,004, ,, , 
net_sROl2owBbVMQAOLaXp9A,sROl2owBbVMQAOLaXp9A,2024-01-05 17:21:51.604000+00:00,004, ,, , 
net_tROl2owBbVMQAOLaXp9A,tROl2owBbVMQAOLaXp9A,2024-01-05 17:21:51.685000+00:00,004, ,, , 
net_bROU2owBbVMQAOLa3J8z,bROU2owBbVMQAOLa3J8z,2024-01-05 17:03:49.386000+00:00,004, ,, , 
net_cBOU2owBbVMQAOLa3J8z,cBOU2owBbVMQAOLa3J8z,2024-01-05 17:03:51.462000+00:00,004, ,, , 
net_cxOU2owBbVMQAOLa3J8z,cxOU2owBbVMQAOLa3J8z,2024-01-05 17:03:51.462000+00:00,004, ,, , 
net_0hOw2owBbVMQAOLaS59T,0hOw2owBbVMQAOLaS59T,2024-01-05 17:33:51.230000+00:00,004, ,, , 
net_0xOw2owBbVMQAOLaS59T,0xOw2owBbVMQAOLaS59T,2024-01-05 17:33:51.233000+00:00,004, ,, , 
net_yROs2owBbVMQAOLax59s,yROs2owBbVMQAOLax59s,2024-01-05 17:30:02.486000+00:00,004, ,, , 
net_7hNq2owBbVMQAOLaB54E,7hNq2owBbVMQAOLaB54E,2024-01-05 16:17:03.547000+00:00,004, ,, , 
net_lxOa2owBbVMQAOLaSZ_U,lxOa2owBbVMQAOLaSZ_U,2024-01-05 17:09:51.228000+00:00,004, ,, , 
net_wROq2owBbVMQAOLa4p-L,wROq2owBbVMQAOLa4p-L,2024-01-05 17:27:51.454000+00:00,004, ,, , 
net_MhPQ2owBbVMQAOLaeKC4,MhPQ2owBbVMQAOLaeKC4,2024-01-05 18:09:02.067000+00:00,004, ,, , 
net_NhPQ2owBbVMQAOLaeKC4,NhPQ2owBbVMQAOLaeKC4,2024-01-05 18:09:02.068000+00:00,004, ,, , 
net_ORPQ2owBbVMQAOLaeKC4,ORPQ2owBbVMQAOLaeKC4,2024-01-05 18:09:02.069000+00:00,004, ,, , 
net_PBPQ2owBbVMQAOLaeKC4,PBPQ2owBbVMQAOLaeKC4,2024-01-05 18:09:02.069000+00:00,004, ,, , 
net_PhPQ2owBbVMQAOLaeKC4,PhPQ2owBbVMQAOLaeKC4,2024-01-05 18:09:02.070000+00:00,004, ,, , 
net_PxPQ2owBbVMQAOLaeKC4,PxPQ2owBbVMQAOLaeKC4,2024-01-05 18:09:02.054000+00:00,004, ,, , 
net_QBPQ2owBbVMQAOLaeKC4,QBPQ2owBbVMQAOLaeKC4,2024-01-05 18:09:02.135000+00:00,004, ,, , 
net_QxPQ2owBbVMQAOLaeKC4,QxPQ2owBbVMQAOLaeKC4,2024-01-05 18:09:02.054000+00:00,004, ,, , 
net_RBPQ2owBbVMQAOLaeKC4,RBPQ2owBbVMQAOLaeKC4,2024-01-05 18:09:02.055000+00:00,004, ,, , 
net_RhPQ2owBbVMQAOLaeKC4,RhPQ2owBbVMQAOLaeKC4,2024-01-05 18:09:02.054000+00:00,004, ,, , 
net_ShPQ2owBbVMQAOLaeKC4,ShPQ2owBbVMQAOLaeKC4,2024-01-05 18:09:02.168000+00:00,004, ,, , 
net_2BO12owBbVMQAOLaG5-k,2BO12owBbVMQAOLaG5-k,2024-01-05 17:39:02.127000+00:00,004, ,, , 
net_2RO12owBbVMQAOLaG5-k,2RO12owBbVMQAOLaG5-k,2024-01-05 17:39:02.127000+00:00,004, ,, , 
net_3RO12owBbVMQAOLaG5-k,3RO12owBbVMQAOLaG5-k,2024-01-05 17:39:02.128000+00:00,004, ,, , 
net_4BO12owBbVMQAOLaG5-k,4BO12owBbVMQAOLaG5-k,2024-01-05 17:39:02.128000+00:00,004, ,, , 
net_4hO12owBbVMQAOLaG5-k,4hO12owBbVMQAOLaG5-k,2024-01-05 17:39:02.133000+00:00,004, ,, , 
net_5xO12owBbVMQAOLaG5-k,5xO12owBbVMQAOLaG5-k,2024-01-05 17:39:02.950000+00:00,004, ,, , 
net_6RO12owBbVMQAOLaG5-k,6RO12owBbVMQAOLaG5-k,2024-01-05 17:39:02.958000+00:00,004, ,, , 
net_7RO12owBbVMQAOLaG5-k,7RO12owBbVMQAOLaG5-k,2024-01-05 17:39:02.964000+00:00,004, ,, , 
net_SxPR2owBbVMQAOLaT6B6,SxPR2owBbVMQAOLaT6B6,2024-01-05 18:09:49.589000+00:00,004, ,, , 
net_UBPR2owBbVMQAOLaT6B6,UBPR2owBbVMQAOLaT6B6,2024-01-05 18:09:51.395000+00:00,004, ,, , 
net_URPR2owBbVMQAOLaT6B6,URPR2owBbVMQAOLaT6B6,2024-01-05 18:09:51.394000+00:00,004, ,, , 
net_UhPR2owBbVMQAOLaT6B6,UhPR2owBbVMQAOLaT6B6,2024-01-05 18:09:51.400000+00:00,004, ,, , 
net_UxPR2owBbVMQAOLaT6B6,UxPR2owBbVMQAOLaT6B6,2024-01-05 18:09:51.400000+00:00,004, ,, , 
net_DxPA2owBbVMQAOLauaC_,DxPA2owBbVMQAOLauaC_,2024-01-05 17:51:51.297000+00:00,004, ,, , 
net_EhPA2owBbVMQAOLauaC_,EhPA2owBbVMQAOLauaC_,2024-01-05 17:51:51.305000+00:00,004, ,, , 
net_ExPA2owBbVMQAOLauaC_,ExPA2owBbVMQAOLauaC_,2024-01-05 17:51:51.315000+00:00,004, ,, , 
net_FBPA2owBbVMQAOLavaBa,FBPA2owBbVMQAOLavaBa,2024-01-05 17:51:51.407000+00:00,004, ,, , 
net_GBPG2owBbVMQAOLaOaD2,GBPG2owBbVMQAOLaOaD2,2024-01-05 17:57:49.282000+00:00,004, ,, , 
net_GxPG2owBbVMQAOLaOaD2,GxPG2owBbVMQAOLaOaD2,2024-01-05 17:57:51.323000+00:00,004, ,, , 
net_HhPG2owBbVMQAOLaPqAc,HhPG2owBbVMQAOLaPqAc,2024-01-05 17:57:51.323000+00:00,004, ,, , 
net_JhPL2owBbVMQAOLau6A-,JhPL2owBbVMQAOLau6A-,2024-01-05 18:03:49.265000+00:00,004, ,, , 
net_KBPL2owBbVMQAOLau6A-,KBPL2owBbVMQAOLau6A-,2024-01-05 18:03:51.402000+00:00,004, ,, , 
net_KxPL2owBbVMQAOLau6A-,KxPL2owBbVMQAOLau6A-,2024-01-05 18:03:51.403000+00:00,004, ,, , 
net_CBO72owBbVMQAOLaQKDZ,CBO72owBbVMQAOLaQKDZ,2024-01-05 17:45:51.380000+00:00,004, ,, , 
net_'-BO12owBbVMQAOLazJ8G,'-BO12owBbVMQAOLazJ8G,2024-01-05 17:39:51.407000+00:00,004, ,, , 
net_OU1s3YwBSd_mrKXN_lp6,OU1s3YwBSd_mrKXN_lp6,2024-01-06 04:17:34.984000+00:00,004, ,, , 
net_QE1s3YwBSd_mrKXN_lp7,QE1s3YwBSd_mrKXN_lp7,2024-01-06 04:17:34.995000+00:00,004, ,, , 
net_S01s3YwBSd_mrKXN_lp7,S01s3YwBSd_mrKXN_lp7,2024-01-06 04:17:35.068000+00:00,004, ,, , 
net_UU1s3YwBSd_mrKXN_lp8,UU1s3YwBSd_mrKXN_lp8,2024-01-06 04:17:35.104000+00:00,004, ,, , 
net_VE1s3YwBSd_mrKXN_lp8,VE1s3YwBSd_mrKXN_lp8,2024-01-06 04:17:35.168000+00:00,004, ,, , 
net_WE1s3YwBSd_mrKXN_lp8,WE1s3YwBSd_mrKXN_lp8,2024-01-06 04:17:35.256000+00:00,004, ,, , 
net_Wk1s3YwBSd_mrKXN_lp8,Wk1s3YwBSd_mrKXN_lp8,2024-01-06 04:17:35.257000+00:00,004, ,, , 
net_XE1s3YwBSd_mrKXN_lp8,XE1s3YwBSd_mrKXN_lp8,2024-01-06 04:17:35.251000+00:00,004, ,, , 
net_Xk1s3YwBSd_mrKXN_lp8,Xk1s3YwBSd_mrKXN_lp8,2024-01-06 04:17:35.266000+00:00,004, ,, , 
net_X01s3YwBSd_mrKXN_lp8,X01s3YwBSd_mrKXN_lp8,2024-01-06 04:17:35.267000+00:00,004, ,, , 
net_YE1s3YwBSd_mrKXN_lp9,YE1s3YwBSd_mrKXN_lp9,2024-01-06 04:17:35.270000+00:00,004, ,, , 
net_Yk1s3YwBSd_mrKXN_lp9,Yk1s3YwBSd_mrKXN_lp9,2024-01-06 04:17:35.270000+00:00,004, ,, , 
net_Y01s3YwBSd_mrKXN_lp9,Y01s3YwBSd_mrKXN_lp9,2024-01-06 04:17:35.271000+00:00,004, ,, , 
net_a01s3YwBSd_mrKXN_1qV,a01s3YwBSd_mrKXN_1qV,2024-01-06 04:17:39.281000+00:00,004, ,, , 
net_bE1s3YwBSd_mrKXN_1qV,bE1s3YwBSd_mrKXN_1qV,2024-01-06 04:17:39.284000+00:00,004, ,, , 
net_ck1s3YwBSd_mrKXN_1qV,ck1s3YwBSd_mrKXN_1qV,2024-01-06 04:17:39.344000+00:00,004, ,, , 
net_eU1s3YwBSd_mrKXN_1qV,eU1s3YwBSd_mrKXN_1qV,2024-01-06 04:17:39.382000+00:00,004, ,, , 
net_ek1s3YwBSd_mrKXN_1qV,ek1s3YwBSd_mrKXN_1qV,2024-01-06 04:17:39.387000+00:00,004, ,, , 
net_e01s3YwBSd_mrKXN_1qV,e01s3YwBSd_mrKXN_1qV,2024-01-06 04:17:39.903000+00:00,000, ,, , 
net_fk1s3YwBSd_mrKXN_1qV,fk1s3YwBSd_mrKXN_1qV,2024-01-06 04:17:41.117000+00:00,004, ,, , 
net_f01s3YwBSd_mrKXN_1qW,f01s3YwBSd_mrKXN_1qW,2024-01-06 04:17:41.120000+00:00,004, ,, , 
net_gU1s3YwBSd_mrKXN_1qW,gU1s3YwBSd_mrKXN_1qW,2024-01-06 04:17:41.266000+00:00,004, ,, , 
net_iU1s3YwBSd_mrKXN_1qW,iU1s3YwBSd_mrKXN_1qW,2024-01-06 04:17:43.232000+00:00,004, ,, , 
net_kU1s3YwBSd_mrKXN_1qW,kU1s3YwBSd_mrKXN_1qW,2024-01-06 04:17:45.083000+00:00,004, ,, , 
net_lU1s3YwBSd_mrKXN_1qW,lU1s3YwBSd_mrKXN_1qW,2024-01-06 04:17:45.118000+00:00,004, ,, , 
net_lk1s3YwBSd_mrKXN_1qW,lk1s3YwBSd_mrKXN_1qW,2024-01-06 04:17:45.143000+00:00,004, ,, , 
net_mU1s3YwBSd_mrKXN_1qW,mU1s3YwBSd_mrKXN_1qW,2024-01-06 04:17:45.211000+00:00,004, ,, , 
net_mk1s3YwBSd_mrKXN_1qW,mk1s3YwBSd_mrKXN_1qW,2024-01-06 04:17:45.223000+00:00,004, ,, , 
net_nE1t3YwBSd_mrKXNAFrt,nE1t3YwBSd_mrKXNAFrt,2024-01-06 04:17:45.271000+00:00,004, ,, , 
net_p01t3YwBSd_mrKXNAFru,p01t3YwBSd_mrKXNAFru,2024-01-06 04:17:45.385000+00:00,004, ,, , 
net_rE1t3YwBSd_mrKXNAFru,rE1t3YwBSd_mrKXNAFru,2024-01-06 04:17:47.169000+00:00,004, ,, , 
net_rk1t3YwBSd_mrKXNAFru,rk1t3YwBSd_mrKXNAFru,2024-01-06 04:17:47.169000+00:00,004, ,, , 
net_sU1t3YwBSd_mrKXNAFru,sU1t3YwBSd_mrKXNAFru,2024-01-06 04:17:47.169000+00:00,004, ,, , 
net_sk1t3YwBSd_mrKXNAFru,sk1t3YwBSd_mrKXNAFru,2024-01-06 04:17:47.169000+00:00,004, ,, , 
net_tE1t3YwBSd_mrKXNAFru,tE1t3YwBSd_mrKXNAFru,2024-01-06 04:17:47.170000+00:00,004, ,, , 
net_uU1t3YwBSd_mrKXNAFru,uU1t3YwBSd_mrKXNAFru,2024-01-06 04:17:49.105000+00:00,004, ,, , 
net_uk1t3YwBSd_mrKXNAFru,uk1t3YwBSd_mrKXNAFru,2024-01-06 04:17:49.117000+00:00,004, ,, , 
net_vU1t3YwBSd_mrKXNAFru,vU1t3YwBSd_mrKXNAFru,2024-01-06 04:17:49.128000+00:00,004, ,, , 
net_v01t3YwBSd_mrKXNAFru,v01t3YwBSd_mrKXNAFru,2024-01-06 04:17:49.131000+00:00,004, ,, , 
net_x01t3YwBSd_mrKXNAFrv,x01t3YwBSd_mrKXNAFrv,2024-01-06 04:17:49.177000+00:00,004, ,, , 
net_0U1t3YwBSd_mrKXNAloo,0U1t3YwBSd_mrKXNAloo,2024-01-06 04:17:49.298000+00:00,004, ,, , 
net_0k1t3YwBSd_mrKXNAloo,0k1t3YwBSd_mrKXNAloo,2024-01-06 04:17:49.299000+00:00,004, ,, , 
net_2E1t3YwBSd_mrKXNAloo,2E1t3YwBSd_mrKXNAloo,2024-01-06 04:17:49.313000+00:00,004, ,, , 
net_3E1t3YwBSd_mrKXNAloo,3E1t3YwBSd_mrKXNAloo,2024-01-06 04:17:51.129000+00:00,004, ,, , 
net_3U1t3YwBSd_mrKXNAloo,3U1t3YwBSd_mrKXNAloo,2024-01-06 04:17:51.129000+00:00,004, ,, , 
net_3k1t3YwBSd_mrKXNAloo,3k1t3YwBSd_mrKXNAloo,2024-01-06 04:17:51.132000+00:00,004, ,, , 
net_301t3YwBSd_mrKXNAloo,301t3YwBSd_mrKXNAloo,2024-01-06 04:17:51.140000+00:00,004, ,, , 
net_401t3YwBSd_mrKXNAloo,401t3YwBSd_mrKXNAloo,2024-01-06 04:17:51.166000+00:00,004, ,, , 
net_5U1t3YwBSd_mrKXNAloo,5U1t3YwBSd_mrKXNAloo,2024-01-06 04:17:51.171000+00:00,004, ,, , 
net_501t3YwBSd_mrKXNAloo,501t3YwBSd_mrKXNAloo,2024-01-06 04:17:51.255000+00:00,004, ,, , 
net_6E1t3YwBSd_mrKXNAloo,6E1t3YwBSd_mrKXNAloo,2024-01-06 04:17:51.255000+00:00,004, ,, , 
net_7U1t3YwBSd_mrKXNAloo,7U1t3YwBSd_mrKXNAloo,2024-01-06 04:17:51.258000+00:00,004, ,, , 
net_701t3YwBSd_mrKXNAloo,701t3YwBSd_mrKXNAloo,2024-01-06 04:17:51.257000+00:00,004, ,, , 
net_8E1t3YwBSd_mrKXNAloo,8E1t3YwBSd_mrKXNAloo,2024-01-06 04:17:51.321000+00:00,004, ,, , 
net_9E1t3YwBSd_mrKXNAloo,9E1t3YwBSd_mrKXNAloo,2024-01-06 04:17:51.322000+00:00,004, ,, , 
net_9k1t3YwBSd_mrKXNAloo,9k1t3YwBSd_mrKXNAloo,2024-01-06 04:17:51.322000+00:00,004, ,, , 
net_Ak1t3YwBSd_mrKXNAlvw,Ak1t3YwBSd_mrKXNAlvw,2024-01-06 04:17:35.349000+00:00,004, ,, , 
net_A01t3YwBSd_mrKXNAlvw,A01t3YwBSd_mrKXNAlvw,2024-01-06 04:17:35.349000+00:00,004, ,, , 
net_B01t3YwBSd_mrKXNAlvw,B01t3YwBSd_mrKXNAlvw,2024-01-06 04:17:35.360000+00:00,004, ,, , 
net_CE1t3YwBSd_mrKXNAlvw,CE1t3YwBSd_mrKXNAlvw,2024-01-06 04:17:35.361000+00:00,004, ,, , 
net_Ck1t3YwBSd_mrKXNAlvw,Ck1t3YwBSd_mrKXNAlvw,2024-01-06 04:17:35.364000+00:00,004, ,, , 
net_C01t3YwBSd_mrKXNAlvw,C01t3YwBSd_mrKXNAlvw,2024-01-06 04:17:35.374000+00:00,004, ,, , 
net_Dk1t3YwBSd_mrKXNAlvx,Dk1t3YwBSd_mrKXNAlvx,2024-01-06 04:17:35.377000+00:00,004, ,, , 
net_EU1t3YwBSd_mrKXNAlvx,EU1t3YwBSd_mrKXNAlvx,2024-01-06 04:17:35.492000+00:00,004, ,, , 
net_GU1t3YwBSd_mrKXNAlvx,GU1t3YwBSd_mrKXNAlvx,2024-01-06 04:17:37.540000+00:00,004, ,, , 
net_Gk1t3YwBSd_mrKXNAlvx,Gk1t3YwBSd_mrKXNAlvx,2024-01-06 04:17:37.563000+00:00,004, ,, , 
net_Ik1t3YwBSd_mrKXNAlvy,Ik1t3YwBSd_mrKXNAlvy,2024-01-06 04:17:37.648000+00:00,004, ,, , 
net_JU1t3YwBSd_mrKXNAlvy,JU1t3YwBSd_mrKXNAlvy,2024-01-06 04:17:37.728000+00:00,004, ,, , 
net_Jk1t3YwBSd_mrKXNAlvy,Jk1t3YwBSd_mrKXNAlvy,2024-01-06 04:17:37.733000+00:00,004, ,, , 
net_LE1t3YwBSd_mrKXNAlvy,LE1t3YwBSd_mrKXNAlvy,2024-01-06 04:17:39.173000+00:00,004, ,, , 
net_ME1t3YwBSd_mrKXNAlvy,ME1t3YwBSd_mrKXNAlvy,2024-01-06 04:17:39.208000+00:00,004, ,, , 
net_Mk1t3YwBSd_mrKXNA1uN,Mk1t3YwBSd_mrKXNA1uN,2024-01-06 04:17:53.159000+00:00,004, ,, , 
net_NE1t3YwBSd_mrKXNA1uN,NE1t3YwBSd_mrKXNA1uN,2024-01-06 04:17:53.160000+00:00,004, ,, , 
net_OE1t3YwBSd_mrKXNA1uN,OE1t3YwBSd_mrKXNA1uN,2024-01-06 04:17:53.173000+00:00,004, ,, , 
net_Ok1t3YwBSd_mrKXNA1uN,Ok1t3YwBSd_mrKXNA1uN,2024-01-06 04:17:53.183000+00:00,004, ,, , 
net_PU1t3YwBSd_mrKXNA1uN,PU1t3YwBSd_mrKXNA1uN,2024-01-06 04:17:53.207000+00:00,004, ,, , 
net_P01t3YwBSd_mrKXNA1uN,P01t3YwBSd_mrKXNA1uN,2024-01-06 04:17:53.219000+00:00,004, ,, , 
net_QE1t3YwBSd_mrKXNA1uN,QE1t3YwBSd_mrKXNA1uN,2024-01-06 04:17:53.223000+00:00,004, ,, , 
net_QU1t3YwBSd_mrKXNA1uN,QU1t3YwBSd_mrKXNA1uN,2024-01-06 04:17:55.166000+00:00,004, ,, , 
net_RE1t3YwBSd_mrKXNA1uN,RE1t3YwBSd_mrKXNA1uN,2024-01-06 04:17:55.216000+00:00,004, ,, , 
net_RU1t3YwBSd_mrKXNA1uN,RU1t3YwBSd_mrKXNA1uN,2024-01-06 04:17:55.218000+00:00,004, ,, , 
net_R01t3YwBSd_mrKXNA1uN,R01t3YwBSd_mrKXNA1uN,2024-01-06 04:17:55.220000+00:00,004, ,, , 
net_Sk1t3YwBSd_mrKXNA1uN,Sk1t3YwBSd_mrKXNA1uN,2024-01-06 04:17:55.223000+00:00,004, ,, , 
net_S01t3YwBSd_mrKXNA1uN,S01t3YwBSd_mrKXNA1uN,2024-01-06 04:17:55.223000+00:00,004, ,, , 
net_TE1t3YwBSd_mrKXNA1uN,TE1t3YwBSd_mrKXNA1uN,2024-01-06 04:17:55.224000+00:00,004, ,, , 
net_Tk1t3YwBSd_mrKXNA1uN,Tk1t3YwBSd_mrKXNA1uN,2024-01-06 04:17:55.225000+00:00,004, ,, , 
net_UE1t3YwBSd_mrKXNA1uN,UE1t3YwBSd_mrKXNA1uN,2024-01-06 04:17:57.136000+00:00,004, ,, , 
net_VE1t3YwBSd_mrKXNA1uO,VE1t3YwBSd_mrKXNA1uO,2024-01-06 04:17:57.184000+00:00,004, ,, , 
net_VU1t3YwBSd_mrKXNA1uO,VU1t3YwBSd_mrKXNA1uO,2024-01-06 04:17:57.185000+00:00,004, ,, , 
net_Vk1t3YwBSd_mrKXNA1uO,Vk1t3YwBSd_mrKXNA1uO,2024-01-06 04:17:57.186000+00:00,004, ,, , 
net_W01t3YwBSd_mrKXNA1uO,W01t3YwBSd_mrKXNA1uO,2024-01-06 04:17:59.162000+00:00,004, ,, , 
net_XU1t3YwBSd_mrKXNA1uO,XU1t3YwBSd_mrKXNA1uO,2024-01-06 04:17:59.175000+00:00,004, ,, , 
net_YU1t3YwBSd_mrKXNA1uO,YU1t3YwBSd_mrKXNA1uO,2024-01-06 04:17:59.228000+00:00,004, ,, , 
net_Zk1t3YwBSd_mrKXNBFsa,Zk1t3YwBSd_mrKXNBFsa,2024-01-06 04:17:59.283000+00:00,004, ,, , 
net_aE1t3YwBSd_mrKXNBFsb,aE1t3YwBSd_mrKXNBFsb,2024-01-06 04:17:59.285000+00:00,004, ,, , 
net_a01t3YwBSd_mrKXNBFsb,a01t3YwBSd_mrKXNBFsb,2024-01-06 04:17:59.307000+00:00,004, ,, , 
net_bU1t3YwBSd_mrKXNBFsb,bU1t3YwBSd_mrKXNBFsb,2024-01-06 04:17:59.309000+00:00,004, ,, , 
net_bk1t3YwBSd_mrKXNBFsb,bk1t3YwBSd_mrKXNBFsb,2024-01-06 04:17:59.311000+00:00,004, ,, , 
net_c01t3YwBSd_mrKXNBFsb,c01t3YwBSd_mrKXNBFsb,2024-01-06 04:17:59.337000+00:00,004, ,, , 
net_dk1t3YwBSd_mrKXNBFsb,dk1t3YwBSd_mrKXNBFsb,2024-01-06 04:17:59.340000+00:00,004, ,, , 
net_ek1t3YwBSd_mrKXNBFsb,ek1t3YwBSd_mrKXNBFsb,2024-01-06 04:17:59.343000+00:00,004, ,, , 
net_fE1t3YwBSd_mrKXNBFsb,fE1t3YwBSd_mrKXNBFsb,2024-01-06 04:17:59.343000+00:00,004, ,, , 
net_fU1t3YwBSd_mrKXNBFsb,fU1t3YwBSd_mrKXNBFsb,2024-01-06 04:17:59.343000+00:00,004, ,, , 
net_gk1t3YwBSd_mrKXNBFsb,gk1t3YwBSd_mrKXNBFsb,2024-01-06 04:17:59.372000+00:00,004, ,, , 
net_g01t3YwBSd_mrKXNBFsb,g01t3YwBSd_mrKXNBFsb,2024-01-06 04:17:59.415000+00:00,004, ,, , 
net_hE1t3YwBSd_mrKXNBFsb,hE1t3YwBSd_mrKXNBFsb,2024-01-06 04:17:59.415000+00:00,004, ,, , 
net_ik1t3YwBSd_mrKXNBFsb,ik1t3YwBSd_mrKXNBFsb,2024-01-06 04:17:59.465000+00:00,004, ,, , 
net_jE1t3YwBSd_mrKXNBFsb,jE1t3YwBSd_mrKXNBFsb,2024-01-06 04:17:59.468000+00:00,004, ,, , 
net_kE1t3YwBSd_mrKXNBFsb,kE1t3YwBSd_mrKXNBFsb,2024-01-06 04:17:59.497000+00:00,004, ,, , 
net_kU1t3YwBSd_mrKXNBFsb,kU1t3YwBSd_mrKXNBFsb,2024-01-06 04:17:59.530000+00:00,004, ,, , 
net_lE1t3YwBSd_mrKXNBFsb,lE1t3YwBSd_mrKXNBFsb,2024-01-06 04:17:59.532000+00:00,004, ,, , 
net_l01t3YwBSd_mrKXNBFvE,l01t3YwBSd_mrKXNBFvE,2024-01-06 04:18:01.263000+00:00,004, ,, , 
net_oU1t3YwBSd_mrKXNBFvE,oU1t3YwBSd_mrKXNBFvE,2024-01-06 04:18:03.182000+00:00,004, ,, , 
net_o01t3YwBSd_mrKXNBFvE,o01t3YwBSd_mrKXNBFvE,2024-01-06 04:18:03.183000+00:00,004, ,, , 
net_pE1t3YwBSd_mrKXNBFvE,pE1t3YwBSd_mrKXNBFvE,2024-01-06 04:18:03.183000+00:00,004, ,, , 
net_pU1t3YwBSd_mrKXNBFvE,pU1t3YwBSd_mrKXNBFvE,2024-01-06 04:18:03.184000+00:00,004, ,, , 
net_qU1t3YwBSd_mrKXNBFvE,qU1t3YwBSd_mrKXNBFvE,2024-01-06 04:18:03.362000+00:00,004, ,, , 
net_sU1t3YwBSd_mrKXNBFvE,sU1t3YwBSd_mrKXNBFvE,2024-01-06 04:18:05.320000+00:00,004, ,, , 
net_uE1t3YwBSd_mrKXNBFvE,uE1t3YwBSd_mrKXNBFvE,2024-01-06 04:18:05.649000+00:00,004, ,, , 
net_uU1t3YwBSd_mrKXNBFvE,uU1t3YwBSd_mrKXNBFvE,2024-01-06 04:18:05.662000+00:00,004, ,, , 
net_uk1t3YwBSd_mrKXNBFvE,uk1t3YwBSd_mrKXNBFvE,2024-01-06 04:18:05.662000+00:00,004, ,, , 
net_vU1t3YwBSd_mrKXNBFvE,vU1t3YwBSd_mrKXNBFvE,2024-01-06 04:18:05.662000+00:00,004, ,, , 
net_vk1t3YwBSd_mrKXNBFvE,vk1t3YwBSd_mrKXNBFvE,2024-01-06 04:18:05.681000+00:00,004, ,, , 
net_yU1t3YwBSd_mrKXNBVth,yU1t3YwBSd_mrKXNBVth,2024-01-06 04:18:05.803000+00:00,004, ,, , 
net_yk1t3YwBSd_mrKXNBVth,yk1t3YwBSd_mrKXNBVth,2024-01-06 04:18:05.805000+00:00,004, ,, , 
net_y01t3YwBSd_mrKXNBVth,y01t3YwBSd_mrKXNBVth,2024-01-06 04:18:05.811000+00:00,004, ,, , 
net_zU1t3YwBSd_mrKXNBVth,zU1t3YwBSd_mrKXNBVth,2024-01-06 04:18:05.835000+00:00,004, ,, , 
net_z01t3YwBSd_mrKXNBVth,z01t3YwBSd_mrKXNBVth,2024-01-06 04:18:05.851000+00:00,004, ,, , 
net_0k1t3YwBSd_mrKXNBVth,0k1t3YwBSd_mrKXNBVth,2024-01-06 04:18:05.885000+00:00,004, ,, , 
net_2U1t3YwBSd_mrKXNBVth,2U1t3YwBSd_mrKXNBVth,2024-01-06 04:18:06.005000+00:00,004, ,, , 
net_2k1t3YwBSd_mrKXNBVth,2k1t3YwBSd_mrKXNBVth,2024-01-06 04:18:06.012000+00:00,004, ,, , 
net_3k1t3YwBSd_mrKXNBVth,3k1t3YwBSd_mrKXNBVth,2024-01-06 04:18:07.302000+00:00,004, ,, , 
net_301t3YwBSd_mrKXNBVth,301t3YwBSd_mrKXNBVth,2024-01-06 04:18:07.304000+00:00,004, ,, , 
net_5U1t3YwBSd_mrKXNBVth,5U1t3YwBSd_mrKXNBVth,2024-01-06 04:18:09.221000+00:00,004, ,, , 
net_5k1t3YwBSd_mrKXNBVth,5k1t3YwBSd_mrKXNBVth,2024-01-06 04:18:09.227000+00:00,004, ,, , 
net_601t3YwBSd_mrKXNBVth,601t3YwBSd_mrKXNBVth,2024-01-06 04:18:09.263000+00:00,004, ,, , 
net_7E1t3YwBSd_mrKXNBVth,7E1t3YwBSd_mrKXNBVth,2024-01-06 04:18:09.264000+00:00,004, ,, , 
net_7k1t3YwBSd_mrKXNBVth,7k1t3YwBSd_mrKXNBVth,2024-01-06 04:18:09.264000+00:00,004, ,, , 
net_8E1t3YwBSd_mrKXNBVth,8E1t3YwBSd_mrKXNBVth,2024-01-06 04:18:09.264000+00:00,004, ,, , 
net__k1t3YwBSd_mrKXNBVv5,_k1t3YwBSd_mrKXNBVv5,2024-01-06 04:18:11.183000+00:00,004, ,, , 
net__01t3YwBSd_mrKXNBVv5,_01t3YwBSd_mrKXNBVv5,2024-01-06 04:18:11.183000+00:00,004, ,, , 
net_AE1t3YwBSd_mrKXNBVz5,AE1t3YwBSd_mrKXNBVz5,2024-01-06 04:18:11.189000+00:00,004, ,, , 
net_Bk1t3YwBSd_mrKXNBVz5,Bk1t3YwBSd_mrKXNBVz5,2024-01-06 04:18:11.213000+00:00,004, ,, , 
net_B01t3YwBSd_mrKXNBVz5,B01t3YwBSd_mrKXNBVz5,2024-01-06 04:18:11.225000+00:00,004, ,, , 
net_CE1t3YwBSd_mrKXNBVz5,CE1t3YwBSd_mrKXNBVz5,2024-01-06 04:18:11.227000+00:00,004, ,, , 
net_DU1t3YwBSd_mrKXNBVz5,DU1t3YwBSd_mrKXNBVz5,2024-01-06 04:18:11.262000+00:00,004, ,, , 
net_Ek1t3YwBSd_mrKXNBVz5,Ek1t3YwBSd_mrKXNBVz5,2024-01-06 04:18:11.286000+00:00,004, ,, , 
net_E01t3YwBSd_mrKXNBVz5,E01t3YwBSd_mrKXNBVz5,2024-01-06 04:18:11.287000+00:00,004, ,, , 
net_GU1t3YwBSd_mrKXNBVz5,GU1t3YwBSd_mrKXNBVz5,2024-01-06 04:18:11.310000+00:00,004, ,, , 
net_HU1t3YwBSd_mrKXNBVz5,HU1t3YwBSd_mrKXNBVz5,2024-01-06 04:18:11.330000+00:00,004, ,, , 
net_H01t3YwBSd_mrKXNBVz5,H01t3YwBSd_mrKXNBVz5,2024-01-06 04:18:11.345000+00:00,004, ,, , 
net_IE1t3YwBSd_mrKXNBVz5,IE1t3YwBSd_mrKXNBVz5,2024-01-06 04:18:11.344000+00:00,004, ,, , 
net_JU1t3YwBSd_mrKXNBVz5,JU1t3YwBSd_mrKXNBVz5,2024-01-06 04:18:11.362000+00:00,004, ,, , 
net_LU1t3YwBSd_mrKXNBlyM,LU1t3YwBSd_mrKXNBlyM,2024-01-06 04:18:13.197000+00:00,004, ,, , 
net_L01t3YwBSd_mrKXNBlyM,L01t3YwBSd_mrKXNBlyM,2024-01-06 04:18:13.202000+00:00,004, ,, , 
net_Mk1t3YwBSd_mrKXNBlyN,Mk1t3YwBSd_mrKXNBlyN,2024-01-06 04:18:13.250000+00:00,004, ,, , 
net_NE1t3YwBSd_mrKXNBlyN,NE1t3YwBSd_mrKXNBlyN,2024-01-06 04:18:13.259000+00:00,004, ,, , 
net_Nk1t3YwBSd_mrKXNBlyN,Nk1t3YwBSd_mrKXNBlyN,2024-01-06 04:18:13.269000+00:00,004, ,, , 
net_N01t3YwBSd_mrKXNBlyN,N01t3YwBSd_mrKXNBlyN,2024-01-06 04:18:13.351000+00:00,004, ,, , 
net_Pk1t3YwBSd_mrKXNBlyN,Pk1t3YwBSd_mrKXNBlyN,2024-01-06 04:18:13.423000+00:00,004, ,, , 
net_Q01t3YwBSd_mrKXNBlyN,Q01t3YwBSd_mrKXNBlyN,2024-01-06 04:18:13.831000+00:00,004, ,, , 
net_RU1t3YwBSd_mrKXNBlyN,RU1t3YwBSd_mrKXNBlyN,2024-01-06 04:18:13.977000+00:00,004, ,, , 
net_Rk1t3YwBSd_mrKXNBlyN,Rk1t3YwBSd_mrKXNBlyN,2024-01-06 04:18:13.967000+00:00,004, ,, , 
net_R01t3YwBSd_mrKXNBlyN,R01t3YwBSd_mrKXNBlyN,2024-01-06 04:18:13.980000+00:00,004, ,, , 
net_SU1t3YwBSd_mrKXNBlyN,SU1t3YwBSd_mrKXNBlyN,2024-01-06 04:18:14.109000+00:00,004, ,, , 
net_S01t3YwBSd_mrKXNBlyN,S01t3YwBSd_mrKXNBlyN,2024-01-06 04:18:14.111000+00:00,004, ,, , 
net_T01t3YwBSd_mrKXNBlyN,T01t3YwBSd_mrKXNBlyN,2024-01-06 04:18:14.251000+00:00,004, ,, , 
net_VU1t3YwBSd_mrKXNBlyN,VU1t3YwBSd_mrKXNBlyN,2024-01-06 04:18:14.316000+00:00,004, ,, , 
net_V01t3YwBSd_mrKXNBlyN,V01t3YwBSd_mrKXNBlyN,2024-01-06 04:18:14.259000+00:00,004, ,, , 
net_WE1t3YwBSd_mrKXNBlyN,WE1t3YwBSd_mrKXNBlyN,2024-01-06 04:18:14.254000+00:00,004, ,, , 
net_W01t3YwBSd_mrKXNBlyN,W01t3YwBSd_mrKXNBlyN,2024-01-06 04:18:14.294000+00:00,004, ,, , 
net_XU1t3YwBSd_mrKXNB1xW,XU1t3YwBSd_mrKXNB1xW,2024-01-06 04:18:15.255000+00:00,004, ,, , 
net_X01t3YwBSd_mrKXNB1xW,X01t3YwBSd_mrKXNB1xW,2024-01-06 04:18:15.255000+00:00,004, ,, , 
net_Yk1t3YwBSd_mrKXNB1xW,Yk1t3YwBSd_mrKXNB1xW,2024-01-06 04:18:17.177000+00:00,004, ,, , 
net_Y01t3YwBSd_mrKXNB1xW,Y01t3YwBSd_mrKXNB1xW,2024-01-06 04:18:17.182000+00:00,004, ,, , 
net_ZE1t3YwBSd_mrKXNB1xW,ZE1t3YwBSd_mrKXNB1xW,2024-01-06 04:18:17.184000+00:00,004, ,, , 
net_aE1t3YwBSd_mrKXNB1xW,aE1t3YwBSd_mrKXNB1xW,2024-01-06 04:18:17.198000+00:00,004, ,, , 
net_ak1t3YwBSd_mrKXNB1xW,ak1t3YwBSd_mrKXNB1xW,2024-01-06 04:18:17.206000+00:00,004, ,, , 
net_a01t3YwBSd_mrKXNB1xW,a01t3YwBSd_mrKXNB1xW,2024-01-06 04:18:17.206000+00:00,004, ,, , 
net_bU1t3YwBSd_mrKXNB1xW,bU1t3YwBSd_mrKXNB1xW,2024-01-06 04:18:17.211000+00:00,004, ,, , 
net_bk1t3YwBSd_mrKXNB1xW,bk1t3YwBSd_mrKXNB1xW,2024-01-06 04:18:17.215000+00:00,004, ,, , 
net_b01t3YwBSd_mrKXNB1xW,b01t3YwBSd_mrKXNB1xW,2024-01-06 04:18:17.217000+00:00,004, ,, , 
net_ck1t3YwBSd_mrKXNB1xW,ck1t3YwBSd_mrKXNB1xW,2024-01-06 04:18:17.232000+00:00,004, ,, , 
net_d01t3YwBSd_mrKXNB1xW,d01t3YwBSd_mrKXNB1xW,2024-01-06 04:18:17.245000+00:00,004, ,, , 
net_ek1t3YwBSd_mrKXNB1xW,ek1t3YwBSd_mrKXNB1xW,2024-01-06 04:18:17.260000+00:00,004, ,, , 
net_fU1t3YwBSd_mrKXNB1xW,fU1t3YwBSd_mrKXNB1xW,2024-01-06 04:18:17.293000+00:00,004, ,, , 
net_hU1t3YwBSd_mrKXNB1xW,hU1t3YwBSd_mrKXNB1xW,2024-01-06 04:18:19.279000+00:00,004, ,, , 
net_iU1t3YwBSd_mrKXNB1xW,iU1t3YwBSd_mrKXNB1xW,2024-01-06 04:18:23.177000+00:00,004, ,, , 
net_ik1t3YwBSd_mrKXNB1xW,ik1t3YwBSd_mrKXNB1xW,2024-01-06 04:18:23.177000+00:00,004, ,, , 
net_jU1t3YwBSd_mrKXNB1xW,jU1t3YwBSd_mrKXNB1xW,2024-01-06 04:18:23.182000+00:00,004, ,, , 
net_l01t3YwBSd_mrKXNB1zU,l01t3YwBSd_mrKXNB1zU,2024-01-06 04:18:23.216000+00:00,004, ,, , 
net_mE1t3YwBSd_mrKXNB1zU,mE1t3YwBSd_mrKXNB1zU,2024-01-06 04:18:23.223000+00:00,004, ,, , 
net_n01t3YwBSd_mrKXNB1zU,n01t3YwBSd_mrKXNB1zU,2024-01-06 04:18:23.238000+00:00,004, ,, , 
net_oU1t3YwBSd_mrKXNB1zU,oU1t3YwBSd_mrKXNB1zU,2024-01-06 04:18:23.250000+00:00,004, ,, , 
net_o01t3YwBSd_mrKXNB1zU,o01t3YwBSd_mrKXNB1zU,2024-01-06 04:18:23.255000+00:00,004, ,, , 
net_pk1t3YwBSd_mrKXNB1zU,pk1t3YwBSd_mrKXNB1zU,2024-01-06 04:18:23.265000+00:00,004, ,, , 
net_p01t3YwBSd_mrKXNB1zU,p01t3YwBSd_mrKXNB1zU,2024-01-06 04:18:23.267000+00:00,004, ,, , 
net_rE1t3YwBSd_mrKXNB1zU,rE1t3YwBSd_mrKXNB1zU,2024-01-06 04:18:23.280000+00:00,004, ,, , 
net_rU1t3YwBSd_mrKXNB1zU,rU1t3YwBSd_mrKXNB1zU,2024-01-06 04:18:23.280000+00:00,004, ,, , 
net_rk1t3YwBSd_mrKXNB1zU,rk1t3YwBSd_mrKXNB1zU,2024-01-06 04:18:23.283000+00:00,004, ,, , 
net_s01t3YwBSd_mrKXNB1zU,s01t3YwBSd_mrKXNB1zU,2024-01-06 04:18:23.295000+00:00,004, ,, , 
net_u01t3YwBSd_mrKXNB1zU,u01t3YwBSd_mrKXNB1zU,2024-01-06 04:18:23.314000+00:00,004, ,, , 
net_vE1t3YwBSd_mrKXNB1zU,vE1t3YwBSd_mrKXNB1zU,2024-01-06 04:18:23.315000+00:00,004, ,, , 
net_wU1t3YwBSd_mrKXNCFxZ,wU1t3YwBSd_mrKXNCFxZ,2024-01-06 04:18:27.177000+00:00,004, ,, , 
net_yE1t3YwBSd_mrKXNCFxZ,yE1t3YwBSd_mrKXNCFxZ,2024-01-06 04:18:27.208000+00:00,004, ,, , 
net_yU1t3YwBSd_mrKXNCFxZ,yU1t3YwBSd_mrKXNCFxZ,2024-01-06 04:18:27.213000+00:00,004, ,, , 
net_zk1t3YwBSd_mrKXNCFxZ,zk1t3YwBSd_mrKXNCFxZ,2024-01-06 04:18:27.227000+00:00,004, ,, , 
net_z01t3YwBSd_mrKXNCFxZ,z01t3YwBSd_mrKXNCFxZ,2024-01-06 04:18:27.229000+00:00,004, ,, , 
net_0U1t3YwBSd_mrKXNCFxZ,0U1t3YwBSd_mrKXNCFxZ,2024-01-06 04:18:27.233000+00:00,004, ,, , 
net_1U1t3YwBSd_mrKXNCFxZ,1U1t3YwBSd_mrKXNCFxZ,2024-01-06 04:18:36.847000+00:00,004, ,, , 
net_1k1t3YwBSd_mrKXNCFxZ,1k1t3YwBSd_mrKXNCFxZ,2024-01-06 04:18:36.890000+00:00,004, ,, , 
net_3U1t3YwBSd_mrKXNCFxZ,3U1t3YwBSd_mrKXNCFxZ,2024-01-06 06:03:42.609000+00:00,004, ,, , 
net_3k1t3YwBSd_mrKXNCFxZ,3k1t3YwBSd_mrKXNCFxZ,2024-01-06 06:03:42.619000+00:00,004, ,, , 
net_4E1t3YwBSd_mrKXNCFxZ,4E1t3YwBSd_mrKXNCFxZ,2024-01-06 06:03:42.632000+00:00,004, ,, , 
net_5U1t3YwBSd_mrKXNCFxZ,5U1t3YwBSd_mrKXNCFxZ,2024-01-06 06:03:42.642000+00:00,004, ,, , 
net_6U1t3YwBSd_mrKXNCFxZ,6U1t3YwBSd_mrKXNCFxZ,2024-01-06 06:03:42.660000+00:00,004, ,, , 
net_6k1t3YwBSd_mrKXNCFxZ,6k1t3YwBSd_mrKXNCFxZ,2024-01-06 06:03:42.660000+00:00,004, ,, , 
net_7k1t3YwBSd_mrKXNCFxa,7k1t3YwBSd_mrKXNCFxa,2024-01-06 06:03:42.684000+00:00,004, ,, , 
net_9E1t3YwBSd_mrKXNCFzh,9E1t3YwBSd_mrKXNCFzh,2024-01-06 06:03:42.697000+00:00,004, ,, , 
net_901t3YwBSd_mrKXNCFzh,901t3YwBSd_mrKXNCFzh,2024-01-06 06:03:42.704000+00:00,004, ,, , 
net_'-01t3YwBSd_mrKXNCFzh,'-01t3YwBSd_mrKXNCFzh,2024-01-06 06:03:42.715000+00:00,004, ,, , 
net__01t3YwBSd_mrKXNCFzh,_01t3YwBSd_mrKXNCFzh,2024-01-06 06:03:42.724000+00:00,004, ,, , 
net_AE1t3YwBSd_mrKXNCF3h,AE1t3YwBSd_mrKXNCF3h,2024-01-06 06:03:42.726000+00:00,004, ,, , 
net_AU1t3YwBSd_mrKXNCF3h,AU1t3YwBSd_mrKXNCF3h,2024-01-06 06:03:42.728000+00:00,004, ,, , 
net_Ak1t3YwBSd_mrKXNCF3h,Ak1t3YwBSd_mrKXNCF3h,2024-01-06 06:03:42.730000+00:00,004, ,, , 
net_A01t3YwBSd_mrKXNCF3h,A01t3YwBSd_mrKXNCF3h,2024-01-06 06:03:42.732000+00:00,004, ,, , 
net_BE1t3YwBSd_mrKXNCF3h,BE1t3YwBSd_mrKXNCF3h,2024-01-06 06:03:42.734000+00:00,004, ,, , 
net_Bk1t3YwBSd_mrKXNCF3h,Bk1t3YwBSd_mrKXNCF3h,2024-01-06 06:03:42.739000+00:00,004, ,, , 
net_B01t3YwBSd_mrKXNCF3h,B01t3YwBSd_mrKXNCF3h,2024-01-06 06:03:42.741000+00:00,004, ,, , 
net_CE1t3YwBSd_mrKXNCF3h,CE1t3YwBSd_mrKXNCF3h,2024-01-06 06:03:42.742000+00:00,004, ,, , 
net_C01t3YwBSd_mrKXNCF3h,C01t3YwBSd_mrKXNCF3h,2024-01-06 06:03:42.749000+00:00,004, ,, , 
net_EE1t3YwBSd_mrKXNCF3h,EE1t3YwBSd_mrKXNCF3h,2024-01-06 06:03:42.761000+00:00,004, ,, , 
net_Fk1t3YwBSd_mrKXNCF3h,Fk1t3YwBSd_mrKXNCF3h,2024-01-06 06:03:42.773000+00:00,004, ,, , 
net_GE1t3YwBSd_mrKXNCF3h,GE1t3YwBSd_mrKXNCF3h,2024-01-06 06:03:42.777000+00:00,004, ,, , 
net_IE1t3YwBSd_mrKXNCF3h,IE1t3YwBSd_mrKXNCF3h,2024-01-06 06:03:42.794000+00:00,004, ,, , 
net_Ik1t3YwBSd_mrKXNCF3h,Ik1t3YwBSd_mrKXNCF3h,2024-01-06 06:03:42.798000+00:00,004, ,, , 
net_I01t3YwBSd_mrKXNCF3h,I01t3YwBSd_mrKXNCF3h,2024-01-06 06:03:42.800000+00:00,004, ,, , 
net_J01t3YwBSd_mrKXNCV1n,J01t3YwBSd_mrKXNCV1n,2024-01-06 06:03:42.810000+00:00,004, ,, , 
net_LE1t3YwBSd_mrKXNCV1n,LE1t3YwBSd_mrKXNCV1n,2024-01-06 06:03:42.823000+00:00,004, ,, , 
net_Lk1t3YwBSd_mrKXNCV1n,Lk1t3YwBSd_mrKXNCV1n,2024-01-06 06:03:42.828000+00:00,004, ,, , 
net_NU1t3YwBSd_mrKXNCV1n,NU1t3YwBSd_mrKXNCV1n,2024-01-06 06:03:42.844000+00:00,004, ,, , 
net_Nk1t3YwBSd_mrKXNCV1n,Nk1t3YwBSd_mrKXNCV1n,2024-01-06 06:03:42.847000+00:00,004, ,, , 
net_Ok1t3YwBSd_mrKXNCV1n,Ok1t3YwBSd_mrKXNCV1n,2024-01-06 06:03:42.861000+00:00,004, ,, , 
net_P01t3YwBSd_mrKXNCV1n,P01t3YwBSd_mrKXNCV1n,2024-01-06 06:03:42.868000+00:00,004, ,, , 
net_QE1t3YwBSd_mrKXNCV1n,QE1t3YwBSd_mrKXNCV1n,2024-01-06 06:03:42.873000+00:00,004, ,, , 
net_RE1t3YwBSd_mrKXNCV1n,RE1t3YwBSd_mrKXNCV1n,2024-01-06 06:03:42.882000+00:00,004, ,, , 
net_Rk1t3YwBSd_mrKXNCV1n,Rk1t3YwBSd_mrKXNCV1n,2024-01-06 06:03:42.884000+00:00,004, ,, , 
net_R01t3YwBSd_mrKXNCV1n,R01t3YwBSd_mrKXNCV1n,2024-01-06 06:03:42.888000+00:00,004, ,, , 
net_T01t3YwBSd_mrKXNCV1n,T01t3YwBSd_mrKXNCV1n,2024-01-06 06:03:42.906000+00:00,004, ,, , 
net_VE1t3YwBSd_mrKXNCV1n,VE1t3YwBSd_mrKXNCV1n,2024-01-06 06:03:42.917000+00:00,004, ,, , 
net_V01t3YwBSd_mrKXNCV30,V01t3YwBSd_mrKXNCV30,2024-01-06 06:03:42.939000+00:00,004, ,, , 
net_Xk1t3YwBSd_mrKXNCV30,Xk1t3YwBSd_mrKXNCV30,2024-01-06 06:03:42.956000+00:00,004, ,, , 
net_ZE1t3YwBSd_mrKXNCV30,ZE1t3YwBSd_mrKXNCV30,2024-01-06 06:03:42.976000+00:00,004, ,, , 
net_ZU1t3YwBSd_mrKXNCV30,ZU1t3YwBSd_mrKXNCV30,2024-01-06 06:03:42.978000+00:00,004, ,, , 
net_Z01t3YwBSd_mrKXNCV30,Z01t3YwBSd_mrKXNCV30,2024-01-06 06:03:42.985000+00:00,004, ,, , 
net_bE1t3YwBSd_mrKXNCV30,bE1t3YwBSd_mrKXNCV30,2024-01-06 06:03:43.054000+00:00,004, ,, , 
net_b01t3YwBSd_mrKXNCV30,b01t3YwBSd_mrKXNCV30,2024-01-06 06:03:43.063000+00:00,004, ,, , 
net_cE1t3YwBSd_mrKXNCV30,cE1t3YwBSd_mrKXNCV30,2024-01-06 06:03:43.064000+00:00,004, ,, , 
net_dE1t3YwBSd_mrKXNCV30,dE1t3YwBSd_mrKXNCV30,2024-01-06 06:03:43.073000+00:00,004, ,, , 
net_eE1t3YwBSd_mrKXNCV30,eE1t3YwBSd_mrKXNCV30,2024-01-06 06:03:43.083000+00:00,004, ,, , 
net_ek1t3YwBSd_mrKXNCV30,ek1t3YwBSd_mrKXNCV30,2024-01-06 06:03:43.089000+00:00,004, ,, , 
net_fE1t3YwBSd_mrKXNCV30,fE1t3YwBSd_mrKXNCV30,2024-01-06 06:03:43.099000+00:00,004, ,, , 
net_fU1t3YwBSd_mrKXNCV30,fU1t3YwBSd_mrKXNCV30,2024-01-06 06:03:43.100000+00:00,004, ,, , 
net_f01t3YwBSd_mrKXNCV30,f01t3YwBSd_mrKXNCV30,2024-01-06 06:03:43.107000+00:00,004, ,, , 
net_gE1t3YwBSd_mrKXNCV30,gE1t3YwBSd_mrKXNCV30,2024-01-06 06:03:43.109000+00:00,004, ,, , 
net_hE1t3YwBSd_mrKXNCV30,hE1t3YwBSd_mrKXNCV30,2024-01-06 06:03:43.117000+00:00,004, ,, , 
net_iE1t3YwBSd_mrKXNCl1x,iE1t3YwBSd_mrKXNCl1x,2024-01-06 06:03:43.126000+00:00,004, ,, , 
net_kk1t3YwBSd_mrKXNCl1x,kk1t3YwBSd_mrKXNCl1x,2024-01-06 06:03:43.149000+00:00,004, ,, , 
net_lU1t3YwBSd_mrKXNCl1x,lU1t3YwBSd_mrKXNCl1x,2024-01-06 06:03:43.154000+00:00,004, ,, , 
net_l01t3YwBSd_mrKXNCl1x,l01t3YwBSd_mrKXNCl1x,2024-01-06 06:03:43.168000+00:00,004, ,, , 
net_mE1t3YwBSd_mrKXNCl1x,mE1t3YwBSd_mrKXNCl1x,2024-01-06 06:03:43.169000+00:00,004, ,, , 
net_mk1t3YwBSd_mrKXNCl1y,mk1t3YwBSd_mrKXNCl1y,2024-01-06 06:03:43.174000+00:00,004, ,, , 
net_m01t3YwBSd_mrKXNCl1y,m01t3YwBSd_mrKXNCl1y,2024-01-06 06:03:43.175000+00:00,004, ,, , 
net_n01t3YwBSd_mrKXNCl1y,n01t3YwBSd_mrKXNCl1y,2024-01-06 06:03:43.188000+00:00,004, ,, , 
net_oE1t3YwBSd_mrKXNCl1y,oE1t3YwBSd_mrKXNCl1y,2024-01-06 06:03:43.188000+00:00,004, ,, , 
net_oU1t3YwBSd_mrKXNCl1y,oU1t3YwBSd_mrKXNCl1y,2024-01-06 06:03:43.193000+00:00,004, ,, , 
net_ok1t3YwBSd_mrKXNCl1y,ok1t3YwBSd_mrKXNCl1y,2024-01-06 06:03:43.196000+00:00,004, ,, , 
net_pk1t3YwBSd_mrKXNCl1y,pk1t3YwBSd_mrKXNCl1y,2024-01-06 06:03:43.204000+00:00,004, ,, , 
net_qE1t3YwBSd_mrKXNCl1y,qE1t3YwBSd_mrKXNCl1y,2024-01-06 06:03:43.207000+00:00,004, ,, , 
net_qk1t3YwBSd_mrKXNCl1y,qk1t3YwBSd_mrKXNCl1y,2024-01-06 06:03:43.211000+00:00,004, ,, , 
net_rk1t3YwBSd_mrKXNCl1y,rk1t3YwBSd_mrKXNCl1y,2024-01-06 06:03:43.220000+00:00,004, ,, , 
net_sk1t3YwBSd_mrKXNCl1y,sk1t3YwBSd_mrKXNCl1y,2024-01-06 06:03:43.230000+00:00,004, ,, , 
net_tE1t3YwBSd_mrKXNCl1y,tE1t3YwBSd_mrKXNCl1y,2024-01-06 06:03:43.237000+00:00,004, ,, , 
net_vE1t3YwBSd_mrKXNCl3r,vE1t3YwBSd_mrKXNCl3r,2024-01-06 06:03:43.264000+00:00,004, ,, , 
net_vU1t3YwBSd_mrKXNCl3r,vU1t3YwBSd_mrKXNCl3r,2024-01-06 06:03:43.272000+00:00,004, ,, , 
net_vk1t3YwBSd_mrKXNCl3r,vk1t3YwBSd_mrKXNCl3r,2024-01-06 06:03:43.272000+00:00,004, ,, , 
net_v01t3YwBSd_mrKXNCl3r,v01t3YwBSd_mrKXNCl3r,2024-01-06 06:03:43.281000+00:00,004, ,, , 
net_wk1t3YwBSd_mrKXNCl3r,wk1t3YwBSd_mrKXNCl3r,2024-01-06 06:03:43.290000+00:00,004, ,, , 
net_w01t3YwBSd_mrKXNCl3r,w01t3YwBSd_mrKXNCl3r,2024-01-06 06:03:43.301000+00:00,004, ,, , 
net_xk1t3YwBSd_mrKXNCl3r,xk1t3YwBSd_mrKXNCl3r,2024-01-06 06:03:43.310000+00:00,004, ,, , 
net_yk1t3YwBSd_mrKXNCl3r,yk1t3YwBSd_mrKXNCl3r,2024-01-06 06:03:43.320000+00:00,004, ,, , 
net_zU1t3YwBSd_mrKXNCl3r,zU1t3YwBSd_mrKXNCl3r,2024-01-06 06:03:43.327000+00:00,004, ,, , 
net_0U1t3YwBSd_mrKXNCl3r,0U1t3YwBSd_mrKXNCl3r,2024-01-06 06:03:43.383000+00:00,004, ,, , 
net_0k1t3YwBSd_mrKXNCl3r,0k1t3YwBSd_mrKXNCl3r,2024-01-06 06:03:43.386000+00:00,004, ,, , 
net_1U1t3YwBSd_mrKXNCl3r,1U1t3YwBSd_mrKXNCl3r,2024-01-06 06:03:43.391000+00:00,004, ,, , 
net_101t3YwBSd_mrKXNCl3r,101t3YwBSd_mrKXNCl3r,2024-01-06 06:03:43.396000+00:00,004, ,, , 
net_4k1t3YwBSd_mrKXNCl3r,4k1t3YwBSd_mrKXNCl3r,2024-01-06 06:03:43.420000+00:00,004, ,, , 
net_5E1t3YwBSd_mrKXNCl3r,5E1t3YwBSd_mrKXNCl3r,2024-01-06 06:03:43.424000+00:00,004, ,, , 
net_6E1t3YwBSd_mrKXNCl3r,6E1t3YwBSd_mrKXNCl3r,2024-01-06 06:03:43.433000+00:00,004, ,, , 
net_601t3YwBSd_mrKXNCl3r,601t3YwBSd_mrKXNCl3r,2024-01-06 06:03:43.440000+00:00,004, ,, , 
net_7E1t3YwBSd_mrKXNC12V,7E1t3YwBSd_mrKXNC12V,2024-01-06 06:03:43.441000+00:00,004, ,, , 
net_7k1t3YwBSd_mrKXNC12V,7k1t3YwBSd_mrKXNC12V,2024-01-06 06:03:43.445000+00:00,004, ,, , 
net_'-U1t3YwBSd_mrKXNC12V,'-U1t3YwBSd_mrKXNC12V,2024-01-06 06:03:43.480000+00:00,004, ,, , 
net_'-01t3YwBSd_mrKXNC12V,'-01t3YwBSd_mrKXNC12V,2024-01-06 06:03:43.485000+00:00,004, ,, , 
net_BE1t3YwBSd_mrKXNC16V,BE1t3YwBSd_mrKXNC16V,2024-01-06 06:03:43.503000+00:00,004, ,, , 
net_Bk1t3YwBSd_mrKXNC16V,Bk1t3YwBSd_mrKXNC16V,2024-01-06 06:03:43.509000+00:00,004, ,, , 
net_Ck1t3YwBSd_mrKXNC16V,Ck1t3YwBSd_mrKXNC16V,2024-01-06 06:03:43.523000+00:00,004, ,, , 
net_D01t3YwBSd_mrKXNC16V,D01t3YwBSd_mrKXNC16V,2024-01-06 06:03:43.529000+00:00,004, ,, , 
net_EU1t3YwBSd_mrKXNC16V,EU1t3YwBSd_mrKXNC16V,2024-01-06 06:03:43.533000+00:00,004, ,, , 
net_Fk1t3YwBSd_mrKXNC16V,Fk1t3YwBSd_mrKXNC16V,2024-01-06 06:03:43.546000+00:00,004, ,, , 
net_HE1t3YwBSd_mrKXNC16V,HE1t3YwBSd_mrKXNC16V,2024-01-06 06:03:43.560000+00:00,004, ,, , 
net_Hk1t3YwBSd_mrKXNDF4x,Hk1t3YwBSd_mrKXNDF4x,2024-01-06 06:03:43.564000+00:00,004, ,, , 
net_IE1t3YwBSd_mrKXNDF4x,IE1t3YwBSd_mrKXNDF4x,2024-01-06 06:03:43.573000+00:00,004, ,, , 
net_KE1t3YwBSd_mrKXNDF4x,KE1t3YwBSd_mrKXNDF4x,2024-01-06 06:03:43.599000+00:00,004, ,, , 
net_L01t3YwBSd_mrKXNDF4x,L01t3YwBSd_mrKXNDF4x,2024-01-06 06:03:43.614000+00:00,004, ,, , 
net_ME1t3YwBSd_mrKXNDF4x,ME1t3YwBSd_mrKXNDF4x,2024-01-06 06:03:43.616000+00:00,004, ,, , 
net_NE1t3YwBSd_mrKXNDF4x,NE1t3YwBSd_mrKXNDF4x,2024-01-06 06:03:43.626000+00:00,004, ,, , 
net_Nk1t3YwBSd_mrKXNDF4x,Nk1t3YwBSd_mrKXNDF4x,2024-01-06 06:03:43.629000+00:00,004, ,, , 
net_N01t3YwBSd_mrKXNDF4x,N01t3YwBSd_mrKXNDF4x,2024-01-06 06:03:43.632000+00:00,004, ,, , 
net_OE1t3YwBSd_mrKXNDF4x,OE1t3YwBSd_mrKXNDF4x,2024-01-06 06:03:43.633000+00:00,004, ,, , 
net_OU1t3YwBSd_mrKXNDF4x,OU1t3YwBSd_mrKXNDF4x,2024-01-06 06:03:43.636000+00:00,004, ,, , 
net_Ok1t3YwBSd_mrKXNDF4x,Ok1t3YwBSd_mrKXNDF4x,2024-01-06 06:03:43.638000+00:00,004, ,, , 
net_PE1t3YwBSd_mrKXNDF4x,PE1t3YwBSd_mrKXNDF4x,2024-01-06 06:03:43.647000+00:00,004, ,, , 
net_PU1t3YwBSd_mrKXNDF4x,PU1t3YwBSd_mrKXNDF4x,2024-01-06 06:03:43.649000+00:00,004, ,, , 
net_RE1t3YwBSd_mrKXNDF4x,RE1t3YwBSd_mrKXNDF4x,2024-01-06 06:03:43.665000+00:00,004, ,, , 
net_SU1t3YwBSd_mrKXNDF4x,SU1t3YwBSd_mrKXNDF4x,2024-01-06 06:03:43.677000+00:00,004, ,, , 
net_Sk1t3YwBSd_mrKXNDF4x,Sk1t3YwBSd_mrKXNDF4x,2024-01-06 06:03:43.677000+00:00,004, ,, , 
net_Uk1t3YwBSd_mrKXNDF7O,Uk1t3YwBSd_mrKXNDF7O,2024-01-06 06:03:43.724000+00:00,004, ,, , 
net_U01t3YwBSd_mrKXNDF7O,U01t3YwBSd_mrKXNDF7O,2024-01-06 06:03:43.725000+00:00,004, ,, , 
net_VE1t3YwBSd_mrKXNDF7O,VE1t3YwBSd_mrKXNDF7O,2024-01-06 06:03:43.728000+00:00,004, ,, , 
net_Wk1t3YwBSd_mrKXNDF7O,Wk1t3YwBSd_mrKXNDF7O,2024-01-06 06:03:43.741000+00:00,004, ,, , 
net_Xk1t3YwBSd_mrKXNDF7O,Xk1t3YwBSd_mrKXNDF7O,2024-01-06 06:03:43.750000+00:00,004, ,, , 
net_Yk1t3YwBSd_mrKXNDF7O,Yk1t3YwBSd_mrKXNDF7O,2024-01-06 06:03:43.761000+00:00,004, ,, , 
net_ZU1t3YwBSd_mrKXNDF7O,ZU1t3YwBSd_mrKXNDF7O,2024-01-06 06:03:43.769000+00:00,004, ,, , 
net_aE1t3YwBSd_mrKXNDF7O,aE1t3YwBSd_mrKXNDF7O,2024-01-06 06:03:43.793000+00:00,004, ,, , 
net_a01t3YwBSd_mrKXNDF7O,a01t3YwBSd_mrKXNDF7O,2024-01-06 06:03:43.800000+00:00,004, ,, , 
net_bE1t3YwBSd_mrKXNDF7O,bE1t3YwBSd_mrKXNDF7O,2024-01-06 06:03:43.801000+00:00,004, ,, , 
net_bU1t3YwBSd_mrKXNDF7O,bU1t3YwBSd_mrKXNDF7O,2024-01-06 06:03:43.803000+00:00,004, ,, , 
net_bk1t3YwBSd_mrKXNDF7O,bk1t3YwBSd_mrKXNDF7O,2024-01-06 06:03:43.805000+00:00,004, ,, , 
net_b01t3YwBSd_mrKXNDF7O,b01t3YwBSd_mrKXNDF7O,2024-01-06 06:03:43.807000+00:00,004, ,, , 
net_cE1t3YwBSd_mrKXNDF7O,cE1t3YwBSd_mrKXNDF7O,2024-01-06 06:03:43.809000+00:00,004, ,, , 
net_ck1t3YwBSd_mrKXNDF7O,ck1t3YwBSd_mrKXNDF7O,2024-01-06 06:03:43.814000+00:00,004, ,, , 
net_eE1t3YwBSd_mrKXNDF7O,eE1t3YwBSd_mrKXNDF7O,2024-01-06 06:03:43.828000+00:00,004, ,, , 
net_eU1t3YwBSd_mrKXNDF7O,eU1t3YwBSd_mrKXNDF7O,2024-01-06 06:03:43.829000+00:00,004, ,, , 
net_gU1t3YwBSd_mrKXNDF7O,gU1t3YwBSd_mrKXNDF7O,2024-01-06 06:03:43.849000+00:00,004, ,, , 
net_g01t3YwBSd_mrKXNDV5U,g01t3YwBSd_mrKXNDV5U,2024-01-06 06:03:43.853000+00:00,004, ,, , 
net_hU1t3YwBSd_mrKXNDV5U,hU1t3YwBSd_mrKXNDV5U,2024-01-06 06:03:43.858000+00:00,004, ,, , 
net_h01t3YwBSd_mrKXNDV5U,h01t3YwBSd_mrKXNDV5U,2024-01-06 06:03:43.861000+00:00,004, ,, , 
net_iE1t3YwBSd_mrKXNDV5U,iE1t3YwBSd_mrKXNDV5U,2024-01-06 06:03:43.864000+00:00,004, ,, , 
net_i01t3YwBSd_mrKXNDV5U,i01t3YwBSd_mrKXNDV5U,2024-01-06 06:03:43.870000+00:00,004, ,, , 
net_jE1t3YwBSd_mrKXNDV5U,jE1t3YwBSd_mrKXNDV5U,2024-01-06 06:03:43.872000+00:00,004, ,, , 
net_k01t3YwBSd_mrKXNDV5U,k01t3YwBSd_mrKXNDV5U,2024-01-06 06:03:43.887000+00:00,004, ,, , 
net_nk1t3YwBSd_mrKXNDV5U,nk1t3YwBSd_mrKXNDV5U,2024-01-06 06:03:43.912000+00:00,004, ,, , 
net_pk1t3YwBSd_mrKXNDV5U,pk1t3YwBSd_mrKXNDV5U,2024-01-06 06:03:43.929000+00:00,004, ,, , 
net_qk1t3YwBSd_mrKXNDV5U,qk1t3YwBSd_mrKXNDV5U,2024-01-06 06:03:43.939000+00:00,004, ,, , 
net_rE1t3YwBSd_mrKXNDV5U,rE1t3YwBSd_mrKXNDV5U,2024-01-06 06:03:43.944000+00:00,004, ,, , 
net_rk1t3YwBSd_mrKXNDV5U,rk1t3YwBSd_mrKXNDV5U,2024-01-06 06:03:43.949000+00:00,004, ,, , 
net_sU1t3YwBSd_mrKXNDV5U,sU1t3YwBSd_mrKXNDV5U,2024-01-06 06:03:43.954000+00:00,004, ,, , 
net_s01t3YwBSd_mrKXNDV5U,s01t3YwBSd_mrKXNDV5U,2024-01-06 06:03:43.958000+00:00,004, ,, , 
net_tE1t3YwBSd_mrKXNDl4W,tE1t3YwBSd_mrKXNDl4W,2024-01-06 06:03:43.960000+00:00,004, ,, , 
net_tU1t3YwBSd_mrKXNDl4W,tU1t3YwBSd_mrKXNDl4W,2024-01-06 06:03:43.962000+00:00,004, ,, , 
net_uU1t3YwBSd_mrKXNDl4W,uU1t3YwBSd_mrKXNDl4W,2024-01-06 06:03:44.015000+00:00,004, ,, , 
net_u01t3YwBSd_mrKXNDl4W,u01t3YwBSd_mrKXNDl4W,2024-01-06 06:03:44.017000+00:00,004, ,, , 
net_vE1t3YwBSd_mrKXNDl4W,vE1t3YwBSd_mrKXNDl4W,2024-01-06 06:03:44.021000+00:00,004, ,, , 
net_vk1t3YwBSd_mrKXNDl4W,vk1t3YwBSd_mrKXNDl4W,2024-01-06 06:03:44.024000+00:00,004, ,, , 
net_wE1t3YwBSd_mrKXNDl4W,wE1t3YwBSd_mrKXNDl4W,2024-01-06 06:03:44.030000+00:00,004, ,, , 
net_x01t3YwBSd_mrKXNDl4W,x01t3YwBSd_mrKXNDl4W,2024-01-06 06:03:44.055000+00:00,004, ,, , 
net_yE1t3YwBSd_mrKXNDl4W,yE1t3YwBSd_mrKXNDl4W,2024-01-06 06:03:44.056000+00:00,004, ,, , 
net_yk1t3YwBSd_mrKXNDl4W,yk1t3YwBSd_mrKXNDl4W,2024-01-06 06:03:44.065000+00:00,004, ,, , 
net_zU1t3YwBSd_mrKXNDl4W,zU1t3YwBSd_mrKXNDl4W,2024-01-06 06:03:44.074000+00:00,004, ,, , 
net_z01t3YwBSd_mrKXNDl4W,z01t3YwBSd_mrKXNDl4W,2024-01-06 06:03:44.084000+00:00,004, ,, , 
net_001t3YwBSd_mrKXNDl4W,001t3YwBSd_mrKXNDl4W,2024-01-06 06:03:44.096000+00:00,004, ,, , 
net_1U1t3YwBSd_mrKXNDl4W,1U1t3YwBSd_mrKXNDl4W,2024-01-06 06:03:44.101000+00:00,004, ,, , 
net_1k1t3YwBSd_mrKXNDl4W,1k1t3YwBSd_mrKXNDl4W,2024-01-06 06:03:44.101000+00:00,004, ,, , 
net_201t3YwBSd_mrKXNDl4W,201t3YwBSd_mrKXNDl4W,2024-01-06 06:03:44.113000+00:00,004, ,, , 
net_3E1t3YwBSd_mrKXNDl4W,3E1t3YwBSd_mrKXNDl4W,2024-01-06 06:03:44.115000+00:00,004, ,, , 
net_301t3YwBSd_mrKXNDl4W,301t3YwBSd_mrKXNDl4W,2024-01-06 06:03:44.123000+00:00,004, ,, , 
net_4E1t3YwBSd_mrKXNDl4W,4E1t3YwBSd_mrKXNDl4W,2024-01-06 06:03:44.125000+00:00,004, ,, , 
net_501t3YwBSd_mrKXNDl6F,501t3YwBSd_mrKXNDl6F,2024-01-06 06:03:44.140000+00:00,004, ,, , 
net_7U1t3YwBSd_mrKXNDl6F,7U1t3YwBSd_mrKXNDl6F,2024-01-06 06:03:44.153000+00:00,004, ,, , 
net_9U1t3YwBSd_mrKXNDl6F,9U1t3YwBSd_mrKXNDl6F,2024-01-06 06:03:44.171000+00:00,004, ,, , 
net_9k1t3YwBSd_mrKXNDl6F,9k1t3YwBSd_mrKXNDl6F,2024-01-06 06:03:44.173000+00:00,004, ,, , 
net_'-01t3YwBSd_mrKXNDl6F,'-01t3YwBSd_mrKXNDl6F,2024-01-06 06:03:44.184000+00:00,004, ,, , 
net__E1t3YwBSd_mrKXNDl6F,_E1t3YwBSd_mrKXNDl6F,2024-01-06 06:03:44.237000+00:00,004, ,, , 
net__U1t3YwBSd_mrKXNDl6F,_U1t3YwBSd_mrKXNDl6F,2024-01-06 06:03:44.239000+00:00,004, ,, , 
net__k1t3YwBSd_mrKXNDl6F,_k1t3YwBSd_mrKXNDl6F,2024-01-06 06:03:44.240000+00:00,004, ,, , 
net_AE1t3YwBSd_mrKXNDl-F,AE1t3YwBSd_mrKXNDl-F,2024-01-06 06:03:44.245000+00:00,004, ,, , 
net_AU1t3YwBSd_mrKXNDl-F,AU1t3YwBSd_mrKXNDl-F,2024-01-06 06:03:44.246000+00:00,004, ,, , 
net_A01t3YwBSd_mrKXNDl-F,A01t3YwBSd_mrKXNDl-F,2024-01-06 06:03:44.251000+00:00,004, ,, , 
net_BE1t3YwBSd_mrKXNDl-F,BE1t3YwBSd_mrKXNDl-F,2024-01-06 06:03:44.253000+00:00,004, ,, , 
net_BU1t3YwBSd_mrKXNDl-F,BU1t3YwBSd_mrKXNDl-F,2024-01-06 06:03:44.256000+00:00,004, ,, , 
net_B01t3YwBSd_mrKXNDl-F,B01t3YwBSd_mrKXNDl-F,2024-01-06 06:03:44.259000+00:00,004, ,, , 
net_CE1t3YwBSd_mrKXNDl-F,CE1t3YwBSd_mrKXNDl-F,2024-01-06 06:03:44.262000+00:00,004, ,, , 
net_CU1t3YwBSd_mrKXNDl-F,CU1t3YwBSd_mrKXNDl-F,2024-01-06 06:03:44.263000+00:00,004, ,, , 
net_Ck1t3YwBSd_mrKXNDl-F,Ck1t3YwBSd_mrKXNDl-F,2024-01-06 06:03:44.266000+00:00,004, ,, , 
net_Dk1t3YwBSd_mrKXNDl-F,Dk1t3YwBSd_mrKXNDl-F,2024-01-06 06:03:44.274000+00:00,004, ,, , 
net_GU1t3YwBSd_mrKXND18j,GU1t3YwBSd_mrKXND18j,2024-01-06 06:03:44.306000+00:00,004, ,, , 
net_HE1t3YwBSd_mrKXND18j,HE1t3YwBSd_mrKXND18j,2024-01-06 06:03:44.311000+00:00,004, ,, , 
net_Hk1t3YwBSd_mrKXND18j,Hk1t3YwBSd_mrKXND18j,2024-01-06 06:03:44.315000+00:00,004, ,, , 
net_H01t3YwBSd_mrKXND18j,H01t3YwBSd_mrKXND18j,2024-01-06 06:03:44.318000+00:00,004, ,, , 
net_Ik1t3YwBSd_mrKXND18j,Ik1t3YwBSd_mrKXND18j,2024-01-06 06:03:44.326000+00:00,004, ,, , 
net_JU1t3YwBSd_mrKXND18j,JU1t3YwBSd_mrKXND18j,2024-01-06 06:03:44.333000+00:00,004, ,, , 
net_Jk1t3YwBSd_mrKXND18j,Jk1t3YwBSd_mrKXND18j,2024-01-06 06:03:44.334000+00:00,004, ,, , 
net_K01t3YwBSd_mrKXND18j,K01t3YwBSd_mrKXND18j,2024-01-06 06:03:44.345000+00:00,004, ,, , 
net_LU1t3YwBSd_mrKXND18j,LU1t3YwBSd_mrKXND18j,2024-01-06 06:03:44.350000+00:00,004, ,, , 
net_Lk1t3YwBSd_mrKXND18j,Lk1t3YwBSd_mrKXND18j,2024-01-06 06:03:44.351000+00:00,004, ,, , 
net_L01t3YwBSd_mrKXND18j,L01t3YwBSd_mrKXND18j,2024-01-06 06:03:44.354000+00:00,004, ,, , 
net_Mk1t3YwBSd_mrKXND18j,Mk1t3YwBSd_mrKXND18j,2024-01-06 06:03:44.360000+00:00,004, ,, , 
net_NE1t3YwBSd_mrKXND18k,NE1t3YwBSd_mrKXND18k,2024-01-06 06:03:44.364000+00:00,004, ,, , 
net_OE1t3YwBSd_mrKXND18k,OE1t3YwBSd_mrKXND18k,2024-01-06 06:03:44.372000+00:00,004, ,, , 
net_Ok1t3YwBSd_mrKXND18k,Ok1t3YwBSd_mrKXND18k,2024-01-06 06:03:44.377000+00:00,004, ,, , 
net_PE1t3YwBSd_mrKXND18k,PE1t3YwBSd_mrKXND18k,2024-01-06 06:03:44.380000+00:00,004, ,, , 
net_Q01t3YwBSd_mrKXND18k,Q01t3YwBSd_mrKXND18k,2024-01-06 06:03:44.395000+00:00,004, ,, , 
net_Rk1t3YwBSd_mrKXND18k,Rk1t3YwBSd_mrKXND18k,2024-01-06 06:03:44.402000+00:00,004, ,, , 
net_TU1t3YwBSd_mrKXND1-Q,TU1t3YwBSd_mrKXND1-Q,2024-01-06 06:03:44.417000+00:00,004, ,, , 
net_VE1t3YwBSd_mrKXND1-Q,VE1t3YwBSd_mrKXND1-Q,2024-01-06 06:03:44.432000+00:00,004, ,, , 
net_VU1t3YwBSd_mrKXND1-Q,VU1t3YwBSd_mrKXND1-Q,2024-01-06 06:03:44.436000+00:00,004, ,, , 
net_Vk1t3YwBSd_mrKXND1-Q,Vk1t3YwBSd_mrKXND1-Q,2024-01-06 06:03:44.436000+00:00,004, ,, , 
net_XE1t3YwBSd_mrKXND1-Q,XE1t3YwBSd_mrKXND1-Q,2024-01-06 06:03:44.448000+00:00,004, ,, , 
net_aE1t3YwBSd_mrKXND1-Q,aE1t3YwBSd_mrKXND1-Q,2024-01-06 06:03:44.474000+00:00,004, ,, , 
net_aU1t3YwBSd_mrKXND1-Q,aU1t3YwBSd_mrKXND1-Q,2024-01-06 06:03:44.476000+00:00,004, ,, , 
net_ak1t3YwBSd_mrKXND1-Q,ak1t3YwBSd_mrKXND1-Q,2024-01-06 06:03:44.478000+00:00,004, ,, , 
net_cE1t3YwBSd_mrKXND1-Q,cE1t3YwBSd_mrKXND1-Q,2024-01-06 06:03:44.490000+00:00,004, ,, , 
net_dk1t3YwBSd_mrKXND1-Q,dk1t3YwBSd_mrKXND1-Q,2024-01-06 06:03:44.503000+00:00,004, ,, , 
net_ek1t3YwBSd_mrKXND1-Q,ek1t3YwBSd_mrKXND1-Q,2024-01-06 06:03:44.512000+00:00,004, ,, , 
net_e01t3YwBSd_mrKXND1-Q,e01t3YwBSd_mrKXND1-Q,2024-01-06 06:03:44.513000+00:00,004, ,, , 
net_fE1t3YwBSd_mrKXNEF8A,fE1t3YwBSd_mrKXNEF8A,2024-01-06 06:03:44.516000+00:00,004, ,, , 
net_f01t3YwBSd_mrKXNEF8B,f01t3YwBSd_mrKXNEF8B,2024-01-06 06:03:44.594000+00:00,004, ,, , 
net_gE1t3YwBSd_mrKXNEF8B,gE1t3YwBSd_mrKXNEF8B,2024-01-06 06:03:44.597000+00:00,004, ,, , 
net_gk1t3YwBSd_mrKXNEF8B,gk1t3YwBSd_mrKXNEF8B,2024-01-06 06:03:44.601000+00:00,004, ,, , 
net_g01t3YwBSd_mrKXNEF8B,g01t3YwBSd_mrKXNEF8B,2024-01-06 06:03:44.603000+00:00,004, ,, , 
net_hk1t3YwBSd_mrKXNEF8B,hk1t3YwBSd_mrKXNEF8B,2024-01-06 06:03:44.610000+00:00,004, ,, , 
net_jE1t3YwBSd_mrKXNEF8B,jE1t3YwBSd_mrKXNEF8B,2024-01-06 06:03:44.622000+00:00,004, ,, , 
net_kE1t3YwBSd_mrKXNEF8B,kE1t3YwBSd_mrKXNEF8B,2024-01-06 06:03:44.631000+00:00,004, ,, , 
net_kU1t3YwBSd_mrKXNEF8B,kU1t3YwBSd_mrKXNEF8B,2024-01-06 06:03:44.633000+00:00,004, ,, , 
net_kk1t3YwBSd_mrKXNEF8B,kk1t3YwBSd_mrKXNEF8B,2024-01-06 06:03:44.635000+00:00,004, ,, , 
net_lk1t3YwBSd_mrKXNEF8B,lk1t3YwBSd_mrKXNEF8B,2024-01-06 06:03:44.644000+00:00,004, ,, , 
net_l01t3YwBSd_mrKXNEF8B,l01t3YwBSd_mrKXNEF8B,2024-01-06 06:03:44.646000+00:00,004, ,, , 
net_mk1t3YwBSd_mrKXNEF8B,mk1t3YwBSd_mrKXNEF8B,2024-01-06 06:03:44.653000+00:00,004, ,, , 
net_nU1t3YwBSd_mrKXNEF8B,nU1t3YwBSd_mrKXNEF8B,2024-01-06 06:03:44.659000+00:00,004, ,, , 
net_nk1t3YwBSd_mrKXNEF8B,nk1t3YwBSd_mrKXNEF8B,2024-01-06 06:03:44.661000+00:00,004, ,, , 
net_pU1t3YwBSd_mrKXNEF8B,pU1t3YwBSd_mrKXNEF8B,2024-01-06 06:03:44.682000+00:00,004, ,, , 
net_sU1t3YwBSd_mrKXNEF-c,sU1t3YwBSd_mrKXNEF-c,2024-01-06 06:03:44.708000+00:00,004, ,, , 
net_tU1t3YwBSd_mrKXNEF-c,tU1t3YwBSd_mrKXNEF-c,2024-01-06 06:03:44.717000+00:00,004, ,, , 
net_t01t3YwBSd_mrKXNEF-c,t01t3YwBSd_mrKXNEF-c,2024-01-06 06:03:44.721000+00:00,004, ,, , 
net_uE1t3YwBSd_mrKXNEF-c,uE1t3YwBSd_mrKXNEF-c,2024-01-06 06:03:44.723000+00:00,004, ,, , 
net_u01t3YwBSd_mrKXNEF-c,u01t3YwBSd_mrKXNEF-c,2024-01-06 06:03:44.732000+00:00,004, ,, , 
net_wE1t3YwBSd_mrKXNEF-c,wE1t3YwBSd_mrKXNEF-c,2024-01-06 06:03:44.742000+00:00,004, ,, , 
net_wk1t3YwBSd_mrKXNEF-c,wk1t3YwBSd_mrKXNEF-c,2024-01-06 06:03:44.746000+00:00,004, ,, , 
net_w01t3YwBSd_mrKXNEF-c,w01t3YwBSd_mrKXNEF-c,2024-01-06 06:03:44.749000+00:00,004, ,, , 
net_xE1t3YwBSd_mrKXNEF-c,xE1t3YwBSd_mrKXNEF-c,2024-01-06 06:03:44.751000+00:00,004, ,, , 
net_xk1t3YwBSd_mrKXNEF-c,xk1t3YwBSd_mrKXNEF-c,2024-01-06 06:03:44.755000+00:00,004, ,, , 
net_z01t3YwBSd_mrKXNEF-c,z01t3YwBSd_mrKXNEF-c,2024-01-06 06:03:44.774000+00:00,004, ,, , 
net_2k1t3YwBSd_mrKXNEF-c,2k1t3YwBSd_mrKXNEF-c,2024-01-06 06:03:44.802000+00:00,004, ,, , 
net_201t3YwBSd_mrKXNEF-c,201t3YwBSd_mrKXNEF-c,2024-01-06 06:03:44.805000+00:00,004, ,, , 
net_3E1t3YwBSd_mrKXNEF-c,3E1t3YwBSd_mrKXNEF-c,2024-01-06 06:03:44.808000+00:00,004, ,, , 
net_4E1t3YwBSd_mrKXNEF_7,4E1t3YwBSd_mrKXNEF_7,2024-01-06 06:03:44.816000+00:00,004, ,, , 
net_4U1t3YwBSd_mrKXNEF_7,4U1t3YwBSd_mrKXNEF_7,2024-01-06 06:03:44.822000+00:00,004, ,, , 
net_5E1t3YwBSd_mrKXNEF_7,5E1t3YwBSd_mrKXNEF_7,2024-01-06 06:03:44.828000+00:00,004, ,, , 
net_501t3YwBSd_mrKXNEF_7,501t3YwBSd_mrKXNEF_7,2024-01-06 06:03:44.834000+00:00,004, ,, , 
net_6E1t3YwBSd_mrKXNEF_7,6E1t3YwBSd_mrKXNEF_7,2024-01-06 06:03:44.837000+00:00,004, ,, , 
net_6U1t3YwBSd_mrKXNEF_7,6U1t3YwBSd_mrKXNEF_7,2024-01-06 06:03:44.839000+00:00,004, ,, , 
net_701t3YwBSd_mrKXNEF_7,701t3YwBSd_mrKXNEF_7,2024-01-06 06:03:44.874000+00:00,004, ,, , 
net_8k1t3YwBSd_mrKXNEF_7,8k1t3YwBSd_mrKXNEF_7,2024-01-06 06:03:44.881000+00:00,004, ,, , 
net_9U1t3YwBSd_mrKXNEF_8,9U1t3YwBSd_mrKXNEF_8,2024-01-06 06:03:44.887000+00:00,004, ,, , 
net_9k1t3YwBSd_mrKXNEF_8,9k1t3YwBSd_mrKXNEF_8,2024-01-06 06:03:44.889000+00:00,004, ,, , 
net_'-E1t3YwBSd_mrKXNEF_8,'-E1t3YwBSd_mrKXNEF_8,2024-01-06 06:03:44.894000+00:00,004, ,, , 
net_'-U1t3YwBSd_mrKXNEF_8,'-U1t3YwBSd_mrKXNEF_8,2024-01-06 06:03:44.895000+00:00,004, ,, , 
net__01t3YwBSd_mrKXNEF_8,_01t3YwBSd_mrKXNEF_8,2024-01-06 06:03:44.910000+00:00,004, ,, , 
net_BU1t3YwBSd_mrKXNEGD8,BU1t3YwBSd_mrKXNEGD8,2024-01-06 06:03:44.925000+00:00,004, ,, , 
net_Bk1t3YwBSd_mrKXNEGD8,Bk1t3YwBSd_mrKXNEGD8,2024-01-06 06:03:44.926000+00:00,004, ,, , 
net_B01t3YwBSd_mrKXNEGD8,B01t3YwBSd_mrKXNEGD8,2024-01-06 06:03:44.951000+00:00,004, ,, , 
net_CU1t3YwBSd_mrKXNEGD8,CU1t3YwBSd_mrKXNEGD8,2024-01-06 06:03:44.952000+00:00,004, ,, , 
net_DE1t3YwBSd_mrKXNEGD8,DE1t3YwBSd_mrKXNEGD8,2024-01-06 06:03:44.959000+00:00,004, ,, , 
net_Dk1t3YwBSd_mrKXNEGD8,Dk1t3YwBSd_mrKXNEGD8,2024-01-06 06:03:44.975000+00:00,004, ,, , 
net_D01t3YwBSd_mrKXNEGD8,D01t3YwBSd_mrKXNEGD8,2024-01-06 06:03:44.975000+00:00,004, ,, , 
net_EE1t3YwBSd_mrKXNEGD8,EE1t3YwBSd_mrKXNEGD8,2024-01-06 06:03:44.975000+00:00,004, ,, , 
net_F01t3YwBSd_mrKXNEWB3,F01t3YwBSd_mrKXNEWB3,2024-01-06 06:04:00.785000+00:00,004, ,, , 
net_GU1t3YwBSd_mrKXNEWB3,GU1t3YwBSd_mrKXNEWB3,2024-01-06 06:04:00.792000+00:00,004, ,, , 
net_G01t3YwBSd_mrKXNEWB3,G01t3YwBSd_mrKXNEWB3,2024-01-06 06:04:00.799000+00:00,004, ,, , 
net_HU1t3YwBSd_mrKXNEWB3,HU1t3YwBSd_mrKXNEWB3,2024-01-06 06:04:00.800000+00:00,004, ,, , 
net_Hk1t3YwBSd_mrKXNEWB3,Hk1t3YwBSd_mrKXNEWB3,2024-01-06 06:04:00.809000+00:00,004, ,, , 
net_H01t3YwBSd_mrKXNEWB3,H01t3YwBSd_mrKXNEWB3,2024-01-06 06:04:00.810000+00:00,004, ,, , 
net_IE1t3YwBSd_mrKXNEWB3,IE1t3YwBSd_mrKXNEWB3,2024-01-06 06:04:00.810000+00:00,004, ,, , 
net_IU1t3YwBSd_mrKXNEWB3,IU1t3YwBSd_mrKXNEWB3,2024-01-06 06:04:00.813000+00:00,004, ,, , 
net_JE1t3YwBSd_mrKXNEWB3,JE1t3YwBSd_mrKXNEWB3,2024-01-06 06:04:00.821000+00:00,004, ,, , 
net_JU1t3YwBSd_mrKXNEWB3,JU1t3YwBSd_mrKXNEWB3,2024-01-06 06:04:00.821000+00:00,004, ,, , 
net_Jk1t3YwBSd_mrKXNEWB3,Jk1t3YwBSd_mrKXNEWB3,2024-01-06 06:04:00.823000+00:00,004, ,, , 
net_KE1t3YwBSd_mrKXNEWB3,KE1t3YwBSd_mrKXNEWB3,2024-01-06 06:04:00.830000+00:00,004, ,, , 
net_K01t3YwBSd_mrKXNEWB3,K01t3YwBSd_mrKXNEWB3,2024-01-06 06:04:00.837000+00:00,004, ,, , 
net_LE1t3YwBSd_mrKXNEWB3,LE1t3YwBSd_mrKXNEWB3,2024-01-06 06:04:00.837000+00:00,004, ,, , 
net_Lk1t3YwBSd_mrKXNEWB3,Lk1t3YwBSd_mrKXNEWB3,2024-01-06 06:04:00.843000+00:00,004, ,, , 
net_MU1t3YwBSd_mrKXNEWB3,MU1t3YwBSd_mrKXNEWB3,2024-01-06 06:04:00.849000+00:00,004, ,, , 
net_OE1t3YwBSd_mrKXNEWB3,OE1t3YwBSd_mrKXNEWB3,2024-01-06 06:04:01.027000+00:00,004, ,, , 
net_OU1t3YwBSd_mrKXNEWB3,OU1t3YwBSd_mrKXNEWB3,2024-01-06 06:04:01.028000+00:00,004, ,, , 
net_PE1t3YwBSd_mrKXNEWB3,PE1t3YwBSd_mrKXNEWB3,2024-01-06 06:04:02.815000+00:00,004, ,, , 
net_Pk1t3YwBSd_mrKXNEWB3,Pk1t3YwBSd_mrKXNEWB3,2024-01-06 06:04:02.815000+00:00,004, ,, , 
net_QU1t3YwBSd_mrKXNEWB3,QU1t3YwBSd_mrKXNEWB3,2024-01-06 06:04:02.815000+00:00,004, ,, , 
net_RU1t3YwBSd_mrKXNEWDp,RU1t3YwBSd_mrKXNEWDp,2024-01-06 06:04:02.816000+00:00,004, ,, , 
net_SE1t3YwBSd_mrKXNEWDp,SE1t3YwBSd_mrKXNEWDp,2024-01-06 06:04:02.822000+00:00,004, ,, , 
net_S01t3YwBSd_mrKXNEWDp,S01t3YwBSd_mrKXNEWDp,2024-01-06 06:04:02.829000+00:00,004, ,, , 
net_TE1t3YwBSd_mrKXNEWDp,TE1t3YwBSd_mrKXNEWDp,2024-01-06 06:04:02.835000+00:00,004, ,, , 
net_TU1t3YwBSd_mrKXNEWDp,TU1t3YwBSd_mrKXNEWDp,2024-01-06 06:04:02.835000+00:00,004, ,, , 
net_T01t3YwBSd_mrKXNEWDp,T01t3YwBSd_mrKXNEWDp,2024-01-06 06:04:02.841000+00:00,004, ,, , 
net_U01t3YwBSd_mrKXNEWDp,U01t3YwBSd_mrKXNEWDp,2024-01-06 06:04:02.848000+00:00,004, ,, , 
net_VE1t3YwBSd_mrKXNEWDp,VE1t3YwBSd_mrKXNEWDp,2024-01-06 06:04:02.848000+00:00,004, ,, , 
net_Wk1t3YwBSd_mrKXNEWDp,Wk1t3YwBSd_mrKXNEWDp,2024-01-06 06:04:02.867000+00:00,004, ,, , 
net_W01t3YwBSd_mrKXNEWDp,W01t3YwBSd_mrKXNEWDp,2024-01-06 06:04:02.872000+00:00,004, ,, , 
net_XU1t3YwBSd_mrKXNEWDp,XU1t3YwBSd_mrKXNEWDp,2024-01-06 06:04:02.873000+00:00,004, ,, , 
net_Xk1t3YwBSd_mrKXNEWDp,Xk1t3YwBSd_mrKXNEWDp,2024-01-06 06:04:02.878000+00:00,004, ,, , 
net_Yk1t3YwBSd_mrKXNEWDp,Yk1t3YwBSd_mrKXNEWDp,2024-01-06 06:04:02.885000+00:00,004, ,, , 
net_ZE1t3YwBSd_mrKXNEWDp,ZE1t3YwBSd_mrKXNEWDp,2024-01-06 06:04:02.984000+00:00,004, ,, , 
net_ZU1t3YwBSd_mrKXNEWDp,ZU1t3YwBSd_mrKXNEWDp,2024-01-06 06:04:02.984000+00:00,004, ,, , 
net_Zk1t3YwBSd_mrKXNEWDp,Zk1t3YwBSd_mrKXNEWDp,2024-01-06 06:04:03.042000+00:00,004, ,, , 
net_Z01t3YwBSd_mrKXNEWDp,Z01t3YwBSd_mrKXNEWDp,2024-01-06 06:04:03.043000+00:00,004, ,, , 
net_aE1t3YwBSd_mrKXNEWDp,aE1t3YwBSd_mrKXNEWDp,2024-01-06 06:04:04.795000+00:00,004, ,, , 
net_aU1t3YwBSd_mrKXNEWDp,aU1t3YwBSd_mrKXNEWDp,2024-01-06 06:04:04.795000+00:00,004, ,, , 
net_a01t3YwBSd_mrKXNEWDp,a01t3YwBSd_mrKXNEWDp,2024-01-06 06:04:04.799000+00:00,004, ,, , 
net_bk1t3YwBSd_mrKXNEWDp,bk1t3YwBSd_mrKXNEWDp,2024-01-06 06:04:04.806000+00:00,004, ,, , 
net_c01t3YwBSd_mrKXNEWDp,c01t3YwBSd_mrKXNEWDp,2024-01-06 06:04:04.837000+00:00,004, ,, , 
net_dU1t3YwBSd_mrKXNEWDp,dU1t3YwBSd_mrKXNEWDp,2024-01-06 06:04:04.843000+00:00,004, ,, , 
net_fk1t3YwBSd_mrKXNEmBn,fk1t3YwBSd_mrKXNEmBn,2024-01-06 06:04:04.863000+00:00,004, ,, , 
net_gE1t3YwBSd_mrKXNEmBn,gE1t3YwBSd_mrKXNEmBn,2024-01-06 06:04:04.869000+00:00,004, ,, , 
net_hk1t3YwBSd_mrKXNEmBn,hk1t3YwBSd_mrKXNEmBn,2024-01-06 06:04:04.884000+00:00,004, ,, , 
net_h01t3YwBSd_mrKXNEmBn,h01t3YwBSd_mrKXNEmBn,2024-01-06 06:04:04.885000+00:00,004, ,, , 
net_iE1t3YwBSd_mrKXNEmBn,iE1t3YwBSd_mrKXNEmBn,2024-01-06 06:04:04.892000+00:00,004, ,, , 
net_ik1t3YwBSd_mrKXNEmBn,ik1t3YwBSd_mrKXNEmBn,2024-01-06 06:04:04.892000+00:00,004, ,, , 
net_jU1t3YwBSd_mrKXNEmBn,jU1t3YwBSd_mrKXNEmBn,2024-01-06 06:04:04.898000+00:00,004, ,, , 
net_jk1t3YwBSd_mrKXNEmBn,jk1t3YwBSd_mrKXNEmBn,2024-01-06 06:04:04.921000+00:00,004, ,, , 
net_kE1t3YwBSd_mrKXNEmBn,kE1t3YwBSd_mrKXNEmBn,2024-01-06 06:04:04.921000+00:00,004, ,, , 
net_kU1t3YwBSd_mrKXNEmBn,kU1t3YwBSd_mrKXNEmBn,2024-01-06 06:04:04.999000+00:00,004, ,, , 
net_mU1t3YwBSd_mrKXNEmBn,mU1t3YwBSd_mrKXNEmBn,2024-01-06 06:04:06.804000+00:00,004, ,, , 
net_mk1t3YwBSd_mrKXNEmBn,mk1t3YwBSd_mrKXNEmBn,2024-01-06 06:04:06.803000+00:00,004, ,, , 
net_nk1t3YwBSd_mrKXNEmBn,nk1t3YwBSd_mrKXNEmBn,2024-01-06 06:04:06.815000+00:00,004, ,, , 
net_ok1t3YwBSd_mrKXNEmBn,ok1t3YwBSd_mrKXNEmBn,2024-01-06 06:04:06.840000+00:00,004, ,, , 
net_qU1t3YwBSd_mrKXNE2AP,qU1t3YwBSd_mrKXNE2AP,2024-01-06 06:04:06.858000+00:00,004, ,, , 
net_s01t3YwBSd_mrKXNE2AQ,s01t3YwBSd_mrKXNE2AQ,2024-01-06 06:04:06.878000+00:00,004, ,, , 
net_tE1t3YwBSd_mrKXNE2AQ,tE1t3YwBSd_mrKXNE2AQ,2024-01-06 06:04:06.879000+00:00,004, ,, , 
net_uE1t3YwBSd_mrKXNE2AQ,uE1t3YwBSd_mrKXNE2AQ,2024-01-06 06:04:06.903000+00:00,004, ,, , 
net_uU1t3YwBSd_mrKXNE2AQ,uU1t3YwBSd_mrKXNE2AQ,2024-01-06 06:04:06.903000+00:00,004, ,, , 
net_wU1t3YwBSd_mrKXNE2AQ,wU1t3YwBSd_mrKXNE2AQ,2024-01-06 06:04:07.013000+00:00,004, ,, , 
net_wk1t3YwBSd_mrKXNE2AQ,wk1t3YwBSd_mrKXNE2AQ,2024-01-06 06:04:07.014000+00:00,004, ,, , 
net_w01t3YwBSd_mrKXNE2AQ,w01t3YwBSd_mrKXNE2AQ,2024-01-06 06:04:07.015000+00:00,004, ,, , 
net_xU1t3YwBSd_mrKXNE2AQ,xU1t3YwBSd_mrKXNE2AQ,2024-01-06 06:04:08.802000+00:00,004, ,, , 
net_xk1t3YwBSd_mrKXNE2AQ,xk1t3YwBSd_mrKXNE2AQ,2024-01-06 06:04:08.803000+00:00,004, ,, , 
net_x01t3YwBSd_mrKXNE2AQ,x01t3YwBSd_mrKXNE2AQ,2024-01-06 06:04:08.804000+00:00,004, ,, , 
net_z01t3YwBSd_mrKXNE2AQ,z01t3YwBSd_mrKXNE2AQ,2024-01-06 06:04:08.821000+00:00,004, ,, , 
net_0E1t3YwBSd_mrKXNE2AQ,0E1t3YwBSd_mrKXNE2AQ,2024-01-06 06:04:08.824000+00:00,004, ,, , 
net_0k1t3YwBSd_mrKXNE2AQ,0k1t3YwBSd_mrKXNE2AQ,2024-01-06 06:04:08.828000+00:00,004, ,, , 
net_1E1t3YwBSd_mrKXNE2AQ,1E1t3YwBSd_mrKXNE2AQ,2024-01-06 06:04:08.832000+00:00,004, ,, , 
net_1U1t3YwBSd_mrKXNE2AQ,1U1t3YwBSd_mrKXNE2AQ,2024-01-06 06:04:08.834000+00:00,004, ,, , 
net_2E1t3YwBSd_mrKXNE2AQ,2E1t3YwBSd_mrKXNE2AQ,2024-01-06 06:04:08.842000+00:00,004, ,, , 
net_301_3YwBSd_mrKXNJGVN,301_3YwBSd_mrKXNJGVN,2024-01-06 06:39:01.456000+00:00,004, ,, , 
net_4E1_3YwBSd_mrKXNJGVN,4E1_3YwBSd_mrKXNJGVN,2024-01-06 06:39:01.464000+00:00,004, ,, , 
net_4k1_3YwBSd_mrKXNJGVN,4k1_3YwBSd_mrKXNJGVN,2024-01-06 06:39:01.465000+00:00,004, ,, , 
net_401_3YwBSd_mrKXNJGVN,401_3YwBSd_mrKXNJGVN,2024-01-06 06:39:01.470000+00:00,004, ,, , 
net_5E1_3YwBSd_mrKXNJGVN,5E1_3YwBSd_mrKXNJGVN,2024-01-06 06:39:01.470000+00:00,004, ,, , 
net_7k1_3YwBSd_mrKXNJGVN,7k1_3YwBSd_mrKXNJGVN,2024-01-06 06:39:03.456000+00:00,004, ,, , 
net_8E1_3YwBSd_mrKXNJGVN,8E1_3YwBSd_mrKXNJGVN,2024-01-06 06:39:03.460000+00:00,004, ,, , 
net_8k1_3YwBSd_mrKXNJGVN,8k1_3YwBSd_mrKXNJGVN,2024-01-06 06:39:03.465000+00:00,004, ,, , 
net_801_3YwBSd_mrKXNJGVN,801_3YwBSd_mrKXNJGVN,2024-01-06 06:39:03.467000+00:00,004, ,, , 
net_9E1_3YwBSd_mrKXNJGVN,9E1_3YwBSd_mrKXNJGVN,2024-01-06 06:39:03.470000+00:00,004, ,, , 
net_9U1_3YwBSd_mrKXNJGVN,9U1_3YwBSd_mrKXNJGVN,2024-01-06 06:39:03.471000+00:00,004, ,, , 
net__01_3YwBSd_mrKXNL2XJ,_01_3YwBSd_mrKXNL2XJ,2024-01-06 06:39:07.514000+00:00,004, ,, , 
net_vE143YwBSd_mrKXNb2V5,vE143YwBSd_mrKXNb2V5,2024-01-06 06:31:36.832000+00:00,004, ,,sohaib,root
net_vU143YwBSd_mrKXNb2V5,vU143YwBSd_mrKXNb2V5,2024-01-06 06:31:36.832000+00:00,004, ,, ,root
net_wE143YwBSd_mrKXNb2V5,wE143YwBSd_mrKXNb2V5,2024-01-06 06:31:36.850000+00:00,004, ,, , 
net_wU143YwBSd_mrKXNb2V5,wU143YwBSd_mrKXNb2V5,2024-01-06 06:31:36.894000+00:00,004, ,, , 
net_x0153YwBSd_mrKXNuWU8,x0153YwBSd_mrKXNuWU8,2024-01-06 06:33:02.957000+00:00,004, ,, , 
net_y0153YwBSd_mrKXNuWU8,y0153YwBSd_mrKXNuWU8,2024-01-06 06:33:02.959000+00:00,004, ,, , 
net_zU153YwBSd_mrKXNuWU8,zU153YwBSd_mrKXNuWU8,2024-01-06 06:33:04.934000+00:00,004, ,, , 
net_0U153YwBSd_mrKXNuWU8,0U153YwBSd_mrKXNuWU8,2024-01-06 06:33:06.996000+00:00,004, ,, , 
net_0k153YwBSd_mrKXNuWU8,0k153YwBSd_mrKXNuWU8,2024-01-06 06:33:06.997000+00:00,004, ,, , 
net_00153YwBSd_mrKXNuWU8,00153YwBSd_mrKXNuWU8,2024-01-06 06:33:06.999000+00:00,004, ,, , 
net_2E153YwBSd_mrKXNuWU8,2E153YwBSd_mrKXNuWU8,2024-01-06 06:33:07.010000+00:00,004, ,, , 
net_Ck2E3YwBSd_mrKXNsWbn,Ck2E3YwBSd_mrKXNsWbn,2024-01-06 06:45:07.955000+00:00,004, ,, , 
net_DE2E3YwBSd_mrKXNsWbn,DE2E3YwBSd_mrKXNsWbn,2024-01-06 06:45:07.957000+00:00,004, ,, , 
net_DU2E3YwBSd_mrKXNsWbn,DU2E3YwBSd_mrKXNsWbn,2024-01-06 06:45:07.982000+00:00,004, ,, , 
net_I02L3YwBSd_mrKXNo2ZG,I02L3YwBSd_mrKXNo2ZG,2024-01-06 06:52:38.497000+00:00,004, ,, , 
net_JE2L3YwBSd_mrKXNo2ZG,JE2L3YwBSd_mrKXNo2ZG,2024-01-06 06:52:38.547000+00:00,004, ,, , 
net_FU2G3YwBSd_mrKXNhmaK,FU2G3YwBSd_mrKXNhmaK,2024-01-06 06:47:02.183000+00:00,004, ,, , 
net_Fk2G3YwBSd_mrKXNhmaK,Fk2G3YwBSd_mrKXNhmaK,2024-01-06 06:47:02.211000+00:00,004, ,, , 
net_G02K3YwBSd_mrKXNQ2bt,G02K3YwBSd_mrKXNQ2bt,2024-01-06 06:51:08.406000+00:00,004, ,, , 
net_HE2K3YwBSd_mrKXNQ2bt,HE2K3YwBSd_mrKXNQ2bt,2024-01-06 06:51:08.426000+00:00,004, ,, , 
net_3E163YwBSd_mrKXNfGVs,3E163YwBSd_mrKXNfGVs,2024-01-06 06:33:59.122000+00:00,004, ,, , 
net_KU2P3YwBSd_mrKXNYWaz,KU2P3YwBSd_mrKXNYWaz,2024-01-06 06:56:45.481000+00:00,000, ,, , 
net_TE2X3YwBSd_mrKXNs2Z5,TE2X3YwBSd_mrKXNs2Z5,2024-01-06 07:05:45.759000+00:00,004, ,, , 
net_TU2X3YwBSd_mrKXNs2Z5,TU2X3YwBSd_mrKXNs2Z5,2024-01-06 07:05:45.990000+00:00,004, ,, , 
net_Tk2X3YwBSd_mrKXNs2Z5,Tk2X3YwBSd_mrKXNs2Z5,2024-01-06 07:05:45.992000+00:00,004, ,, , 
net_T02X3YwBSd_mrKXNs2Z5,T02X3YwBSd_mrKXNs2Z5,2024-01-06 07:05:53.642000+00:00,004, ,, , 
net_UE2X3YwBSd_mrKXNs2Z5,UE2X3YwBSd_mrKXNs2Z5,2024-01-06 07:05:53.646000+00:00,004, ,, , 
net_VE2X3YwBSd_mrKXNvWbD,VE2X3YwBSd_mrKXNvWbD,2024-01-06 07:05:55.640000+00:00,004, ,, , 
net_VU2X3YwBSd_mrKXNvWbD,VU2X3YwBSd_mrKXNvWbD,2024-01-06 07:05:55.643000+00:00,004, ,, , 
net_Vk2X3YwBSd_mrKXNwmaF,Vk2X3YwBSd_mrKXNwmaF,2024-01-06 07:05:57.635000+00:00,004, ,, , 
net_b02b3YwBSd_mrKXNAGZl,b02b3YwBSd_mrKXNAGZl,2024-01-06 07:09:30.310000+00:00,004, ,, , 
net_dU2b3YwBSd_mrKXNBGZW,dU2b3YwBSd_mrKXNBGZW,2024-01-06 07:09:32.301000+00:00,004, ,, , 
net_dk2b3YwBSd_mrKXNBGZW,dk2b3YwBSd_mrKXNBGZW,2024-01-06 07:09:32.307000+00:00,004, ,, , 
net_d02b3YwBSd_mrKXNDGYk,d02b3YwBSd_mrKXNDGYk,2024-01-06 07:09:32.308000+00:00,004, ,, , 
net_eE2b3YwBSd_mrKXNDGYk,eE2b3YwBSd_mrKXNDGYk,2024-01-06 07:09:32.310000+00:00,004, ,, , 
net_YE2a3YwBSd_mrKXNqmYj,YE2a3YwBSd_mrKXNqmYj,2024-01-06 07:09:06.073000+00:00,004, ,, , 
net_YU2a3YwBSd_mrKXNtWbS,YU2a3YwBSd_mrKXNtWbS,2024-01-06 07:09:10.273000+00:00,004, ,, , 
net_Yk2a3YwBSd_mrKXNtWbS,Yk2a3YwBSd_mrKXNtWbS,2024-01-06 07:09:10.273000+00:00,004, ,, , 
net_Z02a3YwBSd_mrKXNtWbS,Z02a3YwBSd_mrKXNtWbS,2024-01-06 07:09:10.285000+00:00,004, ,, , 
net_aU2a3YwBSd_mrKXNtWbS,aU2a3YwBSd_mrKXNtWbS,2024-01-06 07:09:10.296000+00:00,004, ,, , 
net_K02P3YwBSd_mrKXNtmau,K02P3YwBSd_mrKXNtmau,2024-01-06 06:57:08.875000+00:00,004, ,, , 
net_LU2P3YwBSd_mrKXNtmau,LU2P3YwBSd_mrKXNtmau,2024-01-06 06:57:09.450000+00:00,004, ,, , 
net_ME2P3YwBSd_mrKXNtmau,ME2P3YwBSd_mrKXNtmau,2024-01-06 06:57:09.451000+00:00,004, ,, , 
net_M02P3YwBSd_mrKXNtmau,M02P3YwBSd_mrKXNtmau,2024-01-06 06:57:09.450000+00:00,004, ,, , 
net_NE2R3YwBSd_mrKXNKmYC,NE2R3YwBSd_mrKXNKmYC,2024-01-06 06:58:43.440000+00:00,004, ,, , 
net_RE2V3YwBSd_mrKXNVGaK,RE2V3YwBSd_mrKXNVGaK,2024-01-06 07:03:09.416000+00:00,004, ,, , 
net_SU2V3YwBSd_mrKXNVGaL,SU2V3YwBSd_mrKXNVGaL,2024-01-06 07:03:09.429000+00:00,004, ,, , 
net_Wk2X3YwBSd_mrKXNzWa9,Wk2X3YwBSd_mrKXNzWa9,2024-01-06 07:05:59.701000+00:00,004, ,, , 
net_a02a3YwBSd_mrKXNxWa1,a02a3YwBSd_mrKXNxWa1,2024-01-06 07:09:14.327000+00:00,004, ,, , 
net_Kk2P3YwBSd_mrKXNfGYV,Kk2P3YwBSd_mrKXNfGYV,2024-01-06 06:56:54.401000+00:00,000, ,, , 
net_2k1t3YwBSd_mrKXNE2Cd,2k1t3YwBSd_mrKXNE2Cd,2024-01-06 06:04:08.845000+00:00,004, ,, , 
net_3U1t3YwBSd_mrKXNE2Cd,3U1t3YwBSd_mrKXNE2Cd,2024-01-06 06:04:08.856000+00:00,004, ,, , 
net_401t3YwBSd_mrKXNE2Cd,401t3YwBSd_mrKXNE2Cd,2024-01-06 06:04:08.869000+00:00,004, ,, , 
net_7U1t3YwBSd_mrKXNE2Cd,7U1t3YwBSd_mrKXNE2Cd,2024-01-06 06:04:09.008000+00:00,004, ,, , 
net_7k1t3YwBSd_mrKXNE2Cd,7k1t3YwBSd_mrKXNE2Cd,2024-01-06 06:04:09.008000+00:00,004, ,, , 
net_9E1t3YwBSd_mrKXNE2Cd,9E1t3YwBSd_mrKXNE2Cd,2024-01-06 06:04:10.822000+00:00,004, ,, , 
net_9k1t3YwBSd_mrKXNE2Cd,9k1t3YwBSd_mrKXNE2Cd,2024-01-06 06:04:10.822000+00:00,004, ,, , 
net_901t3YwBSd_mrKXNE2Cd,901t3YwBSd_mrKXNE2Cd,2024-01-06 06:04:10.829000+00:00,004, ,, , 
net_'-E1t3YwBSd_mrKXNE2Cd,'-E1t3YwBSd_mrKXNE2Cd,2024-01-06 06:04:10.829000+00:00,004, ,, , 
net_'-01t3YwBSd_mrKXNE2Cd,'-01t3YwBSd_mrKXNE2Cd,2024-01-06 06:04:10.835000+00:00,004, ,, , 
net__E1t3YwBSd_mrKXNE2Cd,_E1t3YwBSd_mrKXNE2Cd,2024-01-06 06:04:10.840000+00:00,004, ,, , 
net__U1t3YwBSd_mrKXNE2Cd,_U1t3YwBSd_mrKXNE2Cd,2024-01-06 06:04:10.840000+00:00,004, ,, , 
net__01t3YwBSd_mrKXNE2Cd,_01t3YwBSd_mrKXNE2Cd,2024-01-06 06:04:10.847000+00:00,004, ,, , 
net_AE1t3YwBSd_mrKXNE2Gd,AE1t3YwBSd_mrKXNE2Gd,2024-01-06 06:04:10.847000+00:00,004, ,, , 
net_Ak1t3YwBSd_mrKXNE2Gd,Ak1t3YwBSd_mrKXNE2Gd,2024-01-06 06:04:10.853000+00:00,004, ,, , 
net_BU1t3YwBSd_mrKXNE2Gd,BU1t3YwBSd_mrKXNE2Gd,2024-01-06 06:04:10.860000+00:00,004, ,, , 
net_CE1t3YwBSd_mrKXNE2Gd,CE1t3YwBSd_mrKXNE2Gd,2024-01-06 06:04:10.867000+00:00,004, ,, , 
net_DE1t3YwBSd_mrKXNFGEL,DE1t3YwBSd_mrKXNFGEL,2024-01-06 06:04:10.873000+00:00,004, ,, , 
net_DU1t3YwBSd_mrKXNFGEL,DU1t3YwBSd_mrKXNFGEL,2024-01-06 06:04:10.874000+00:00,004, ,, , 
net_EU1t3YwBSd_mrKXNFGEL,EU1t3YwBSd_mrKXNFGEL,2024-01-06 06:04:10.887000+00:00,004, ,, , 
net_Ek1t3YwBSd_mrKXNFGEL,Ek1t3YwBSd_mrKXNFGEL,2024-01-06 06:04:10.887000+00:00,004, ,, , 
net_FE1t3YwBSd_mrKXNFGEL,FE1t3YwBSd_mrKXNFGEL,2024-01-06 06:04:10.895000+00:00,004, ,, , 
net_F01t3YwBSd_mrKXNFGEL,F01t3YwBSd_mrKXNFGEL,2024-01-06 06:04:10.901000+00:00,004, ,, , 
net_GU1t3YwBSd_mrKXNFGEL,GU1t3YwBSd_mrKXNFGEL,2024-01-06 06:04:10.902000+00:00,004, ,, , 
net_H01t3YwBSd_mrKXNFGEL,H01t3YwBSd_mrKXNFGEL,2024-01-06 06:04:11.049000+00:00,004, ,, , 
net_JU1t3YwBSd_mrKXNFGEL,JU1t3YwBSd_mrKXNFGEL,2024-01-06 06:04:12.847000+00:00,004, ,, , 
net_KU1t3YwBSd_mrKXNFGEL,KU1t3YwBSd_mrKXNFGEL,2024-01-06 06:04:12.852000+00:00,004, ,, , 
net_Kk1t3YwBSd_mrKXNFGEL,Kk1t3YwBSd_mrKXNFGEL,2024-01-06 06:04:12.847000+00:00,004, ,, , 
net_LE1t3YwBSd_mrKXNFGEL,LE1t3YwBSd_mrKXNFGEL,2024-01-06 06:04:12.848000+00:00,004, ,, , 
net_LU1t3YwBSd_mrKXNFGEL,LU1t3YwBSd_mrKXNFGEL,2024-01-06 06:04:12.848000+00:00,004, ,, , 
net_L01t3YwBSd_mrKXNFGEL,L01t3YwBSd_mrKXNFGEL,2024-01-06 06:04:12.857000+00:00,004, ,, , 
net_ME1t3YwBSd_mrKXNFGEL,ME1t3YwBSd_mrKXNFGEL,2024-01-06 06:04:12.857000+00:00,004, ,, , 
net_Nk1t3YwBSd_mrKXNFGEL,Nk1t3YwBSd_mrKXNFGEL,2024-01-06 06:04:12.869000+00:00,004, ,, , 
net_P01t3YwBSd_mrKXNFGGD,P01t3YwBSd_mrKXNFGGD,2024-01-06 06:04:12.889000+00:00,004, ,, , 
net_Qk1t3YwBSd_mrKXNFGGD,Qk1t3YwBSd_mrKXNFGGD,2024-01-06 06:04:12.895000+00:00,004, ,, , 
net_Q01t3YwBSd_mrKXNFGGD,Q01t3YwBSd_mrKXNFGGD,2024-01-06 06:04:12.895000+00:00,004, ,, , 
net_RU1t3YwBSd_mrKXNFGGD,RU1t3YwBSd_mrKXNFGGD,2024-01-06 06:04:12.901000+00:00,004, ,, , 
net_SU1t3YwBSd_mrKXNFGGD,SU1t3YwBSd_mrKXNFGGD,2024-01-06 06:04:13.045000+00:00,004, ,, , 
net_U01t3YwBSd_mrKXNFGGD,U01t3YwBSd_mrKXNFGGD,2024-01-06 06:04:14.830000+00:00,004, ,, , 
net_VU1t3YwBSd_mrKXNFGGD,VU1t3YwBSd_mrKXNFGGD,2024-01-06 06:04:14.835000+00:00,004, ,, , 
net_V01t3YwBSd_mrKXNFGGD,V01t3YwBSd_mrKXNFGGD,2024-01-06 06:04:14.839000+00:00,004, ,, , 
net_Wk1t3YwBSd_mrKXNFGGD,Wk1t3YwBSd_mrKXNFGGD,2024-01-06 06:04:14.845000+00:00,004, ,, , 
net_XE1t3YwBSd_mrKXNFGGD,XE1t3YwBSd_mrKXNFGGD,2024-01-06 06:04:14.850000+00:00,004, ,, , 
net_X01t3YwBSd_mrKXNFGGD,X01t3YwBSd_mrKXNFGGD,2024-01-06 06:04:14.856000+00:00,004, ,, , 
net_YE1t3YwBSd_mrKXNFGGD,YE1t3YwBSd_mrKXNFGGD,2024-01-06 06:04:14.858000+00:00,004, ,, , 
net_a01t3YwBSd_mrKXNFGGD,a01t3YwBSd_mrKXNFGGD,2024-01-06 06:04:14.882000+00:00,004, ,, , 
net_bk1t3YwBSd_mrKXNFGGD,bk1t3YwBSd_mrKXNFGGD,2024-01-06 06:04:14.889000+00:00,004, ,, , 
net_b01t3YwBSd_mrKXNFGGD,b01t3YwBSd_mrKXNFGGD,2024-01-06 06:04:14.894000+00:00,004, ,, , 
net_cU1t3YwBSd_mrKXNFWEQ,cU1t3YwBSd_mrKXNFWEQ,2024-01-06 06:04:14.897000+00:00,004, ,, , 
net_ck1t3YwBSd_mrKXNFWEQ,ck1t3YwBSd_mrKXNFWEQ,2024-01-06 06:04:14.900000+00:00,004, ,, , 
net_dU1t3YwBSd_mrKXNFWEQ,dU1t3YwBSd_mrKXNFWEQ,2024-01-06 06:04:14.908000+00:00,004, ,, , 
net_d01t3YwBSd_mrKXNFWEQ,d01t3YwBSd_mrKXNFWEQ,2024-01-06 06:04:14.911000+00:00,004, ,, , 
net_fE1t3YwBSd_mrKXNFWEQ,fE1t3YwBSd_mrKXNFWEQ,2024-01-06 06:04:16.826000+00:00,004, ,, , 
net_fk1t3YwBSd_mrKXNFWER,fk1t3YwBSd_mrKXNFWER,2024-01-06 06:04:16.827000+00:00,004, ,, , 
net_f01t3YwBSd_mrKXNFWER,f01t3YwBSd_mrKXNFWER,2024-01-06 06:04:16.828000+00:00,004, ,, , 
net_g01t3YwBSd_mrKXNFWER,g01t3YwBSd_mrKXNFWER,2024-01-06 06:04:16.834000+00:00,004, ,, , 
net_hU1t3YwBSd_mrKXNFWER,hU1t3YwBSd_mrKXNFWER,2024-01-06 06:04:16.838000+00:00,004, ,, , 
net_hk1t3YwBSd_mrKXNFWER,hk1t3YwBSd_mrKXNFWER,2024-01-06 06:04:16.840000+00:00,004, ,, , 
net_h01t3YwBSd_mrKXNFWER,h01t3YwBSd_mrKXNFWER,2024-01-06 06:04:16.843000+00:00,004, ,, , 
net_i01t3YwBSd_mrKXNFWER,i01t3YwBSd_mrKXNFWER,2024-01-06 06:04:16.852000+00:00,004, ,, , 
net_jE1t3YwBSd_mrKXNFWER,jE1t3YwBSd_mrKXNFWER,2024-01-06 06:04:16.853000+00:00,004, ,, , 
net_kE1t3YwBSd_mrKXNFWER,kE1t3YwBSd_mrKXNFWER,2024-01-06 06:04:16.865000+00:00,004, ,, , 
net_lk1t3YwBSd_mrKXNFWER,lk1t3YwBSd_mrKXNFWER,2024-01-06 06:04:16.876000+00:00,004, ,, , 
net_m01t3YwBSd_mrKXNFWER,m01t3YwBSd_mrKXNFWER,2024-01-06 06:04:16.886000+00:00,004, ,, , 
net_oU1t3YwBSd_mrKXNFWER,oU1t3YwBSd_mrKXNFWER,2024-01-06 06:04:16.899000+00:00,004, ,, , 
net_o01t3YwBSd_mrKXNFWGC,o01t3YwBSd_mrKXNFWGC,2024-01-06 06:04:16.907000+00:00,004, ,, , 
net_pU1t3YwBSd_mrKXNFWGC,pU1t3YwBSd_mrKXNFWGC,2024-01-06 06:04:17.021000+00:00,004, ,, , 
net_pk1t3YwBSd_mrKXNFWGC,pk1t3YwBSd_mrKXNFWGC,2024-01-06 06:04:18.841000+00:00,004, ,, , 
net_qE1t3YwBSd_mrKXNFWGC,qE1t3YwBSd_mrKXNFWGC,2024-01-06 06:04:18.854000+00:00,004, ,, , 
net_rU1t3YwBSd_mrKXNFWGD,rU1t3YwBSd_mrKXNFWGD,2024-01-06 06:04:18.867000+00:00,004, ,, , 
net_rk1t3YwBSd_mrKXNFWGD,rk1t3YwBSd_mrKXNFWGD,2024-01-06 06:04:18.868000+00:00,004, ,, , 
net_sU1t3YwBSd_mrKXNFWGD,sU1t3YwBSd_mrKXNFWGD,2024-01-06 06:04:18.875000+00:00,004, ,, , 
net_s01t3YwBSd_mrKXNFWGD,s01t3YwBSd_mrKXNFWGD,2024-01-06 06:04:18.883000+00:00,004, ,, , 
net_tU1t3YwBSd_mrKXNFWGD,tU1t3YwBSd_mrKXNFWGD,2024-01-06 06:04:18.885000+00:00,004, ,, , 
net_t01t3YwBSd_mrKXNFWGG,t01t3YwBSd_mrKXNFWGG,2024-01-06 06:04:18.890000+00:00,004, ,, , 
net_uk1t3YwBSd_mrKXNFWGG,uk1t3YwBSd_mrKXNFWGG,2024-01-06 06:04:18.896000+00:00,004, ,, , 
net_vk1t3YwBSd_mrKXNFWGG,vk1t3YwBSd_mrKXNFWGG,2024-01-06 06:04:18.903000+00:00,004, ,, , 
net_wE1t3YwBSd_mrKXNFWGG,wE1t3YwBSd_mrKXNFWGG,2024-01-06 06:04:18.909000+00:00,004, ,, , 
net_wU1t3YwBSd_mrKXNFWGG,wU1t3YwBSd_mrKXNFWGG,2024-01-06 06:04:18.910000+00:00,004, ,, , 
net_xE1t3YwBSd_mrKXNFWGG,xE1t3YwBSd_mrKXNFWGG,2024-01-06 06:04:18.918000+00:00,004, ,, , 
net_xk1t3YwBSd_mrKXNFWGG,xk1t3YwBSd_mrKXNFWGG,2024-01-06 06:04:18.924000+00:00,004, ,, , 
net_yE1t3YwBSd_mrKXNFWGG,yE1t3YwBSd_mrKXNFWGG,2024-01-06 06:04:18.924000+00:00,004, ,, , 
net_zk1t3YwBSd_mrKXNFWGG,zk1t3YwBSd_mrKXNFWGG,2024-01-06 06:04:20.839000+00:00,004, ,, , 
net_0U1t3YwBSd_mrKXNFWGG,0U1t3YwBSd_mrKXNFWGG,2024-01-06 06:04:20.845000+00:00,004, ,, , 
net_001t3YwBSd_mrKXNFWGG,001t3YwBSd_mrKXNFWGG,2024-01-06 06:04:20.845000+00:00,004, ,, , 
net_1U1t3YwBSd_mrKXNFWHt,1U1t3YwBSd_mrKXNFWHt,2024-01-06 06:04:20.852000+00:00,004, ,, , 
net_1k1t3YwBSd_mrKXNFWHt,1k1t3YwBSd_mrKXNFWHt,2024-01-06 06:04:20.852000+00:00,004, ,, , 
net_2E1t3YwBSd_mrKXNFWHt,2E1t3YwBSd_mrKXNFWHt,2024-01-06 06:04:20.858000+00:00,004, ,, , 
net_201t3YwBSd_mrKXNFWHt,201t3YwBSd_mrKXNFWHt,2024-01-06 06:04:20.866000+00:00,004, ,, , 
net_4E1t3YwBSd_mrKXNFWHt,4E1t3YwBSd_mrKXNFWHt,2024-01-06 06:04:20.888000+00:00,004, ,, , 
net_401t3YwBSd_mrKXNFWHt,401t3YwBSd_mrKXNFWHt,2024-01-06 06:04:20.889000+00:00,004, ,, , 
net_5U1t3YwBSd_mrKXNFWHt,5U1t3YwBSd_mrKXNFWHt,2024-01-06 06:04:20.891000+00:00,004, ,, , 
net_6E1t3YwBSd_mrKXNFWHt,6E1t3YwBSd_mrKXNFWHt,2024-01-06 06:04:20.902000+00:00,004, ,, , 
net_6k1t3YwBSd_mrKXNFWHt,6k1t3YwBSd_mrKXNFWHt,2024-01-06 06:04:20.902000+00:00,004, ,, , 
net_601t3YwBSd_mrKXNFWHt,601t3YwBSd_mrKXNFWHt,2024-01-06 06:04:20.903000+00:00,004, ,, , 
net_7k1t3YwBSd_mrKXNFWHt,7k1t3YwBSd_mrKXNFWHt,2024-01-06 06:04:20.910000+00:00,004, ,, , 
net_8U1t3YwBSd_mrKXNFWHt,8U1t3YwBSd_mrKXNFWHt,2024-01-06 06:04:20.916000+00:00,004, ,, , 
net_9U1t3YwBSd_mrKXNFWHt,9U1t3YwBSd_mrKXNFWHt,2024-01-06 06:04:21.016000+00:00,004, ,, , 
net_9k1t3YwBSd_mrKXNFWHt,9k1t3YwBSd_mrKXNFWHt,2024-01-06 06:04:21.018000+00:00,004, ,, , 
net_901t3YwBSd_mrKXNFWHt,901t3YwBSd_mrKXNFWHt,2024-01-06 06:04:21.020000+00:00,004, ,, , 
net__E1t3YwBSd_mrKXNFWHt,_E1t3YwBSd_mrKXNFWHt,2024-01-06 06:04:22.854000+00:00,004, ,, , 
net__U1t3YwBSd_mrKXNFWHt,_U1t3YwBSd_mrKXNFWHt,2024-01-06 06:04:22.855000+00:00,004, ,, , 
net_AE1t3YwBSd_mrKXNFWLt,AE1t3YwBSd_mrKXNFWLt,2024-01-06 06:04:22.862000+00:00,004, ,, , 
net_Ak1t3YwBSd_mrKXNFWLt,Ak1t3YwBSd_mrKXNFWLt,2024-01-06 06:04:22.869000+00:00,004, ,, , 
net_A01t3YwBSd_mrKXNFWLt,A01t3YwBSd_mrKXNFWLt,2024-01-06 06:04:22.869000+00:00,004, ,, , 
net_B01t3YwBSd_mrKXNFmJf,B01t3YwBSd_mrKXNFmJf,2024-01-06 06:04:22.879000+00:00,004, ,, , 
net_CE1t3YwBSd_mrKXNFmJf,CE1t3YwBSd_mrKXNFmJf,2024-01-06 06:04:22.884000+00:00,004, ,, , 
net_CU1t3YwBSd_mrKXNFmJf,CU1t3YwBSd_mrKXNFmJf,2024-01-06 06:04:22.885000+00:00,004, ,, , 
net_EE1t3YwBSd_mrKXNFmJf,EE1t3YwBSd_mrKXNFmJf,2024-01-06 06:04:22.898000+00:00,004, ,, , 
net_EU1t3YwBSd_mrKXNFmJf,EU1t3YwBSd_mrKXNFmJf,2024-01-06 06:04:22.905000+00:00,004, ,, , 
net_Ek1t3YwBSd_mrKXNFmJf,Ek1t3YwBSd_mrKXNFmJf,2024-01-06 06:04:22.905000+00:00,004, ,, , 
net_GU1t3YwBSd_mrKXNFmJf,GU1t3YwBSd_mrKXNFmJf,2024-01-06 06:04:23.024000+00:00,004, ,, , 
net_Gk1t3YwBSd_mrKXNFmJf,Gk1t3YwBSd_mrKXNFmJf,2024-01-06 06:04:23.024000+00:00,004, ,, , 
net_Ik1t3YwBSd_mrKXNFmJf,Ik1t3YwBSd_mrKXNFmJf,2024-01-06 06:04:24.857000+00:00,004, ,, , 
net_JE1t3YwBSd_mrKXNFmJf,JE1t3YwBSd_mrKXNFmJf,2024-01-06 06:04:24.877000+00:00,004, ,, , 
net_Jk1t3YwBSd_mrKXNFmJf,Jk1t3YwBSd_mrKXNFmJf,2024-01-06 06:04:24.879000+00:00,004, ,, , 
net_Kk1t3YwBSd_mrKXNFmJf,Kk1t3YwBSd_mrKXNFmJf,2024-01-06 06:04:24.891000+00:00,004, ,, , 
net_K01t3YwBSd_mrKXNFmJf,K01t3YwBSd_mrKXNFmJf,2024-01-06 06:04:24.892000+00:00,004, ,, , 
net_Lk1t3YwBSd_mrKXNFmJf,Lk1t3YwBSd_mrKXNFmJf,2024-01-06 06:04:24.901000+00:00,004, ,, , 
net_ME1t3YwBSd_mrKXNFmJf,ME1t3YwBSd_mrKXNFmJf,2024-01-06 06:04:24.908000+00:00,004, ,, , 
net_MU1t3YwBSd_mrKXNFmJf,MU1t3YwBSd_mrKXNFmJf,2024-01-06 06:04:24.908000+00:00,004, ,, , 
net_Mk1t3YwBSd_mrKXNFmJf,Mk1t3YwBSd_mrKXNFmJf,2024-01-06 06:04:24.912000+00:00,004, ,, , 
net_NE1t3YwBSd_mrKXNFmJf,NE1t3YwBSd_mrKXNFmJf,2024-01-06 06:04:24.916000+00:00,004, ,, , 
net_Nk1t3YwBSd_mrKXNFmJf,Nk1t3YwBSd_mrKXNFmJf,2024-01-06 06:04:24.921000+00:00,004, ,, , 
net_N01t3YwBSd_mrKXNFmJf,N01t3YwBSd_mrKXNFmJf,2024-01-06 06:04:24.922000+00:00,004, ,, , 
net_O01t3YwBSd_mrKXNFmLw,O01t3YwBSd_mrKXNFmLw,2024-01-06 06:04:24.935000+00:00,004, ,, , 
net_P01t3YwBSd_mrKXNFmLw,P01t3YwBSd_mrKXNFmLw,2024-01-06 06:04:24.943000+00:00,004, ,, , 
net_QE1t3YwBSd_mrKXNFmLw,QE1t3YwBSd_mrKXNFmLw,2024-01-06 06:04:25.023000+00:00,004, ,, , 
net_RU1t3YwBSd_mrKXNFmLw,RU1t3YwBSd_mrKXNFmLw,2024-01-06 06:04:25.074000+00:00,004, ,, , 
net_SE1t3YwBSd_mrKXNFmLw,SE1t3YwBSd_mrKXNFmLw,2024-01-06 06:04:26.850000+00:00,004, ,, , 
net_Sk1t3YwBSd_mrKXNFmLw,Sk1t3YwBSd_mrKXNFmLw,2024-01-06 06:04:26.853000+00:00,004, ,, , 
net_UU1t3YwBSd_mrKXNFmLw,UU1t3YwBSd_mrKXNFmLw,2024-01-06 06:04:26.866000+00:00,004, ,, , 
net_VE1t3YwBSd_mrKXNFmLw,VE1t3YwBSd_mrKXNFmLw,2024-01-06 06:04:26.875000+00:00,004, ,, , 
net_WU1t3YwBSd_mrKXNFmLw,WU1t3YwBSd_mrKXNFmLw,2024-01-06 06:04:26.885000+00:00,004, ,, , 
net_XE1t3YwBSd_mrKXNFmLw,XE1t3YwBSd_mrKXNFmLw,2024-01-06 06:04:26.893000+00:00,004, ,, , 
net_Z01t3YwBSd_mrKXNFmLw,Z01t3YwBSd_mrKXNFmLw,2024-01-06 06:04:27.051000+00:00,004, ,, , 
net_bE1t3YwBSd_mrKXNF2Jr,bE1t3YwBSd_mrKXNF2Jr,2024-01-06 06:04:28.883000+00:00,004, ,, , 
net_cE1t3YwBSd_mrKXNF2Jr,cE1t3YwBSd_mrKXNF2Jr,2024-01-06 06:04:28.892000+00:00,004, ,, , 
net_ek1t3YwBSd_mrKXNF2Jr,ek1t3YwBSd_mrKXNF2Jr,2024-01-06 06:04:28.913000+00:00,004, ,, , 
net_e01t3YwBSd_mrKXNF2Jr,e01t3YwBSd_mrKXNF2Jr,2024-01-06 06:04:28.915000+00:00,004, ,, , 
net_fk1t3YwBSd_mrKXNF2Jr,fk1t3YwBSd_mrKXNF2Jr,2024-01-06 06:04:28.922000+00:00,004, ,, , 
net_g01t3YwBSd_mrKXNF2Jr,g01t3YwBSd_mrKXNF2Jr,2024-01-06 06:04:28.933000+00:00,004, ,, , 
net_i01t3YwBSd_mrKXNF2Jr,i01t3YwBSd_mrKXNF2Jr,2024-01-06 06:04:28.950000+00:00,004, ,, , 
net_j01t3YwBSd_mrKXNF2Jr,j01t3YwBSd_mrKXNF2Jr,2024-01-06 06:04:30.852000+00:00,004, ,, , 
net_k01t3YwBSd_mrKXNF2Jr,k01t3YwBSd_mrKXNF2Jr,2024-01-06 06:04:30.860000+00:00,004, ,, , 
net_lE1t3YwBSd_mrKXNF2Jr,lE1t3YwBSd_mrKXNF2Jr,2024-01-06 06:04:30.862000+00:00,004, ,, , 
net_lU1t3YwBSd_mrKXNF2Jr,lU1t3YwBSd_mrKXNF2Jr,2024-01-06 06:04:30.865000+00:00,004, ,, , 
net_mE1t3YwBSd_mrKXNF2Jr,mE1t3YwBSd_mrKXNF2Jr,2024-01-06 06:04:30.870000+00:00,004, ,, , 
net_mU1t3YwBSd_mrKXNF2Jr,mU1t3YwBSd_mrKXNF2Jr,2024-01-06 06:04:30.873000+00:00,004, ,, , 
net_nk1t3YwBSd_mrKXNF2Lv,nk1t3YwBSd_mrKXNF2Lv,2024-01-06 06:04:30.884000+00:00,004, ,, , 
net_pk1t3YwBSd_mrKXNF2Lv,pk1t3YwBSd_mrKXNF2Lv,2024-01-06 06:04:30.902000+00:00,004, ,, , 
net_r01t3YwBSd_mrKXNF2Lv,r01t3YwBSd_mrKXNF2Lv,2024-01-06 06:04:31.053000+00:00,004, ,, , 
net_s01t3YwBSd_mrKXNF2Lv,s01t3YwBSd_mrKXNF2Lv,2024-01-06 06:04:32.867000+00:00,004, ,, , 
net_tE1t3YwBSd_mrKXNF2Lv,tE1t3YwBSd_mrKXNF2Lv,2024-01-06 06:04:32.872000+00:00,004, ,, , 
net_tU1t3YwBSd_mrKXNF2Lv,tU1t3YwBSd_mrKXNF2Lv,2024-01-06 06:04:32.872000+00:00,004, ,, , 
net_uU1t3YwBSd_mrKXNF2Lv,uU1t3YwBSd_mrKXNF2Lv,2024-01-06 06:04:32.878000+00:00,004, ,, , 
net_uk1t3YwBSd_mrKXNF2Lv,uk1t3YwBSd_mrKXNF2Lv,2024-01-06 06:04:32.880000+00:00,004, ,, , 
net_vk1t3YwBSd_mrKXNF2Lv,vk1t3YwBSd_mrKXNF2Lv,2024-01-06 06:04:32.889000+00:00,004, ,, , 
net_v01t3YwBSd_mrKXNF2Lv,v01t3YwBSd_mrKXNF2Lv,2024-01-06 06:04:32.890000+00:00,004, ,, , 
net_wk1t3YwBSd_mrKXNF2Lv,wk1t3YwBSd_mrKXNF2Lv,2024-01-06 06:04:32.897000+00:00,004, ,, , 
net_xE1t3YwBSd_mrKXNF2Lv,xE1t3YwBSd_mrKXNF2Lv,2024-01-06 06:04:32.901000+00:00,004, ,, , 
net_yU1t3YwBSd_mrKXNF2Lv,yU1t3YwBSd_mrKXNF2Lv,2024-01-06 06:04:32.912000+00:00,004, ,, , 
net_yk1t3YwBSd_mrKXNF2Lv,yk1t3YwBSd_mrKXNF2Lv,2024-01-06 06:04:32.914000+00:00,004, ,, , 
net_y01t3YwBSd_mrKXNF2Lv,y01t3YwBSd_mrKXNF2Lv,2024-01-06 06:04:32.917000+00:00,004, ,, , 
net_0k1t3YwBSd_mrKXNGGKG,0k1t3YwBSd_mrKXNGGKG,2024-01-06 06:04:32.952000+00:00,004, ,, , 
net_001t3YwBSd_mrKXNGGKG,001t3YwBSd_mrKXNGGKG,2024-01-06 06:04:32.952000+00:00,004, ,, , 
net_1k1t3YwBSd_mrKXNGGKG,1k1t3YwBSd_mrKXNGGKG,2024-01-06 06:04:33.055000+00:00,004, ,, , 
net_101t3YwBSd_mrKXNGGKG,101t3YwBSd_mrKXNGGKG,2024-01-06 06:04:33.058000+00:00,004, ,, , 
net_2E1t3YwBSd_mrKXNGGKG,2E1t3YwBSd_mrKXNGGKG,2024-01-06 06:04:34.874000+00:00,004, ,, , 
net_2U1t3YwBSd_mrKXNGGKG,2U1t3YwBSd_mrKXNGGKG,2024-01-06 06:04:34.898000+00:00,004, ,, , 
net_3E1t3YwBSd_mrKXNGGKG,3E1t3YwBSd_mrKXNGGKG,2024-01-06 06:04:34.904000+00:00,004, ,, , 
net_3U1t3YwBSd_mrKXNGGKG,3U1t3YwBSd_mrKXNGGKG,2024-01-06 06:04:34.906000+00:00,004, ,, , 
net_5k1t3YwBSd_mrKXNGGKG,5k1t3YwBSd_mrKXNGGKG,2024-01-06 06:04:34.926000+00:00,004, ,, , 
net_501t3YwBSd_mrKXNGGKG,501t3YwBSd_mrKXNGGKG,2024-01-06 06:04:34.928000+00:00,004, ,, , 
net_701t3YwBSd_mrKXNGGKG,701t3YwBSd_mrKXNGGKG,2024-01-06 06:04:34.945000+00:00,004, ,, , 
net_801t3YwBSd_mrKXNGGKG,801t3YwBSd_mrKXNGGKG,2024-01-06 06:04:35.073000+00:00,004, ,, , 
net_901t3YwBSd_mrKXNGGKG,901t3YwBSd_mrKXNGGKG,2024-01-06 06:04:36.891000+00:00,004, ,, , 
net_'-k1t3YwBSd_mrKXNGGKG,'-k1t3YwBSd_mrKXNGGKG,2024-01-06 06:04:36.896000+00:00,004, ,, , 
net_AU1t3YwBSd_mrKXNGWMC,AU1t3YwBSd_mrKXNGWMC,2024-01-06 06:04:36.912000+00:00,004, ,, , 
net_A01t3YwBSd_mrKXNGWMC,A01t3YwBSd_mrKXNGWMC,2024-01-06 06:04:36.916000+00:00,004, ,, , 
net_CE1t3YwBSd_mrKXNGWMC,CE1t3YwBSd_mrKXNGWMC,2024-01-06 06:04:36.927000+00:00,004, ,, , 
net_DE1t3YwBSd_mrKXNGWMC,DE1t3YwBSd_mrKXNGWMC,2024-01-06 06:04:36.936000+00:00,004, ,, , 
net_DU1t3YwBSd_mrKXNGWMC,DU1t3YwBSd_mrKXNGWMC,2024-01-06 06:04:36.937000+00:00,004, ,, , 
net_Dk1t3YwBSd_mrKXNGWMC,Dk1t3YwBSd_mrKXNGWMC,2024-01-06 06:04:37.058000+00:00,004, ,, , 
net_EE1t3YwBSd_mrKXNGWMC,EE1t3YwBSd_mrKXNGWMC,2024-01-06 06:04:38.878000+00:00,004, ,, , 
net_E01t3YwBSd_mrKXNGWMC,E01t3YwBSd_mrKXNGWMC,2024-01-06 06:04:38.890000+00:00,004, ,, , 
net_FU1t3YwBSd_mrKXNGWMD,FU1t3YwBSd_mrKXNGWMD,2024-01-06 06:04:38.890000+00:00,004, ,, , 
net_Fk1t3YwBSd_mrKXNGWMD,Fk1t3YwBSd_mrKXNGWMD,2024-01-06 06:04:38.890000+00:00,004, ,, , 
net_GE1t3YwBSd_mrKXNGWMD,GE1t3YwBSd_mrKXNGWMD,2024-01-06 06:04:38.895000+00:00,004, ,, , 
net_HU1t3YwBSd_mrKXNGWMD,HU1t3YwBSd_mrKXNGWMD,2024-01-06 06:04:38.918000+00:00,004, ,, , 
net_Hk1t3YwBSd_mrKXNGWMD,Hk1t3YwBSd_mrKXNGWMD,2024-01-06 06:04:38.918000+00:00,004, ,, , 
net_IU1t3YwBSd_mrKXNGWMD,IU1t3YwBSd_mrKXNGWMD,2024-01-06 06:04:38.921000+00:00,004, ,, , 
net_Lk1t3YwBSd_mrKXNGWMD,Lk1t3YwBSd_mrKXNGWMD,2024-01-06 06:04:38.993000+00:00,004, ,, , 
net_L01t3YwBSd_mrKXNGWMD,L01t3YwBSd_mrKXNGWMD,2024-01-06 06:04:38.998000+00:00,004, ,, , 
net_ME1t3YwBSd_mrKXNGWN9,ME1t3YwBSd_mrKXNGWN9,2024-01-06 06:04:38.999000+00:00,004, ,, , 
net_M01t3YwBSd_mrKXNGWN9,M01t3YwBSd_mrKXNGWN9,2024-01-06 06:04:39.042000+00:00,004, ,, , 
net_NU1t3YwBSd_mrKXNGWN9,NU1t3YwBSd_mrKXNGWN9,2024-01-06 06:04:39.083000+00:00,004, ,, , 
net_Ok1t3YwBSd_mrKXNGWN9,Ok1t3YwBSd_mrKXNGWN9,2024-01-06 06:04:40.952000+00:00,004, ,, , 
net_O01t3YwBSd_mrKXNGWN9,O01t3YwBSd_mrKXNGWN9,2024-01-06 06:04:40.952000+00:00,004, ,, , 
net_PE1t3YwBSd_mrKXNGWN9,PE1t3YwBSd_mrKXNGWN9,2024-01-06 06:04:40.954000+00:00,004, ,, , 
net_QE1t3YwBSd_mrKXNGWN9,QE1t3YwBSd_mrKXNGWN9,2024-01-06 06:04:40.957000+00:00,004, ,, , 
net_QU1t3YwBSd_mrKXNGWN9,QU1t3YwBSd_mrKXNGWN9,2024-01-06 06:04:40.963000+00:00,004, ,, , 
net_Q01t3YwBSd_mrKXNGWN9,Q01t3YwBSd_mrKXNGWN9,2024-01-06 06:04:40.965000+00:00,004, ,, , 
net_R01t3YwBSd_mrKXNGWN9,R01t3YwBSd_mrKXNGWN9,2024-01-06 06:04:40.974000+00:00,004, ,, , 
net_Tk1t3YwBSd_mrKXNGWN9,Tk1t3YwBSd_mrKXNGWN9,2024-01-06 06:04:40.993000+00:00,004, ,, , 
net_UE1t3YwBSd_mrKXNGWN9,UE1t3YwBSd_mrKXNGWN9,2024-01-06 06:04:41.002000+00:00,004, ,, , 
net_WE1t3YwBSd_mrKXNGWN9,WE1t3YwBSd_mrKXNGWN9,2024-01-06 06:04:42.897000+00:00,004, ,, , 
net_W01t3YwBSd_mrKXNGWN9,W01t3YwBSd_mrKXNGWN9,2024-01-06 06:04:42.903000+00:00,004, ,, , 
net_XU1t3YwBSd_mrKXNGWN9,XU1t3YwBSd_mrKXNGWN9,2024-01-06 06:04:42.909000+00:00,004, ,, , 
net_X01t3YwBSd_mrKXNGWN9,X01t3YwBSd_mrKXNGWN9,2024-01-06 06:04:42.913000+00:00,004, ,, , 
net_Z01t3YwBSd_mrKXNGmMM,Z01t3YwBSd_mrKXNGmMM,2024-01-06 06:04:42.930000+00:00,004, ,, , 
net_ak1t3YwBSd_mrKXNGmMM,ak1t3YwBSd_mrKXNGmMM,2024-01-06 06:04:42.936000+00:00,004, ,, , 
net_bk1t3YwBSd_mrKXNGmMM,bk1t3YwBSd_mrKXNGmMM,2024-01-06 06:04:42.945000+00:00,004, ,, , 
net_b01t3YwBSd_mrKXNGmMM,b01t3YwBSd_mrKXNGmMM,2024-01-06 06:04:42.948000+00:00,004, ,, , 
net_dE1t3YwBSd_mrKXNGmMM,dE1t3YwBSd_mrKXNGmMM,2024-01-06 06:04:42.958000+00:00,004, ,, , 
net_dU1t3YwBSd_mrKXNGmMM,dU1t3YwBSd_mrKXNGmMM,2024-01-06 06:04:42.960000+00:00,004, ,, , 
net_d01t3YwBSd_mrKXNGmMM,d01t3YwBSd_mrKXNGmMM,2024-01-06 06:04:43.065000+00:00,004, ,, , 
net_fU1t3YwBSd_mrKXNGmMM,fU1t3YwBSd_mrKXNGmMM,2024-01-06 06:04:44.892000+00:00,004, ,, , 
net_g01t3YwBSd_mrKXNGmMM,g01t3YwBSd_mrKXNGmMM,2024-01-06 06:04:44.905000+00:00,004, ,, , 
net_jk1t3YwBSd_mrKXNGmMM,jk1t3YwBSd_mrKXNGmMM,2024-01-06 06:04:44.931000+00:00,004, ,, , 
net_kE1t3YwBSd_mrKXNGmMM,kE1t3YwBSd_mrKXNGmMM,2024-01-06 06:04:44.935000+00:00,004, ,, , 
net_kU1t3YwBSd_mrKXNGmMM,kU1t3YwBSd_mrKXNGmMM,2024-01-06 06:04:44.937000+00:00,004, ,, , 
net_lU1t3YwBSd_mrKXNGmO1,lU1t3YwBSd_mrKXNGmO1,2024-01-06 06:04:44.947000+00:00,004, ,, , 
net_lk1t3YwBSd_mrKXNGmO1,lk1t3YwBSd_mrKXNGmO1,2024-01-06 06:04:44.949000+00:00,004, ,, , 
net_oE1t3YwBSd_mrKXNGmO1,oE1t3YwBSd_mrKXNGmO1,2024-01-06 06:04:45.068000+00:00,004, ,, , 
net_oU1t3YwBSd_mrKXNGmO1,oU1t3YwBSd_mrKXNGmO1,2024-01-06 06:04:45.070000+00:00,004, ,, , 
net_pE1t3YwBSd_mrKXNGmO1,pE1t3YwBSd_mrKXNGmO1,2024-01-06 06:04:46.896000+00:00,004, ,, , 
net_pk1t3YwBSd_mrKXNGmO1,pk1t3YwBSd_mrKXNGmO1,2024-01-06 06:04:46.898000+00:00,004, ,, , 
net_qE1t3YwBSd_mrKXNGmO1,qE1t3YwBSd_mrKXNGmO1,2024-01-06 06:04:46.901000+00:00,004, ,, , 
net_rE1t3YwBSd_mrKXNGmO1,rE1t3YwBSd_mrKXNGmO1,2024-01-06 06:04:46.910000+00:00,004, ,, , 
net_rk1t3YwBSd_mrKXNGmO1,rk1t3YwBSd_mrKXNGmO1,2024-01-06 06:04:46.914000+00:00,004, ,, , 
net_r01t3YwBSd_mrKXNGmO1,r01t3YwBSd_mrKXNGmO1,2024-01-06 06:04:46.916000+00:00,004, ,, , 
net_s01t3YwBSd_mrKXNGmO1,s01t3YwBSd_mrKXNGmO1,2024-01-06 06:04:46.925000+00:00,004, ,, , 
net_tE1t3YwBSd_mrKXNGmO1,tE1t3YwBSd_mrKXNGmO1,2024-01-06 06:04:46.927000+00:00,004, ,, , 
net_tk1t3YwBSd_mrKXNGmO1,tk1t3YwBSd_mrKXNGmO1,2024-01-06 06:04:46.931000+00:00,004, ,, , 
net_t01t3YwBSd_mrKXNGmO1,t01t3YwBSd_mrKXNGmO1,2024-01-06 06:04:46.933000+00:00,004, ,, , 
net_uU1t3YwBSd_mrKXNGmO1,uU1t3YwBSd_mrKXNGmO1,2024-01-06 06:04:46.938000+00:00,004, ,, , 
net_u01t3YwBSd_mrKXNGmO1,u01t3YwBSd_mrKXNGmO1,2024-01-06 06:04:46.942000+00:00,004, ,, , 
net_wU1t3YwBSd_mrKXNGmO1,wU1t3YwBSd_mrKXNGmO1,2024-01-06 06:04:46.955000+00:00,004, ,, , 
net_yE1t3YwBSd_mrKXNG2Mo,yE1t3YwBSd_mrKXNG2Mo,2024-01-06 06:04:46.972000+00:00,004, ,, , 
net_yU1t3YwBSd_mrKXNG2Mo,yU1t3YwBSd_mrKXNG2Mo,2024-01-06 06:04:46.974000+00:00,004, ,, , 
net_y01t3YwBSd_mrKXNG2Mo,y01t3YwBSd_mrKXNG2Mo,2024-01-06 06:04:46.979000+00:00,004, ,, , 
net_zE1t3YwBSd_mrKXNG2Mo,zE1t3YwBSd_mrKXNG2Mo,2024-01-06 06:04:47.069000+00:00,004, ,, , 
net_z01t3YwBSd_mrKXNG2Mo,z01t3YwBSd_mrKXNG2Mo,2024-01-06 06:04:47.073000+00:00,004, ,, , 
net_0U1t3YwBSd_mrKXNG2Mo,0U1t3YwBSd_mrKXNG2Mo,2024-01-06 06:04:48.900000+00:00,004, ,, , 
net_1k1t3YwBSd_mrKXNG2Mo,1k1t3YwBSd_mrKXNG2Mo,2024-01-06 06:04:48.909000+00:00,004, ,, , 
net_101t3YwBSd_mrKXNG2Mo,101t3YwBSd_mrKXNG2Mo,2024-01-06 06:04:48.914000+00:00,004, ,, , 
net_2U1t3YwBSd_mrKXNG2Mo,2U1t3YwBSd_mrKXNG2Mo,2024-01-06 06:04:48.914000+00:00,004, ,, , 
net_301t3YwBSd_mrKXNG2Mp,301t3YwBSd_mrKXNG2Mp,2024-01-06 06:04:48.929000+00:00,004, ,, , 
net_5E1t3YwBSd_mrKXNG2Mp,5E1t3YwBSd_mrKXNG2Mp,2024-01-06 06:04:48.940000+00:00,004, ,, , 
net_6U1t3YwBSd_mrKXNG2Mp,6U1t3YwBSd_mrKXNG2Mp,2024-01-06 06:04:48.953000+00:00,004, ,, , 
net_7E1t3YwBSd_mrKXNG2Mp,7E1t3YwBSd_mrKXNG2Mp,2024-01-06 06:04:48.959000+00:00,004, ,, , 
net_8E1t3YwBSd_mrKXNG2Mp,8E1t3YwBSd_mrKXNG2Mp,2024-01-06 06:04:48.965000+00:00,004, ,, , 
net_8k1t3YwBSd_mrKXNG2Mp,8k1t3YwBSd_mrKXNG2Mp,2024-01-06 06:04:48.972000+00:00,004, ,, , 
net_901t3YwBSd_mrKXNG2Mp,901t3YwBSd_mrKXNG2Mp,2024-01-06 06:04:48.979000+00:00,004, ,, , 
net_'-E1t3YwBSd_mrKXNG2OO,'-E1t3YwBSd_mrKXNG2OO,2024-01-06 06:04:49.022000+00:00,004, ,, , 
net_'-U1t3YwBSd_mrKXNG2OO,'-U1t3YwBSd_mrKXNG2OO,2024-01-06 06:04:49.022000+00:00,004, ,, , 
net_'-k1t3YwBSd_mrKXNG2OO,'-k1t3YwBSd_mrKXNG2OO,2024-01-06 06:04:49.071000+00:00,004, ,, , 
net_'-01t3YwBSd_mrKXNG2OO,'-01t3YwBSd_mrKXNG2OO,2024-01-06 06:04:49.071000+00:00,004, ,, , 
net__E1t3YwBSd_mrKXNG2OO,_E1t3YwBSd_mrKXNG2OO,2024-01-06 06:04:49.074000+00:00,004, ,, , 
net__U1t3YwBSd_mrKXNG2OO,_U1t3YwBSd_mrKXNG2OO,2024-01-06 06:04:49.076000+00:00,004, ,, , 
net__01t3YwBSd_mrKXNG2OO,_01t3YwBSd_mrKXNG2OO,2024-01-06 06:04:50.899000+00:00,004, ,, , 
net_Ak1t3YwBSd_mrKXNG2SO,Ak1t3YwBSd_mrKXNG2SO,2024-01-06 06:04:50.905000+00:00,004, ,, , 
net_BE1t3YwBSd_mrKXNG2SO,BE1t3YwBSd_mrKXNG2SO,2024-01-06 06:04:50.911000+00:00,004, ,, , 
net_CU1t3YwBSd_mrKXNG2SO,CU1t3YwBSd_mrKXNG2SO,2024-01-06 06:04:50.923000+00:00,004, ,, , 
net_Ck1t3YwBSd_mrKXNG2SO,Ck1t3YwBSd_mrKXNG2SO,2024-01-06 06:04:50.925000+00:00,004, ,, , 
net_Dk1t3YwBSd_mrKXNG2SO,Dk1t3YwBSd_mrKXNG2SO,2024-01-06 06:04:50.940000+00:00,004, ,, , 
net_F01t3YwBSd_mrKXNG2SO,F01t3YwBSd_mrKXNG2SO,2024-01-06 06:04:50.953000+00:00,004, ,, , 
net_Gk1t3YwBSd_mrKXNG2SO,Gk1t3YwBSd_mrKXNG2SO,2024-01-06 06:04:50.959000+00:00,004, ,, , 
net_G01t3YwBSd_mrKXNG2SO,G01t3YwBSd_mrKXNG2SO,2024-01-06 06:04:50.961000+00:00,004, ,, , 
net_HE1t3YwBSd_mrKXNG2SO,HE1t3YwBSd_mrKXNG2SO,2024-01-06 06:04:50.963000+00:00,004, ,, , 
net_IE1t3YwBSd_mrKXNG2SO,IE1t3YwBSd_mrKXNG2SO,2024-01-06 06:04:51.074000+00:00,004, ,, , 
net_JE1t3YwBSd_mrKXNG2SO,JE1t3YwBSd_mrKXNG2SO,2024-01-06 06:04:52.903000+00:00,004, ,, , 
net_KU1t3YwBSd_mrKXNG2SO,KU1t3YwBSd_mrKXNG2SO,2024-01-06 06:04:52.937000+00:00,004, ,, , 
net_K01t3YwBSd_mrKXNG2T3,K01t3YwBSd_mrKXNG2T3,2024-01-06 06:04:52.942000+00:00,004, ,, , 
net_Lk1t3YwBSd_mrKXNG2T3,Lk1t3YwBSd_mrKXNG2T3,2024-01-06 06:04:52.954000+00:00,004, ,, , 
net_L01t3YwBSd_mrKXNG2T3,L01t3YwBSd_mrKXNG2T3,2024-01-06 06:04:52.954000+00:00,004, ,, , 
net_MU1t3YwBSd_mrKXNG2T3,MU1t3YwBSd_mrKXNG2T3,2024-01-06 06:04:52.957000+00:00,004, ,, , 
net_NU1t3YwBSd_mrKXNG2T3,NU1t3YwBSd_mrKXNG2T3,2024-01-06 06:04:52.966000+00:00,004, ,, , 
net_N01t3YwBSd_mrKXNG2T3,N01t3YwBSd_mrKXNG2T3,2024-01-06 06:04:52.971000+00:00,004, ,, , 
net_OE1t3YwBSd_mrKXNG2T3,OE1t3YwBSd_mrKXNG2T3,2024-01-06 06:04:52.972000+00:00,004, ,, , 
net_O01t3YwBSd_mrKXNG2T3,O01t3YwBSd_mrKXNG2T3,2024-01-06 06:04:52.980000+00:00,004, ,, , 
net_P01t3YwBSd_mrKXNG2T3,P01t3YwBSd_mrKXNG2T3,2024-01-06 06:04:52.989000+00:00,004, ,, , 
net_QE1t3YwBSd_mrKXNG2T3,QE1t3YwBSd_mrKXNG2T3,2024-01-06 06:04:52.991000+00:00,004, ,, , 
net_Qk1t3YwBSd_mrKXNG2T3,Qk1t3YwBSd_mrKXNG2T3,2024-01-06 06:04:52.995000+00:00,004, ,, , 
net_Rk1t3YwBSd_mrKXNG2T3,Rk1t3YwBSd_mrKXNG2T3,2024-01-06 06:04:53.004000+00:00,004, ,, , 
net_SU1t3YwBSd_mrKXNG2T3,SU1t3YwBSd_mrKXNG2T3,2024-01-06 06:04:54.905000+00:00,004, ,, , 
net_S01t3YwBSd_mrKXNG2T3,S01t3YwBSd_mrKXNG2T3,2024-01-06 06:04:54.907000+00:00,004, ,, , 
net_VE1t3YwBSd_mrKXNG2T3,VE1t3YwBSd_mrKXNG2T3,2024-01-06 06:04:54.933000+00:00,004, ,, , 
net_W01t3YwBSd_mrKXNG2T3,W01t3YwBSd_mrKXNG2T3,2024-01-06 06:04:54.950000+00:00,004, ,, , 
net_XE1t3YwBSd_mrKXNHGRY,XE1t3YwBSd_mrKXNHGRY,2024-01-06 06:04:54.950000+00:00,004, ,, , 
net_YE1t3YwBSd_mrKXNHGRY,YE1t3YwBSd_mrKXNHGRY,2024-01-06 06:04:54.960000+00:00,004, ,, , 
net_Y01t3YwBSd_mrKXNHGRY,Y01t3YwBSd_mrKXNHGRY,2024-01-06 06:04:54.965000+00:00,004, ,, , 
net_Z01t3YwBSd_mrKXNHGRY,Z01t3YwBSd_mrKXNHGRY,2024-01-06 06:04:54.981000+00:00,004, ,, , 
net_ak1t3YwBSd_mrKXNHGRY,ak1t3YwBSd_mrKXNHGRY,2024-01-06 06:04:54.981000+00:00,004, ,, , 
net_b01t3YwBSd_mrKXNHGRY,b01t3YwBSd_mrKXNHGRY,2024-01-06 06:04:55.078000+00:00,004, ,, , 
net_eE1t3YwBSd_mrKXNHGRY,eE1t3YwBSd_mrKXNHGRY,2024-01-06 06:04:56.917000+00:00,004, ,, , 
net_eU1t3YwBSd_mrKXNHGRY,eU1t3YwBSd_mrKXNHGRY,2024-01-06 06:04:56.919000+00:00,004, ,, , 
net_e01t3YwBSd_mrKXNHGRY,e01t3YwBSd_mrKXNHGRY,2024-01-06 06:04:56.923000+00:00,004, ,, , 
net_f01t3YwBSd_mrKXNHGRY,f01t3YwBSd_mrKXNHGRY,2024-01-06 06:04:56.931000+00:00,004, ,, , 
net_gU1t3YwBSd_mrKXNHGRY,gU1t3YwBSd_mrKXNHGRY,2024-01-06 06:04:56.936000+00:00,004, ,, , 
net_hU1t3YwBSd_mrKXNHGRY,hU1t3YwBSd_mrKXNHGRY,2024-01-06 06:04:56.944000+00:00,004, ,, , 
net_hk1t3YwBSd_mrKXNHGRY,hk1t3YwBSd_mrKXNHGRY,2024-01-06 06:04:56.946000+00:00,004, ,, , 
net_h01t3YwBSd_mrKXNHGRY,h01t3YwBSd_mrKXNHGRY,2024-01-06 06:04:56.948000+00:00,004, ,, , 
net_iU1t3YwBSd_mrKXNHGRY,iU1t3YwBSd_mrKXNHGRY,2024-01-06 06:04:56.953000+00:00,004, ,, , 
net_ik1t3YwBSd_mrKXNHGRY,ik1t3YwBSd_mrKXNHGRY,2024-01-06 06:04:56.955000+00:00,004, ,, , 
net_kk1t3YwBSd_mrKXNHGTI,kk1t3YwBSd_mrKXNHGTI,2024-01-06 06:04:56.972000+00:00,004, ,, , 
net_k01t3YwBSd_mrKXNHGTI,k01t3YwBSd_mrKXNHGTI,2024-01-06 06:04:56.974000+00:00,004, ,, , 
net_lU1t3YwBSd_mrKXNHGTI,lU1t3YwBSd_mrKXNHGTI,2024-01-06 06:04:57.080000+00:00,004, ,, , 
net_lk1t3YwBSd_mrKXNHGTI,lk1t3YwBSd_mrKXNHGTI,2024-01-06 06:04:57.080000+00:00,004, ,, , 
net_mE1t3YwBSd_mrKXNHGTI,mE1t3YwBSd_mrKXNHGTI,2024-01-06 06:04:57.096000+00:00,004, ,, , 
net_mU1t3YwBSd_mrKXNHGTI,mU1t3YwBSd_mrKXNHGTI,2024-01-06 06:04:58.909000+00:00,004, ,, , 
net_m01t3YwBSd_mrKXNHGTI,m01t3YwBSd_mrKXNHGTI,2024-01-06 06:04:58.915000+00:00,004, ,, , 
net_nE1t3YwBSd_mrKXNHGTI,nE1t3YwBSd_mrKXNHGTI,2024-01-06 06:04:58.914000+00:00,004, ,, , 
net_nU1t3YwBSd_mrKXNHGTI,nU1t3YwBSd_mrKXNHGTI,2024-01-06 06:04:58.921000+00:00,004, ,, , 
net_nk1t3YwBSd_mrKXNHGTI,nk1t3YwBSd_mrKXNHGTI,2024-01-06 06:04:58.921000+00:00,004, ,, , 
net_n01t3YwBSd_mrKXNHGTI,n01t3YwBSd_mrKXNHGTI,2024-01-06 06:04:58.922000+00:00,004, ,, , 
net_o01t3YwBSd_mrKXNHGTI,o01t3YwBSd_mrKXNHGTI,2024-01-06 06:04:58.969000+00:00,004, ,, , 
net_pk1t3YwBSd_mrKXNHGTI,pk1t3YwBSd_mrKXNHGTI,2024-01-06 06:05:06.922000+00:00,004, ,, , 
net_p01t3YwBSd_mrKXNHGTI,p01t3YwBSd_mrKXNHGTI,2024-01-06 06:05:06.925000+00:00,004, ,, , 
net_qE1t3YwBSd_mrKXNHGTI,qE1t3YwBSd_mrKXNHGTI,2024-01-06 06:05:06.927000+00:00,004, ,, , 
net_qU1t3YwBSd_mrKXNHGTI,qU1t3YwBSd_mrKXNHGTI,2024-01-06 06:05:06.929000+00:00,004, ,, , 
net_sU1t3YwBSd_mrKXNHGTI,sU1t3YwBSd_mrKXNHGTI,2024-01-06 06:05:06.946000+00:00,004, ,, , 
net_tU1t3YwBSd_mrKXNHGTI,tU1t3YwBSd_mrKXNHGTI,2024-01-06 06:05:06.966000+00:00,004, ,, , 
net_t01t3YwBSd_mrKXNHGTI,t01t3YwBSd_mrKXNHGTI,2024-01-06 06:05:07.089000+00:00,004, ,, , 
net_vE1t3YwBSd_mrKXNHGTI,vE1t3YwBSd_mrKXNHGTI,2024-01-06 06:05:08.927000+00:00,004, ,, , 
net_vU1t3YwBSd_mrKXNHGTI,vU1t3YwBSd_mrKXNHGTI,2024-01-06 06:05:08.927000+00:00,004, ,, , 
net_xE1t3YwBSd_mrKXNHmQj,xE1t3YwBSd_mrKXNHmQj,2024-01-06 06:05:08.948000+00:00,004, ,, , 
net_yE1t3YwBSd_mrKXNHmQj,yE1t3YwBSd_mrKXNHmQj,2024-01-06 06:05:08.955000+00:00,004, ,, , 
net_yk1t3YwBSd_mrKXNHmQj,yk1t3YwBSd_mrKXNHmQj,2024-01-06 06:05:08.961000+00:00,004, ,, , 
net_y01t3YwBSd_mrKXNHmQj,y01t3YwBSd_mrKXNHmQj,2024-01-06 06:05:08.961000+00:00,004, ,, , 
net_zU1t3YwBSd_mrKXNHmQj,zU1t3YwBSd_mrKXNHmQj,2024-01-06 06:05:08.967000+00:00,004, ,, , 
net_zk1t3YwBSd_mrKXNHmQj,zk1t3YwBSd_mrKXNHmQj,2024-01-06 06:05:08.967000+00:00,004, ,, , 
net_0k1t3YwBSd_mrKXNHmQj,0k1t3YwBSd_mrKXNHmQj,2024-01-06 06:05:08.974000+00:00,004, ,, , 
net_001t3YwBSd_mrKXNHmQj,001t3YwBSd_mrKXNHmQj,2024-01-06 06:05:08.980000+00:00,004, ,, , 
net_2E1t3YwBSd_mrKXNHmQj,2E1t3YwBSd_mrKXNHmQj,2024-01-06 06:05:08.987000+00:00,004, ,, , 
net_4U1t3YwBSd_mrKXNHmQj,4U1t3YwBSd_mrKXNHmQj,2024-01-06 06:07:46.748000+00:00,004, ,, , 
net_5E1t3YwBSd_mrKXNHmQj,5E1t3YwBSd_mrKXNHmQj,2024-01-06 06:07:46.759000+00:00,004, ,, , 
net_5U1t3YwBSd_mrKXNHmQj,5U1t3YwBSd_mrKXNHmQj,2024-01-06 06:07:46.759000+00:00,004, ,, , 
net_5k1t3YwBSd_mrKXNHmQj,5k1t3YwBSd_mrKXNHmQj,2024-01-06 06:07:46.765000+00:00,004, ,, , 
net_6E1t3YwBSd_mrKXNHmQj,6E1t3YwBSd_mrKXNHmQj,2024-01-06 06:07:46.766000+00:00,004, ,, , 
net_6k1t3YwBSd_mrKXNHmQj,6k1t3YwBSd_mrKXNHmQj,2024-01-06 06:07:46.774000+00:00,004, ,, , 
net_7U1t3YwBSd_mrKXNHmQj,7U1t3YwBSd_mrKXNHmQj,2024-01-06 06:07:46.780000+00:00,004, ,, , 
net_801t3YwBSd_mrKXNHmSl,801t3YwBSd_mrKXNHmSl,2024-01-06 06:07:46.793000+00:00,004, ,, , 
net_9U1t3YwBSd_mrKXNHmSl,9U1t3YwBSd_mrKXNHmSl,2024-01-06 06:07:46.799000+00:00,004, ,, , 
net_'-k1t3YwBSd_mrKXNHmSl,'-k1t3YwBSd_mrKXNHmSl,2024-01-06 06:08:22.738000+00:00,004, ,, , 
net_'-01t3YwBSd_mrKXNHmSl,'-01t3YwBSd_mrKXNHmSl,2024-01-06 06:08:22.779000+00:00,004, ,, , 
net__k1t3YwBSd_mrKXNHmSl,_k1t3YwBSd_mrKXNHmSl,2024-01-06 06:09:05.022000+00:00,004, ,, , 
net__01t3YwBSd_mrKXNHmSl,_01t3YwBSd_mrKXNHmSl,2024-01-06 06:09:05.023000+00:00,004, ,, , 
net_Ak1t3YwBSd_mrKXNHmWl,Ak1t3YwBSd_mrKXNHmWl,2024-01-06 06:09:05.033000+00:00,004, ,, , 
net_A01t3YwBSd_mrKXNHmWl,A01t3YwBSd_mrKXNHmWl,2024-01-06 06:09:05.035000+00:00,004, ,, , 
net_BE1t3YwBSd_mrKXNHmWl,BE1t3YwBSd_mrKXNHmWl,2024-01-06 06:09:05.037000+00:00,004, ,, , 
net_CU1t3YwBSd_mrKXNHmWl,CU1t3YwBSd_mrKXNHmWl,2024-01-06 06:09:30.828000+00:00,004, ,, , 
net_Dk1t3YwBSd_mrKXNHmWl,Dk1t3YwBSd_mrKXNHmWl,2024-01-06 06:09:30.844000+00:00,004, ,, , 
net_EU1t3YwBSd_mrKXNHmWl,EU1t3YwBSd_mrKXNHmWl,2024-01-06 06:09:30.852000+00:00,004, ,, , 
net_E01t3YwBSd_mrKXNHmWl,E01t3YwBSd_mrKXNHmWl,2024-01-06 06:09:30.852000+00:00,004, ,, , 
net_FU1t3YwBSd_mrKXNHmWl,FU1t3YwBSd_mrKXNHmWl,2024-01-06 06:09:30.859000+00:00,004, ,, , 
net_G01t3YwBSd_mrKXNHmWl,G01t3YwBSd_mrKXNHmWl,2024-01-06 06:09:30.870000+00:00,004, ,, , 
net_HU1t3YwBSd_mrKXNHmWl,HU1t3YwBSd_mrKXNHmWl,2024-01-06 06:09:30.875000+00:00,004, ,, , 
net_I01t3YwBSd_mrKXNHmWl,I01t3YwBSd_mrKXNHmWl,2024-01-06 06:14:37.396000+00:00,004, ,, , 
net_Jk1t3YwBSd_mrKXNHmX5,Jk1t3YwBSd_mrKXNHmX5,2024-01-06 06:14:41.253000+00:00,004, ,, , 
net_J01t3YwBSd_mrKXNHmX5,J01t3YwBSd_mrKXNHmX5,2024-01-06 06:14:41.255000+00:00,004, ,, , 
net_L01t3YwBSd_mrKXNHmX5,L01t3YwBSd_mrKXNHmX5,2024-01-06 06:15:05.378000+00:00,004, ,, , 
net_M01t3YwBSd_mrKXNHmX5,M01t3YwBSd_mrKXNHmX5,2024-01-06 06:16:09.472000+00:00,004, ,, , 
net_OU1t3YwBSd_mrKXNHmX5,OU1t3YwBSd_mrKXNHmX5,2024-01-06 06:17:01.849000+00:00,004, ,, , 
net_nxP93IwBbVMQAOLa2aH_,nxP93IwBbVMQAOLa2aH_,2024-01-06 04:17:34.979000+00:00,004, ,, , 
net_oBP93IwBbVMQAOLa2aH_,oBP93IwBbVMQAOLa2aH_,2024-01-06 04:17:34.984000+00:00,004, ,, , 
net_oRP93IwBbVMQAOLa2aH_,oRP93IwBbVMQAOLa2aH_,2024-01-06 04:17:34.984000+00:00,004, ,, , 
net_pxP93IwBbVMQAOLa2aH_,pxP93IwBbVMQAOLa2aH_,2024-01-06 04:17:34.992000+00:00,004, ,, , 
net_rRP93IwBbVMQAOLa2aH_,rRP93IwBbVMQAOLa2aH_,2024-01-06 04:17:35.017000+00:00,004, ,, , 
net_rxP93IwBbVMQAOLa2aH_,rxP93IwBbVMQAOLa2aH_,2024-01-06 04:17:34.992000+00:00,004, ,, , 
net_sBP93IwBbVMQAOLa2aH_,sBP93IwBbVMQAOLa2aH_,2024-01-06 04:17:35.012000+00:00,004, ,, , 
net_sxP93IwBbVMQAOLa2aH_,sxP93IwBbVMQAOLa2aH_,2024-01-06 04:17:35.068000+00:00,004, ,, , 
net_txP93IwBbVMQAOLa2aH_,txP93IwBbVMQAOLa2aH_,2024-01-06 04:17:35.101000+00:00,004, ,, , 
net_uRP93IwBbVMQAOLa2aH_,uRP93IwBbVMQAOLa2aH_,2024-01-06 04:17:35.104000+00:00,004, ,, , 
net_vRP93IwBbVMQAOLa2aH_,vRP93IwBbVMQAOLa2aH_,2024-01-06 04:17:34.996000+00:00,004, ,, , 
net_whP93IwBbVMQAOLa2aH_,whP93IwBbVMQAOLa2aH_,2024-01-06 04:17:35.257000+00:00,004, ,, , 
net_xBP93IwBbVMQAOLa2aH_,xBP93IwBbVMQAOLa2aH_,2024-01-06 04:17:35.251000+00:00,004, ,, , 
net_xhP93IwBbVMQAOLa2aH_,xhP93IwBbVMQAOLa2aH_,2024-01-06 04:17:35.266000+00:00,004, ,, , 
net_yhP93IwBbVMQAOLa2aH_,yhP93IwBbVMQAOLa2aH_,2024-01-06 04:17:35.270000+00:00,004, ,, , 
net_0hP93IwBbVMQAOLa6KH7,0hP93IwBbVMQAOLa6KH7,2024-01-06 04:17:35.345000+00:00,004, ,, , 
net_0xP93IwBbVMQAOLa6KH7,0xP93IwBbVMQAOLa6KH7,2024-01-06 04:17:35.348000+00:00,004, ,, , 
net_1xP93IwBbVMQAOLa6KH7,1xP93IwBbVMQAOLa6KH7,2024-01-06 04:17:35.358000+00:00,004, ,, , 
net_2BP93IwBbVMQAOLa6KH7,2BP93IwBbVMQAOLa6KH7,2024-01-06 04:17:35.359000+00:00,004, ,, , 
net_2hP93IwBbVMQAOLa6KH7,2hP93IwBbVMQAOLa6KH7,2024-01-06 04:17:35.361000+00:00,004, ,, , 
net_2xP93IwBbVMQAOLa6KH7,2xP93IwBbVMQAOLa6KH7,2024-01-06 04:17:35.364000+00:00,004, ,, , 
net_4RP93IwBbVMQAOLa6KH7,4RP93IwBbVMQAOLa6KH7,2024-01-06 04:17:35.399000+00:00,004, ,, , 
net_4xP93IwBbVMQAOLa6KH7,4xP93IwBbVMQAOLa6KH7,2024-01-06 04:17:35.492000+00:00,004, ,, , 
net_8xP93IwBbVMQAOLa6KH8,8xP93IwBbVMQAOLa6KH8,2024-01-06 04:17:37.606000+00:00,004, ,, , 
net_9RP93IwBbVMQAOLa6KH8,9RP93IwBbVMQAOLa6KH8,2024-01-06 04:17:37.658000+00:00,004, ,, , 
net_'-hP93IwBbVMQAOLa6KH8,'-hP93IwBbVMQAOLa6KH8,2024-01-06 04:17:39.113000+00:00,004, ,, , 
net__RP93IwBbVMQAOLa6KH8,_RP93IwBbVMQAOLa6KH8,2024-01-06 04:17:39.156000+00:00,004, ,, , 
net_BBP93IwBbVMQAOLa8KJ2,BBP93IwBbVMQAOLa8KJ2,2024-01-06 04:17:39.278000+00:00,004, ,, , 
net_CBP93IwBbVMQAOLa8KJ2,CBP93IwBbVMQAOLa8KJ2,2024-01-06 04:17:39.315000+00:00,004, ,, , 
net_DBP93IwBbVMQAOLa8KJ2,DBP93IwBbVMQAOLa8KJ2,2024-01-06 04:17:39.344000+00:00,004, ,, , 
net_DxP93IwBbVMQAOLa8KJ2,DxP93IwBbVMQAOLa8KJ2,2024-01-06 04:17:39.349000+00:00,004, ,, , 
net_ERP93IwBbVMQAOLa8KJ2,ERP93IwBbVMQAOLa8KJ2,2024-01-06 04:17:39.353000+00:00,004, ,, , 
net_ExP93IwBbVMQAOLa8KJ2,ExP93IwBbVMQAOLa8KJ2,2024-01-06 04:17:39.382000+00:00,004, ,, , 
net_FBP93IwBbVMQAOLa8KJ2,FBP93IwBbVMQAOLa8KJ2,2024-01-06 04:17:39.387000+00:00,004, ,, , 
net_FxP93IwBbVMQAOLa8KJ2,FxP93IwBbVMQAOLa8KJ2,2024-01-06 04:17:41.062000+00:00,004, ,, , 
net_HRP93IwBbVMQAOLa8KJ2,HRP93IwBbVMQAOLa8KJ2,2024-01-06 04:17:41.271000+00:00,004, ,, , 
net_HxP93IwBbVMQAOLa8KJ2,HxP93IwBbVMQAOLa8KJ2,2024-01-06 04:17:43.201000+00:00,004, ,, , 
net_IBP93IwBbVMQAOLa8KJ2,IBP93IwBbVMQAOLa8KJ2,2024-01-06 04:17:43.206000+00:00,004, ,, , 
net_IxP93IwBbVMQAOLa8KJ2,IxP93IwBbVMQAOLa8KJ2,2024-01-06 04:17:43.232000+00:00,004, ,, , 
net_JBP93IwBbVMQAOLa8KJ2,JBP93IwBbVMQAOLa8KJ2,2024-01-06 04:17:43.254000+00:00,004, ,, , 
net_JRP93IwBbVMQAOLa8KJ2,JRP93IwBbVMQAOLa8KJ2,2024-01-06 04:17:43.261000+00:00,004, ,, , 
net_JxP93IwBbVMQAOLa8KJ2,JxP93IwBbVMQAOLa8KJ2,2024-01-06 04:17:43.318000+00:00,004, ,, , 
net_KhP93IwBbVMQAOLa8KJ2,KhP93IwBbVMQAOLa8KJ2,2024-01-06 04:17:43.364000+00:00,004, ,, , 
net_MRP93IwBbVMQAOLa8KJ2,MRP93IwBbVMQAOLa8KJ2,2024-01-06 04:17:45.161000+00:00,004, ,, , 
net_MxP93IwBbVMQAOLa8KJ2,MxP93IwBbVMQAOLa8KJ2,2024-01-06 04:17:45.211000+00:00,004, ,, , 
net_NxP93IwBbVMQAOLa_6Jl,NxP93IwBbVMQAOLa_6Jl,2024-01-06 04:17:45.309000+00:00,004, ,, , 
net_ORP93IwBbVMQAOLa_6Jm,ORP93IwBbVMQAOLa_6Jm,2024-01-06 04:17:45.332000+00:00,004, ,, , 
net_PBP93IwBbVMQAOLa_6Jm,PBP93IwBbVMQAOLa_6Jm,2024-01-06 04:17:45.369000+00:00,004, ,, , 
net_PhP93IwBbVMQAOLa_6Jm,PhP93IwBbVMQAOLa_6Jm,2024-01-06 04:17:45.371000+00:00,004, ,, , 
net_RRP93IwBbVMQAOLa_6Jm,RRP93IwBbVMQAOLa_6Jm,2024-01-06 04:17:47.168000+00:00,004, ,, , 
net_RhP93IwBbVMQAOLa_6Jm,RhP93IwBbVMQAOLa_6Jm,2024-01-06 04:17:47.169000+00:00,004, ,, , 
net_TRP93IwBbVMQAOLa_6Jm,TRP93IwBbVMQAOLa_6Jm,2024-01-06 04:17:47.168000+00:00,004, ,, , 
net_TxP93IwBbVMQAOLa_6Jm,TxP93IwBbVMQAOLa_6Jm,2024-01-06 04:17:47.247000+00:00,004, ,, , 
net_UBP93IwBbVMQAOLa_6Jm,UBP93IwBbVMQAOLa_6Jm,2024-01-06 04:17:47.256000+00:00,004, ,, , 
net_VBP93IwBbVMQAOLa_6Jm,VBP93IwBbVMQAOLa_6Jm,2024-01-06 04:17:49.117000+00:00,004, ,, , 
net_VhP93IwBbVMQAOLa_6Jm,VhP93IwBbVMQAOLa_6Jm,2024-01-06 04:17:49.126000+00:00,004, ,, , 
net_WhP93IwBbVMQAOLa_6Jm,WhP93IwBbVMQAOLa_6Jm,2024-01-06 04:17:49.145000+00:00,004, ,, , 
net_XBP93IwBbVMQAOLa_6Jm,XBP93IwBbVMQAOLa_6Jm,2024-01-06 04:17:49.149000+00:00,004, ,, , 
net_YBP93IwBbVMQAOLa_6Jm,YBP93IwBbVMQAOLa_6Jm,2024-01-06 04:17:49.174000+00:00,004, ,, , 
net_ZBP93IwBbVMQAOLa_6Jm,ZBP93IwBbVMQAOLa_6Jm,2024-01-06 04:17:49.190000+00:00,004, ,, , 
net_aBP-3IwBbVMQAOLaAqKA,aBP-3IwBbVMQAOLaAqKA,2024-01-06 04:17:49.202000+00:00,004, ,, , 
net_dBP-3IwBbVMQAOLaAqKA,dBP-3IwBbVMQAOLaAqKA,2024-01-06 04:17:51.120000+00:00,004, ,, , 
net_fxP-3IwBbVMQAOLaAqKA,fxP-3IwBbVMQAOLaAqKA,2024-01-06 04:17:51.171000+00:00,004, ,, , 
net_gRP-3IwBbVMQAOLaAqKB,gRP-3IwBbVMQAOLaAqKB,2024-01-06 04:17:51.255000+00:00,004, ,, , 
net_ghP-3IwBbVMQAOLaAqKB,ghP-3IwBbVMQAOLaAqKB,2024-01-06 04:17:51.255000+00:00,004, ,, , 
net_hRP-3IwBbVMQAOLaAqKB,hRP-3IwBbVMQAOLaAqKB,2024-01-06 04:17:51.260000+00:00,004, ,, , 
net_hhP-3IwBbVMQAOLaAqKB,hhP-3IwBbVMQAOLaAqKB,2024-01-06 04:17:51.260000+00:00,004, ,, , 
net_hxP-3IwBbVMQAOLaAqKB,hxP-3IwBbVMQAOLaAqKB,2024-01-06 04:17:51.258000+00:00,004, ,, , 
net_ixP-3IwBbVMQAOLaAqKB,ixP-3IwBbVMQAOLaAqKB,2024-01-06 04:17:51.321000+00:00,004, ,, , 
net_lhP-3IwBbVMQAOLaAqKB,lhP-3IwBbVMQAOLaAqKB,2024-01-06 04:17:51.323000+00:00,004, ,, , 
net_mBP-3IwBbVMQAOLaAqKB,mBP-3IwBbVMQAOLaAqKB,2024-01-06 04:17:51.324000+00:00,004, ,, , 
net_mxP-3IwBbVMQAOLaBKLO,mxP-3IwBbVMQAOLaBKLO,2024-01-06 04:17:53.159000+00:00,004, ,, , 
net_nhP-3IwBbVMQAOLaBKLO,nhP-3IwBbVMQAOLaBKLO,2024-01-06 04:17:53.162000+00:00,004, ,, , 
net_nxP-3IwBbVMQAOLaBKLO,nxP-3IwBbVMQAOLaBKLO,2024-01-06 04:17:53.173000+00:00,004, ,, , 
net_ohP-3IwBbVMQAOLaBKLO,ohP-3IwBbVMQAOLaBKLO,2024-01-06 04:17:53.183000+00:00,004, ,, , 
net_rBP-3IwBbVMQAOLaBKLO,rBP-3IwBbVMQAOLaBKLO,2024-01-06 04:17:55.216000+00:00,004, ,, , 
net_rxP-3IwBbVMQAOLaBKLO,rxP-3IwBbVMQAOLaBKLO,2024-01-06 04:17:55.220000+00:00,004, ,, , 
net_sBP-3IwBbVMQAOLaBKLO,sBP-3IwBbVMQAOLaBKLO,2024-01-06 04:17:55.214000+00:00,004, ,, , 
net_sRP-3IwBbVMQAOLaBKLO,sRP-3IwBbVMQAOLaBKLO,2024-01-06 04:17:55.223000+00:00,004, ,, , 
net_shP-3IwBbVMQAOLaBKLO,shP-3IwBbVMQAOLaBKLO,2024-01-06 04:17:55.223000+00:00,004, ,, , 
net_uhP-3IwBbVMQAOLaBKLO,uhP-3IwBbVMQAOLaBKLO,2024-01-06 04:17:57.183000+00:00,004, ,, , 
net_vhP-3IwBbVMQAOLaBKLO,vhP-3IwBbVMQAOLaBKLO,2024-01-06 04:17:57.186000+00:00,004, ,, , 
net_xRP-3IwBbVMQAOLaBKLO,xRP-3IwBbVMQAOLaBKLO,2024-01-06 04:17:59.175000+00:00,004, ,, , 
net_xhP-3IwBbVMQAOLaBKLO,xhP-3IwBbVMQAOLaBKLO,2024-01-06 04:17:59.176000+00:00,004, ,, , 
net_yxP-3IwBbVMQAOLaB6Lh,yxP-3IwBbVMQAOLaB6Lh,2024-01-06 04:17:59.262000+00:00,004, ,, , 
net_zBP-3IwBbVMQAOLaB6Lh,zBP-3IwBbVMQAOLaB6Lh,2024-01-06 04:17:59.282000+00:00,004, ,, , 
net_zhP-3IwBbVMQAOLaB6Lh,zhP-3IwBbVMQAOLaB6Lh,2024-01-06 04:17:59.283000+00:00,004, ,, , 
net_0BP-3IwBbVMQAOLaB6Lh,0BP-3IwBbVMQAOLaB6Lh,2024-01-06 04:17:59.285000+00:00,004, ,, , 
net_0RP-3IwBbVMQAOLaB6Lh,0RP-3IwBbVMQAOLaB6Lh,2024-01-06 04:17:59.301000+00:00,004, ,, , 
net_0xP-3IwBbVMQAOLaB6Lh,0xP-3IwBbVMQAOLaB6Lh,2024-01-06 04:17:59.307000+00:00,004, ,, , 
net_1BP-3IwBbVMQAOLaB6Lh,1BP-3IwBbVMQAOLaB6Lh,2024-01-06 04:17:59.308000+00:00,004, ,, , 
net_4BP-3IwBbVMQAOLaB6Li,4BP-3IwBbVMQAOLaB6Li,2024-01-06 04:17:59.341000+00:00,004, ,, , 
net_4hP-3IwBbVMQAOLaB6Li,4hP-3IwBbVMQAOLaB6Li,2024-01-06 04:17:59.343000+00:00,004, ,, , 
net_5BP-3IwBbVMQAOLaB6Li,5BP-3IwBbVMQAOLaB6Li,2024-01-06 04:17:59.343000+00:00,004, ,, , 
net_5hP-3IwBbVMQAOLaB6Li,5hP-3IwBbVMQAOLaB6Li,2024-01-06 04:17:59.355000+00:00,004, ,, , 
net_6xP-3IwBbVMQAOLaB6Li,6xP-3IwBbVMQAOLaB6Li,2024-01-06 04:17:59.415000+00:00,004, ,, , 
net_7hP-3IwBbVMQAOLaB6Li,7hP-3IwBbVMQAOLaB6Li,2024-01-06 04:17:59.428000+00:00,004, ,, , 
net_8BP-3IwBbVMQAOLaB6Li,8BP-3IwBbVMQAOLaB6Li,2024-01-06 04:17:59.449000+00:00,004, ,, , 
net_8RP-3IwBbVMQAOLaB6Li,8RP-3IwBbVMQAOLaB6Li,2024-01-06 04:17:59.449000+00:00,004, ,, , 
net_9xP-3IwBbVMQAOLaB6Li,9xP-3IwBbVMQAOLaB6Li,2024-01-06 04:17:59.520000+00:00,004, ,, , 
net_'-xP-3IwBbVMQAOLaB6Li,'-xP-3IwBbVMQAOLaB6Li,2024-01-06 04:17:59.532000+00:00,004, ,, , 
net__BP-3IwBbVMQAOLaB6Li,_BP-3IwBbVMQAOLaB6Li,2024-01-06 04:17:59.532000+00:00,004, ,, , 
net__RP-3IwBbVMQAOLaCaL8,_RP-3IwBbVMQAOLaCaL8,2024-01-06 04:17:59.533000+00:00,004, ,, , 
net__xP-3IwBbVMQAOLaCaL8,_xP-3IwBbVMQAOLaCaL8,2024-01-06 04:18:01.263000+00:00,004, ,, , 
net_AhP-3IwBbVMQAOLaCaP8,AhP-3IwBbVMQAOLaCaP8,2024-01-06 04:18:01.290000+00:00,004, ,, , 
net_AxP-3IwBbVMQAOLaCaP8,AxP-3IwBbVMQAOLaCaP8,2024-01-06 04:18:01.290000+00:00,004, ,, , 
net_BRP-3IwBbVMQAOLaCaP8,BRP-3IwBbVMQAOLaCaP8,2024-01-06 04:18:01.318000+00:00,004, ,, , 
net_CBP-3IwBbVMQAOLaCaP8,CBP-3IwBbVMQAOLaCaP8,2024-01-06 04:18:03.178000+00:00,004, ,, , 
net_CxP-3IwBbVMQAOLaCaP9,CxP-3IwBbVMQAOLaCaP9,2024-01-06 04:18:03.183000+00:00,004, ,, , 
net_DBP-3IwBbVMQAOLaCaP9,DBP-3IwBbVMQAOLaCaP9,2024-01-06 04:18:03.183000+00:00,004, ,, , 
net_FxP-3IwBbVMQAOLaD6Nc,FxP-3IwBbVMQAOLaD6Nc,2024-01-06 04:18:05.285000+00:00,004, ,, , 
net_GRP-3IwBbVMQAOLaD6Nc,GRP-3IwBbVMQAOLaD6Nc,2024-01-06 04:18:05.320000+00:00,004, ,, , 
net_HBP-3IwBbVMQAOLaD6Nc,HBP-3IwBbVMQAOLaD6Nc,2024-01-06 04:18:05.351000+00:00,004, ,, , 
net_IRP-3IwBbVMQAOLaFKMA,IRP-3IwBbVMQAOLaFKMA,2024-01-06 04:18:05.662000+00:00,004, ,, , 
net_JRP-3IwBbVMQAOLaFKMA,JRP-3IwBbVMQAOLaFKMA,2024-01-06 04:18:05.662000+00:00,004, ,, , 
net_JxP-3IwBbVMQAOLaFKMA,JxP-3IwBbVMQAOLaFKMA,2024-01-06 04:18:05.682000+00:00,004, ,, , 
net_KBP-3IwBbVMQAOLaFKMA,KBP-3IwBbVMQAOLaFKMA,2024-01-06 04:18:05.700000+00:00,004, ,, , 
net_KhP-3IwBbVMQAOLaFKMA,KhP-3IwBbVMQAOLaFKMA,2024-01-06 04:18:05.700000+00:00,004, ,, , 
net_KxP-3IwBbVMQAOLaFKMA,KxP-3IwBbVMQAOLaFKMA,2024-01-06 04:18:05.700000+00:00,004, ,, , 
net_LBP-3IwBbVMQAOLaFKMA,LBP-3IwBbVMQAOLaFKMA,2024-01-06 04:18:05.700000+00:00,004, ,, , 
net_LRP-3IwBbVMQAOLaFKMA,LRP-3IwBbVMQAOLaFKMA,2024-01-06 04:18:05.766000+00:00,004, ,, , 
net_LxP-3IwBbVMQAOLaFKMA,LxP-3IwBbVMQAOLaFKMA,2024-01-06 04:18:05.773000+00:00,004, ,, , 
net_MBP-3IwBbVMQAOLaFKMA,MBP-3IwBbVMQAOLaFKMA,2024-01-06 04:18:05.773000+00:00,004, ,, , 
net_MRP-3IwBbVMQAOLaFKMA,MRP-3IwBbVMQAOLaFKMA,2024-01-06 04:18:05.803000+00:00,004, ,, , 
net_NBP-3IwBbVMQAOLaFKMA,NBP-3IwBbVMQAOLaFKMA,2024-01-06 04:18:05.829000+00:00,004, ,, , 
net_NRP-3IwBbVMQAOLaFKMA,NRP-3IwBbVMQAOLaFKMA,2024-01-06 04:18:05.835000+00:00,004, ,, , 
net_NhP-3IwBbVMQAOLaFKMA,NhP-3IwBbVMQAOLaFKMA,2024-01-06 04:18:05.845000+00:00,004, ,, , 
net_NxP-3IwBbVMQAOLaFKMA,NxP-3IwBbVMQAOLaFKMA,2024-01-06 04:18:05.851000+00:00,004, ,, , 
net_PBP-3IwBbVMQAOLaFKMB,PBP-3IwBbVMQAOLaFKMB,2024-01-06 04:18:05.955000+00:00,004, ,, , 
net_PxP-3IwBbVMQAOLaFKMB,PxP-3IwBbVMQAOLaFKMB,2024-01-06 04:18:05.990000+00:00,004, ,, , 
net_QBP-3IwBbVMQAOLaFKMB,QBP-3IwBbVMQAOLaFKMB,2024-01-06 04:18:05.994000+00:00,004, ,, , 
net_QRP-3IwBbVMQAOLaFKMB,QRP-3IwBbVMQAOLaFKMB,2024-01-06 04:18:06.005000+00:00,004, ,, , 
net_RxP-3IwBbVMQAOLaG6Pz,RxP-3IwBbVMQAOLaG6Pz,2024-01-06 04:18:07.304000+00:00,004, ,, , 
net_SRP-3IwBbVMQAOLaG6Pz,SRP-3IwBbVMQAOLaG6Pz,2024-01-06 04:18:09.209000+00:00,004, ,, , 
net_ShP-3IwBbVMQAOLaG6Pz,ShP-3IwBbVMQAOLaG6Pz,2024-01-06 04:18:09.212000+00:00,004, ,, , 
net_SxP-3IwBbVMQAOLaG6Pz,SxP-3IwBbVMQAOLaG6Pz,2024-01-06 04:18:09.215000+00:00,004, ,, , 
net_TBP-3IwBbVMQAOLaG6Pz,TBP-3IwBbVMQAOLaG6Pz,2024-01-06 04:18:09.218000+00:00,004, ,, , 
net_URP-3IwBbVMQAOLaG6Pz,URP-3IwBbVMQAOLaG6Pz,2024-01-06 04:18:09.235000+00:00,004, ,, , 
net_VRP-3IwBbVMQAOLaG6P0,VRP-3IwBbVMQAOLaG6P0,2024-01-06 04:18:09.264000+00:00,004, ,, , 
net_XRP-3IwBbVMQAOLaG6P0,XRP-3IwBbVMQAOLaG6P0,2024-01-06 04:18:09.276000+00:00,004, ,, , 
net_XhP-3IwBbVMQAOLaG6P0,XhP-3IwBbVMQAOLaG6P0,2024-01-06 04:18:09.283000+00:00,004, ,, , 
net_ZBP-3IwBbVMQAOLaKKPa,ZBP-3IwBbVMQAOLaKKPa,2024-01-06 04:18:11.174000+00:00,004, ,, , 
net_ZRP-3IwBbVMQAOLaKKPa,ZRP-3IwBbVMQAOLaKKPa,2024-01-06 04:18:11.179000+00:00,004, ,, , 
net_ZhP-3IwBbVMQAOLaKKPa,ZhP-3IwBbVMQAOLaKKPa,2024-01-06 04:18:11.183000+00:00,004, ,, , 
net_ZxP-3IwBbVMQAOLaKKPa,ZxP-3IwBbVMQAOLaKKPa,2024-01-06 04:18:11.183000+00:00,004, ,, , 
net_aBP-3IwBbVMQAOLaKKPa,aBP-3IwBbVMQAOLaKKPa,2024-01-06 04:18:11.189000+00:00,004, ,, , 
net_bBP-3IwBbVMQAOLaKKPa,bBP-3IwBbVMQAOLaKKPa,2024-01-06 04:18:11.205000+00:00,004, ,, , 
net_bhP-3IwBbVMQAOLaKKPa,bhP-3IwBbVMQAOLaKKPa,2024-01-06 04:18:11.213000+00:00,004, ,, , 
net_bxP-3IwBbVMQAOLaKKPa,bxP-3IwBbVMQAOLaKKPa,2024-01-06 04:18:11.225000+00:00,004, ,, , 
net_cBP-3IwBbVMQAOLaKKPa,cBP-3IwBbVMQAOLaKKPa,2024-01-06 04:18:11.227000+00:00,004, ,, , 
net_dRP-3IwBbVMQAOLaKKPa,dRP-3IwBbVMQAOLaKKPa,2024-01-06 04:18:11.262000+00:00,004, ,, , 
net_dhP-3IwBbVMQAOLaKKPa,dhP-3IwBbVMQAOLaKKPa,2024-01-06 04:18:11.264000+00:00,004, ,, , 
net_dxP-3IwBbVMQAOLaKKPa,dxP-3IwBbVMQAOLaKKPa,2024-01-06 04:18:11.269000+00:00,004, ,, , 
net_eRP-3IwBbVMQAOLaKKPa,eRP-3IwBbVMQAOLaKKPa,2024-01-06 04:18:11.286000+00:00,004, ,, , 
net_exP-3IwBbVMQAOLaKKPa,exP-3IwBbVMQAOLaKKPa,2024-01-06 04:18:11.287000+00:00,004, ,, , 
net_fxP-3IwBbVMQAOLaKKPa,fxP-3IwBbVMQAOLaKKPa,2024-01-06 04:18:11.307000+00:00,004, ,, , 
net_gBP-3IwBbVMQAOLaKKPa,gBP-3IwBbVMQAOLaKKPa,2024-01-06 04:18:11.309000+00:00,004, ,, , 
net_hBP-3IwBbVMQAOLaKKPa,hBP-3IwBbVMQAOLaKKPa,2024-01-06 04:18:11.326000+00:00,004, ,, , 
net_hxP-3IwBbVMQAOLaKKPb,hxP-3IwBbVMQAOLaKKPb,2024-01-06 04:18:11.345000+00:00,004, ,, , 
net_iBP-3IwBbVMQAOLaKKPb,iBP-3IwBbVMQAOLaKKPb,2024-01-06 04:18:11.344000+00:00,004, ,, , 
net_jBP-3IwBbVMQAOLaKKPb,jBP-3IwBbVMQAOLaKKPb,2024-01-06 04:18:11.359000+00:00,004, ,, , 
net_jRP-3IwBbVMQAOLaKKPb,jRP-3IwBbVMQAOLaKKPb,2024-01-06 04:18:11.362000+00:00,004, ,, , 
net_jhP-3IwBbVMQAOLaKKPb,jhP-3IwBbVMQAOLaKKPb,2024-01-06 04:18:11.365000+00:00,004, ,, , 
net_kBP-3IwBbVMQAOLaKKPb,kBP-3IwBbVMQAOLaKKPb,2024-01-06 04:18:11.377000+00:00,004, ,, , 
net_kxP-3IwBbVMQAOLaLKOh,kxP-3IwBbVMQAOLaLKOh,2024-01-06 04:18:11.425000+00:00,004, ,, , 
net_lBP-3IwBbVMQAOLaL6Pp,lBP-3IwBbVMQAOLaL6Pp,2024-01-06 04:18:13.193000+00:00,004, ,, , 
net_lRP-3IwBbVMQAOLaL6Pp,lRP-3IwBbVMQAOLaL6Pp,2024-01-06 04:18:13.197000+00:00,004, ,, , 
net_nRP-3IwBbVMQAOLaL6Pq,nRP-3IwBbVMQAOLaL6Pq,2024-01-06 04:18:13.267000+00:00,004, ,, , 
net_oRP-3IwBbVMQAOLaL6Pq,oRP-3IwBbVMQAOLaL6Pq,2024-01-06 04:18:13.358000+00:00,004, ,, , 
net_ohP-3IwBbVMQAOLaL6Pq,ohP-3IwBbVMQAOLaL6Pq,2024-01-06 04:18:13.361000+00:00,004, ,, , 
net_pBP-3IwBbVMQAOLaL6Pq,pBP-3IwBbVMQAOLaL6Pq,2024-01-06 04:18:13.418000+00:00,004, ,, , 
net_qRP-3IwBbVMQAOLaNKO1,qRP-3IwBbVMQAOLaNKO1,2024-01-06 04:18:13.716000+00:00,004, ,, , 
net_qxP-3IwBbVMQAOLaNKO1,qxP-3IwBbVMQAOLaNKO1,2024-01-06 04:18:13.831000+00:00,004, ,, , 
net_rhP-3IwBbVMQAOLaNKO1,rhP-3IwBbVMQAOLaNKO1,2024-01-06 04:18:13.967000+00:00,004, ,, , 
net_rxP-3IwBbVMQAOLaNKO1,rxP-3IwBbVMQAOLaNKO1,2024-01-06 04:18:13.980000+00:00,004, ,, , 
net_thP-3IwBbVMQAOLaNKO1,thP-3IwBbVMQAOLaNKO1,2024-01-06 04:18:14.251000+00:00,004, ,, , 
net_txP-3IwBbVMQAOLaNKO1,txP-3IwBbVMQAOLaNKO1,2024-01-06 04:18:14.251000+00:00,004, ,, , 
net_uBP-3IwBbVMQAOLaNKO1,uBP-3IwBbVMQAOLaNKO1,2024-01-06 04:18:14.251000+00:00,004, ,, , 
net_uRP-3IwBbVMQAOLaNKO2,uRP-3IwBbVMQAOLaNKO2,2024-01-06 04:18:14.252000+00:00,004, ,, , 
net_vhP-3IwBbVMQAOLaNKO2,vhP-3IwBbVMQAOLaNKO2,2024-01-06 04:18:14.253000+00:00,004, ,, , 
net_xRP-3IwBbVMQAOLaN6Mf,xRP-3IwBbVMQAOLaN6Mf,2024-01-06 04:18:15.255000+00:00,004, ,, , 
net_xxP-3IwBbVMQAOLaO6MT,xxP-3IwBbVMQAOLaO6MT,2024-01-06 04:18:15.255000+00:00,004, ,, , 
net_yBP-3IwBbVMQAOLaO6MT,yBP-3IwBbVMQAOLaO6MT,2024-01-06 04:18:17.174000+00:00,004, ,, , 
net_yhP-3IwBbVMQAOLaO6MT,yhP-3IwBbVMQAOLaO6MT,2024-01-06 04:18:17.177000+00:00,004, ,, , 
net_yxP-3IwBbVMQAOLaQKPv,yxP-3IwBbVMQAOLaQKPv,2024-01-06 04:18:17.182000+00:00,004, ,, , 
net_zhP-3IwBbVMQAOLaQKPw,zhP-3IwBbVMQAOLaQKPw,2024-01-06 04:18:17.184000+00:00,004, ,, , 
net_0RP-3IwBbVMQAOLaQKPw,0RP-3IwBbVMQAOLaQKPw,2024-01-06 04:18:17.201000+00:00,004, ,, , 
net_1BP-3IwBbVMQAOLaQKPw,1BP-3IwBbVMQAOLaQKPw,2024-01-06 04:18:17.208000+00:00,004, ,, , 
net_1hP-3IwBbVMQAOLaQKPw,1hP-3IwBbVMQAOLaQKPw,2024-01-06 04:18:17.215000+00:00,004, ,, , 
net_2RP-3IwBbVMQAOLaQKPw,2RP-3IwBbVMQAOLaQKPw,2024-01-06 04:18:17.231000+00:00,004, ,, , 
net_3BP-3IwBbVMQAOLaQKPw,3BP-3IwBbVMQAOLaQKPw,2024-01-06 04:18:17.241000+00:00,004, ,, , 
net_4hP-3IwBbVMQAOLaQKPw,4hP-3IwBbVMQAOLaQKPw,2024-01-06 04:18:17.260000+00:00,004, ,, , 
net_4xP-3IwBbVMQAOLaQKPw,4xP-3IwBbVMQAOLaQKPw,2024-01-06 04:18:17.259000+00:00,004, ,, , 
net_5BP-3IwBbVMQAOLaQKPw,5BP-3IwBbVMQAOLaQKPw,2024-01-06 04:18:17.257000+00:00,004, ,, , 
net_5RP-3IwBbVMQAOLaQKPw,5RP-3IwBbVMQAOLaQKPw,2024-01-06 04:18:17.293000+00:00,004, ,, , 
net_6BP-3IwBbVMQAOLaQqPu,6BP-3IwBbVMQAOLaQqPu,2024-01-06 04:18:17.302000+00:00,004, ,, , 
net_6xP-3IwBbVMQAOLaRqPh,6xP-3IwBbVMQAOLaRqPh,2024-01-06 04:18:19.270000+00:00,004, ,, , 
net_7RP-3IwBbVMQAOLaSqO9,7RP-3IwBbVMQAOLaSqO9,2024-01-06 04:18:19.279000+00:00,004, ,, , 
net_7hP-3IwBbVMQAOLaSqO9,7hP-3IwBbVMQAOLaSqO9,2024-01-06 04:18:19.287000+00:00,004, ,, , 
net_8RP-3IwBbVMQAOLaWKMU,8RP-3IwBbVMQAOLaWKMU,2024-01-06 04:18:23.177000+00:00,004, ,, , 
net_9BP-3IwBbVMQAOLaWKMU,9BP-3IwBbVMQAOLaWKMU,2024-01-06 04:18:23.180000+00:00,004, ,, , 
net_9hP-3IwBbVMQAOLaWKMU,9hP-3IwBbVMQAOLaWKMU,2024-01-06 04:18:23.186000+00:00,004, ,, , 
net__RP-3IwBbVMQAOLaWKMU,_RP-3IwBbVMQAOLaWKMU,2024-01-06 04:18:23.212000+00:00,004, ,, , 
net__xP-3IwBbVMQAOLaWKMU,_xP-3IwBbVMQAOLaWKMU,2024-01-06 04:18:23.216000+00:00,004, ,, , 
net_ARP-3IwBbVMQAOLaWKQV,ARP-3IwBbVMQAOLaWKQV,2024-01-06 04:18:23.223000+00:00,004, ,, , 
net_AhP-3IwBbVMQAOLaWKQV,AhP-3IwBbVMQAOLaWKQV,2024-01-06 04:18:23.226000+00:00,004, ,, , 
net_AxP-3IwBbVMQAOLaWKQV,AxP-3IwBbVMQAOLaWKQV,2024-01-06 04:18:23.227000+00:00,004, ,, , 
net_BBP-3IwBbVMQAOLaWKQV,BBP-3IwBbVMQAOLaWKQV,2024-01-06 04:18:23.230000+00:00,004, ,, , 
net_CRP-3IwBbVMQAOLaWKQV,CRP-3IwBbVMQAOLaWKQV,2024-01-06 04:18:23.250000+00:00,004, ,, , 
net_CxP-3IwBbVMQAOLaWKQV,CxP-3IwBbVMQAOLaWKQV,2024-01-06 04:18:23.255000+00:00,004, ,, , 
net_DxP-3IwBbVMQAOLaWKQV,DxP-3IwBbVMQAOLaWKQV,2024-01-06 04:18:23.267000+00:00,004, ,, , 
net_EBP-3IwBbVMQAOLaWKQV,EBP-3IwBbVMQAOLaWKQV,2024-01-06 04:18:23.272000+00:00,004, ,, , 
net_FBP-3IwBbVMQAOLaWKQV,FBP-3IwBbVMQAOLaWKQV,2024-01-06 04:18:23.280000+00:00,004, ,, , 
net_HhP-3IwBbVMQAOLaWKQW,HhP-3IwBbVMQAOLaWKQW,2024-01-06 04:18:23.301000+00:00,004, ,, , 
net_IRP-3IwBbVMQAOLaWaQA,IRP-3IwBbVMQAOLaWaQA,2024-01-06 04:18:23.308000+00:00,004, ,, , 
net_JRP-3IwBbVMQAOLaWaQA,JRP-3IwBbVMQAOLaWaQA,2024-01-06 04:18:23.317000+00:00,004, ,, , 
net_KBP-3IwBbVMQAOLaZqSP,KBP-3IwBbVMQAOLaZqSP,2024-01-06 04:18:27.176000+00:00,004, ,, , 
net_KRP-3IwBbVMQAOLaZqSP,KRP-3IwBbVMQAOLaZqSP,2024-01-06 04:18:27.177000+00:00,004, ,, , 
net_KxP-3IwBbVMQAOLaZqSP,KxP-3IwBbVMQAOLaZqSP,2024-01-06 04:18:27.185000+00:00,004, ,, , 
net_MhP-3IwBbVMQAOLaZqSP,MhP-3IwBbVMQAOLaZqSP,2024-01-06 04:18:27.216000+00:00,004, ,, , 
net_NRP-3IwBbVMQAOLaZqSP,NRP-3IwBbVMQAOLaZqSP,2024-01-06 04:18:27.224000+00:00,004, ,, , 
net_ORP-3IwBbVMQAOLaZqSP,ORP-3IwBbVMQAOLaZqSP,2024-01-06 04:18:27.233000+00:00,004, ,, , 
net_PRP-3IwBbVMQAOLapKTG,PRP-3IwBbVMQAOLapKTG,2024-01-06 04:18:36.847000+00:00,004, ,, , 
net_PhP-3IwBbVMQAOLapKTG,PhP-3IwBbVMQAOLapKTG,2024-01-06 04:18:36.890000+00:00,004, ,, , 
net_PxP-3IwBbVMQAOLapKTG,PxP-3IwBbVMQAOLapKTG,2024-01-06 04:18:36.891000+00:00,004, ,, , 
net_QBP-3IwBbVMQAOLapKTG,QBP-3IwBbVMQAOLapKTG,2024-01-06 04:18:36.969000+00:00,004, ,, , 
net_QRP-3IwBbVMQAOLapKTG,QRP-3IwBbVMQAOLapKTG,2024-01-06 04:18:36.973000+00:00,004, ,, , 
net_RBP-3IwBbVMQAOLasKRX,RBP-3IwBbVMQAOLasKRX,2024-01-06 04:18:44.830000+00:00,004, ,, , 
net_ZU123YwBSd_mrKXN0GUO,ZU123YwBSd_mrKXN0GUO,2024-01-06 06:29:52.755000+00:00,004, ,, , 
net_cE123YwBSd_mrKXN0GUO,cE123YwBSd_mrKXN0GUO,2024-01-06 06:29:54.851000+00:00,004, ,, , 
net_e0123YwBSd_mrKXN0GUO,e0123YwBSd_mrKXN0GUO,2024-01-06 06:29:56.831000+00:00,004, ,, , 
net_g0123YwBSd_mrKXN0GUO,g0123YwBSd_mrKXN0GUO,2024-01-06 06:29:56.859000+00:00,004, ,, , 
net_hE123YwBSd_mrKXN0GUO,hE123YwBSd_mrKXN0GUO,2024-01-06 06:29:56.864000+00:00,004, ,, , 
net_hU123YwBSd_mrKXN0GUO,hU123YwBSd_mrKXN0GUO,2024-01-06 06:29:56.866000+00:00,004, ,, , 
net_hk123YwBSd_mrKXN0GUO,hk123YwBSd_mrKXN0GUO,2024-01-06 06:29:56.878000+00:00,004, ,, , 
net_ik123YwBSd_mrKXN0GUO,ik123YwBSd_mrKXN0GUO,2024-01-06 06:29:56.902000+00:00,004, ,, , 
net_jE123YwBSd_mrKXN0GUO,jE123YwBSd_mrKXN0GUO,2024-01-06 06:29:56.919000+00:00,004, ,, , 
net_kU123YwBSd_mrKXN0GUO,kU123YwBSd_mrKXN0GUO,2024-01-06 06:29:58.737000+00:00,004, ,, , 
net_k0123YwBSd_mrKXN0GUO,k0123YwBSd_mrKXN0GUO,2024-01-06 06:29:58.738000+00:00,004, ,, , 
net_lE123YwBSd_mrKXN0GVG,lE123YwBSd_mrKXN0GVG,2024-01-06 06:29:58.743000+00:00,004, ,, , 
net_lU123YwBSd_mrKXN0GVH,lU123YwBSd_mrKXN0GVH,2024-01-06 06:29:58.746000+00:00,004, ,, , 
net_l0123YwBSd_mrKXN0GVH,l0123YwBSd_mrKXN0GVH,2024-01-06 06:29:58.750000+00:00,004, ,, , 
net_mE123YwBSd_mrKXN0GVH,mE123YwBSd_mrKXN0GVH,2024-01-06 06:29:58.754000+00:00,004, ,, , 
net_mk123YwBSd_mrKXN0GVH,mk123YwBSd_mrKXN0GVH,2024-01-06 06:29:58.759000+00:00,004, ,, , 
net_n0123YwBSd_mrKXN0GVH,n0123YwBSd_mrKXN0GVH,2024-01-06 06:29:58.777000+00:00,004, ,, , 
net_pE123YwBSd_mrKXN0GVH,pE123YwBSd_mrKXN0GVH,2024-01-06 06:29:58.807000+00:00,004, ,, , 
net_pk123YwBSd_mrKXN0mWf,pk123YwBSd_mrKXN0mWf,2024-01-06 06:29:58.821000+00:00,004, ,, , 
net_tE133YwBSd_mrKXNqWW2,tE133YwBSd_mrKXNqWW2,2024-01-06 06:30:48.774000+00:00,004, ,,sohaib,root
net_tk133YwBSd_mrKXNqWW2,tk133YwBSd_mrKXNqWW2,2024-01-06 06:30:48.793000+00:00,004, ,, , 
net_VU103YwBSd_mrKXNSWXy,VU103YwBSd_mrKXNSWXy,2024-01-06 06:27:06.496000+00:00,004, ,, , 
net_Vk103YwBSd_mrKXNSWXy,Vk103YwBSd_mrKXNSWXy,2024-01-06 06:27:06.499000+00:00,004, ,, , 
net_V0103YwBSd_mrKXNSWXy,V0103YwBSd_mrKXNSWXy,2024-01-06 06:27:06.500000+00:00,004, ,, , 
net_WE103YwBSd_mrKXNSWXy,WE103YwBSd_mrKXNSWXy,2024-01-06 06:27:06.502000+00:00,004, ,, , 
net_WU103YwBSd_mrKXNSWXy,WU103YwBSd_mrKXNSWXy,2024-01-06 06:27:06.505000+00:00,004, ,, , 
net_Wk103YwBSd_mrKXNSWXy,Wk103YwBSd_mrKXNSWXy,2024-01-06 06:27:06.506000+00:00,004, ,, , 
net_p0123YwBSd_mrKXN3mVg,p0123YwBSd_mrKXN3mVg,2024-01-06 06:30:00.881000+00:00,004, ,, , 
net_qU123YwBSd_mrKXN4mVO,qU123YwBSd_mrKXN4mVO,2024-01-06 06:30:02.794000+00:00,004, ,, , 
net_q0123YwBSd_mrKXN6mUb,q0123YwBSd_mrKXN6mUb,2024-01-06 06:30:04.790000+00:00,004, ,, , 
net_u0143YwBSd_mrKXNC2VO,u0143YwBSd_mrKXNC2VO,2024-01-06 06:31:12.840000+00:00,004, ,, , 
net_QE1u3YwBSd_mrKXNwWUB,QE1u3YwBSd_mrKXNwWUB,2024-01-06 06:21:10.972000+00:00,004, ,, , 
net_RU1u3YwBSd_mrKXNwWUB,RU1u3YwBSd_mrKXNwWUB,2024-01-06 06:21:10.985000+00:00,004, ,, , 
net_UU1z3YwBSd_mrKXNwWWc,UU1z3YwBSd_mrKXNwWWc,2024-01-06 06:26:34.378000+00:00,004, ,, , 
net_rk123YwBSd_mrKXN9WXh,rk123YwBSd_mrKXN9WXh,2024-01-06 06:30:08.731000+00:00,004, ,,sohaib,root(uid=0)
net_sE123YwBSd_mrKXN9WXh,sE123YwBSd_mrKXN9WXh,2024-01-06 06:30:08.754000+00:00,004, ,, ,root
net_eU2b3YwBSd_mrKXNvGZL,eU2b3YwBSd_mrKXNvGZL,2024-01-06 07:10:16.304000+00:00,004, ,, , 
net_fE2b3YwBSd_mrKXNvGZL,fE2b3YwBSd_mrKXNvGZL,2024-01-06 07:10:16.349000+00:00,004, ,, , 
net_fU2b3YwBSd_mrKXNvGZL,fU2b3YwBSd_mrKXNvGZL,2024-01-06 07:10:16.350000+00:00,004, ,, , 
net_f02b3YwBSd_mrKXNvGZL,f02b3YwBSd_mrKXNvGZL,2024-01-06 07:10:16.354000+00:00,004, ,, , 
net_gk2b3YwBSd_mrKXNvGZL,gk2b3YwBSd_mrKXNvGZL,2024-01-06 07:10:16.362000+00:00,004, ,, , 
net_hE2b3YwBSd_mrKXNvGZL,hE2b3YwBSd_mrKXNvGZL,2024-01-06 07:10:16.367000+00:00,004, ,, , 
net_qU2h3YwBSd_mrKXNZWbP,qU2h3YwBSd_mrKXNZWbP,2024-01-06 07:16:20.889000+00:00,004, ,, , 
net_rE2h3YwBSd_mrKXNcmYK,rE2h3YwBSd_mrKXNcmYK,2024-01-06 07:16:32.901000+00:00,004, ,, , 
net_rk2h3YwBSd_mrKXNdWad,rk2h3YwBSd_mrKXNdWad,2024-01-06 07:16:32.942000+00:00,004, ,, , 
net_mk2g3YwBSd_mrKXNUGaE,mk2g3YwBSd_mrKXNUGaE,2024-01-06 07:15:10.802000+00:00,004, ,, , 
net_n02g3YwBSd_mrKXNUGaE,n02g3YwBSd_mrKXNUGaE,2024-01-06 07:15:10.855000+00:00,004, ,, , 
net_oE2g3YwBSd_mrKXNUGaE,oE2g3YwBSd_mrKXNUGaE,2024-01-06 07:15:10.905000+00:00,004, ,, , 
net_oU2g3YwBSd_mrKXNUGaE,oU2g3YwBSd_mrKXNUGaE,2024-01-06 07:15:10.906000+00:00,004, ,, , 
net_p02h3YwBSd_mrKXNBGYY,p02h3YwBSd_mrKXNBGYY,2024-01-06 07:16:00.899000+00:00,004, ,, , 
net_qE2h3YwBSd_mrKXNBGYY,qE2h3YwBSd_mrKXNBGYY,2024-01-06 07:16:00.899000+00:00,004, ,, , 
net_jU2e3YwBSd_mrKXNb2by,jU2e3YwBSd_mrKXNb2by,2024-01-06 07:13:08.567000+00:00,004, ,, , 
net_jk2e3YwBSd_mrKXNb2by,jk2e3YwBSd_mrKXNb2by,2024-01-06 07:13:08.568000+00:00,004, ,, , 
net_kE2e3YwBSd_mrKXN0WZ3,kE2e3YwBSd_mrKXN0WZ3,2024-01-06 07:13:40.593000+00:00,004, ,, , 
net_kk2e3YwBSd_mrKXN3WYt,kk2e3YwBSd_mrKXN3WYt,2024-01-06 07:13:42.700000+00:00,004, ,, , 
net_iU2d3YwBSd_mrKXNI2ag,iU2d3YwBSd_mrKXNI2ag,2024-01-06 07:11:49.417000+00:00,000, ,, , 
net_1U2j3YwBSd_mrKXNvGZI,1U2j3YwBSd_mrKXNvGZI,2024-01-06 07:18:57.084000+00:00,004, ,, , 
net_102j3YwBSd_mrKXNvGZI,102j3YwBSd_mrKXNvGZI,2024-01-06 07:18:57.085000+00:00,004, ,, , 
net_x02i3YwBSd_mrKXN8WYP,x02i3YwBSd_mrKXN8WYP,2024-01-06 07:18:05.010000+00:00,004, ,, , 
net_yE2i3YwBSd_mrKXN8WYQ,yE2i3YwBSd_mrKXN8WYQ,2024-01-06 07:18:05.055000+00:00,004, ,, , 
net_yk2j3YwBSd_mrKXNDGZx,yk2j3YwBSd_mrKXNDGZx,2024-01-06 07:18:17.029000+00:00,004, ,, , 
net_r02h3YwBSd_mrKXNsGY7,r02h3YwBSd_mrKXNsGY7,2024-01-06 07:16:46.920000+00:00,004, ,, , 
net_uE2i3YwBSd_mrKXNBmZO,uE2i3YwBSd_mrKXNBmZO,2024-01-06 07:17:08.994000+00:00,004, ,, , 
net_uU2i3YwBSd_mrKXNBmZO,uU2i3YwBSd_mrKXNBmZO,2024-01-06 07:17:08.994000+00:00,004, ,, , 
net_s02h3YwBSd_mrKXN6mbg,s02h3YwBSd_mrKXN6mbg,2024-01-06 07:16:58.972000+00:00,004, ,, , 
net_tU2h3YwBSd_mrKXN6mbg,tU2h3YwBSd_mrKXN6mbg,2024-01-06 07:17:02.942000+00:00,004, ,, , 
net_wU2i3YwBSd_mrKXNl2Yp,wU2i3YwBSd_mrKXNl2Yp,2024-01-06 07:17:42.978000+00:00,004, ,, , 
net_202j3YwBSd_mrKXN9WYk,202j3YwBSd_mrKXN9WYk,2024-01-06 07:19:17.097000+00:00,004, ,, , 
net_0k2j3YwBSd_mrKXNgWas,0k2j3YwBSd_mrKXNgWas,2024-01-06 07:18:43.103000+00:00,004, ,, , 
net_h02d3YwBSd_mrKXNCWal,h02d3YwBSd_mrKXNCWal,2024-01-06 07:11:41.661000+00:00,000, ,, , 
net_FU223YwBSd_mrKXNEmcS,FU223YwBSd_mrKXNEmcS,2024-01-06 07:39:01.206000+00:00,004, ,, , 
net_GU223YwBSd_mrKXNEmcS,GU223YwBSd_mrKXNEmcS,2024-01-06 07:39:01.212000+00:00,004, ,, , 
net_HE223YwBSd_mrKXNEmcS,HE223YwBSd_mrKXNEmcS,2024-01-06 07:39:01.294000+00:00,004, ,, , 
net_K0223YwBSd_mrKXNEmcS,K0223YwBSd_mrKXNEmcS,2024-01-06 07:39:03.302000+00:00,004, ,, , 
net_LU223YwBSd_mrKXNEmcS,LU223YwBSd_mrKXNEmcS,2024-01-06 07:39:03.303000+00:00,004, ,, , 
net_7U2l3YwBSd_mrKXN02bM,7U2l3YwBSd_mrKXN02bM,2024-01-06 07:21:11.271000+00:00,004, ,, , 
net_702l3YwBSd_mrKXN02bM,702l3YwBSd_mrKXN02bM,2024-01-06 07:21:11.279000+00:00,004, ,, , 
net_8E2l3YwBSd_mrKXN02bM,8E2l3YwBSd_mrKXN02bM,2024-01-06 07:21:11.279000+00:00,004, ,, , 
net_8k2l3YwBSd_mrKXN02bM,8k2l3YwBSd_mrKXN02bM,2024-01-06 07:21:11.295000+00:00,004, ,, , 
net_Mk223YwBSd_mrKXNNWct,Mk223YwBSd_mrKXNNWct,2024-01-06 07:39:13.294000+00:00,004, ,, , 
net_Nk223YwBSd_mrKXNNWct,Nk223YwBSd_mrKXNNWct,2024-01-06 07:39:13.303000+00:00,004, ,, , 
net_N0223YwBSd_mrKXNNWct,N0223YwBSd_mrKXNNWct,2024-01-06 07:39:13.306000+00:00,004, ,, , 
net_Ok223YwBSd_mrKXNOWc0,Ok223YwBSd_mrKXNOWc0,2024-01-06 07:39:13.354000+00:00,004, ,, , 
net_402k3YwBSd_mrKXNTGbn,402k3YwBSd_mrKXNTGbn,2024-01-06 07:19:37.122000+00:00,004, ,, , 
net_CU2w3YwBSd_mrKXNumdI,CU2w3YwBSd_mrKXNumdI,2024-01-06 07:33:12.481000+00:00,004, ,, , 
net_DU2w3YwBSd_mrKXNumdI,DU2w3YwBSd_mrKXNumdI,2024-01-06 07:33:12.492000+00:00,004, ,, , 
net_D02w3YwBSd_mrKXNumdI,D02w3YwBSd_mrKXNumdI,2024-01-06 07:33:12.494000+00:00,004, ,, , 
net_4U2k3YwBSd_mrKXNMWaO,4U2k3YwBSd_mrKXNMWaO,2024-01-06 07:19:27.131000+00:00,004, ,, , 
net_4k2k3YwBSd_mrKXNMWaO,4k2k3YwBSd_mrKXNMWaO,2024-01-06 07:19:27.175000+00:00,004, ,, , 
net_Pk223YwBSd_mrKXN6Gfq,Pk223YwBSd_mrKXN6Gfq,2024-01-06 07:39:57.607000+00:00,004, ,, , 
net_502k3YwBSd_mrKXNh2Z9,502k3YwBSd_mrKXNh2Z9,2024-01-06 07:19:51.183000+00:00,004, ,, , 
net_902r3YwBSd_mrKXNTmae,902r3YwBSd_mrKXNTmae,2024-01-06 07:27:11.718000+00:00,004, ,, , 
net_aE3G3YwBSd_mrKXNLGen,aE3G3YwBSd_mrKXNLGen,2024-01-06 07:56:31.845000+00:00,004, ,,sohaib,root(uid=0)
net_aU3G3YwBSd_mrKXNLGen,aU3G3YwBSd_mrKXNLGen,2024-01-06 07:56:31.845000+00:00,004, ,,sohaib,root
net_ak3G3YwBSd_mrKXNLGen,ak3G3YwBSd_mrKXNLGen,2024-01-06 07:56:31.845000+00:00,004, ,, , 
net_bE3G3YwBSd_mrKXN3Ge0,bE3G3YwBSd_mrKXN3Ge0,2024-01-06 07:57:15.951000+00:00,004, ,, , 
net_ck3G3YwBSd_mrKXN3Ge0,ck3G3YwBSd_mrKXN3Ge0,2024-01-06 07:57:15.978000+00:00,004, ,, , 
net_e03J3YwBSd_mrKXN_mcm,e03J3YwBSd_mrKXN_mcm,2024-01-06 08:00:42.787000+00:00,000, ,, , 
net_fk3K3YwBSd_mrKXNGWdE,fk3K3YwBSd_mrKXNGWdE,2024-01-06 08:00:53.402000+00:00,000, ,, , 
net_f03K3YwBSd_mrKXNU2fZ,f03K3YwBSd_mrKXNU2fZ,2024-01-06 08:01:10.376000+00:00,004, ,, , 
net_hk3M3YwBSd_mrKXNUWeG,hk3M3YwBSd_mrKXNUWeG,2024-01-06 08:03:16.678000+00:00,004, ,, , 
net_jk3P3YwBSd_mrKXNcGfK,jk3P3YwBSd_mrKXNcGfK,2024-01-06 08:06:44.864000+00:00,000, ,, , 
net_j03R3YwBSd_mrKXNp2d5,j03R3YwBSd_mrKXNp2d5,2024-01-06 08:09:02.917000+00:00,004, ,, , 
net_kE3R3YwBSd_mrKXNp2d5,kE3R3YwBSd_mrKXNp2d5,2024-01-06 08:09:02.922000+00:00,004, ,, , 
net_kU3R3YwBSd_mrKXNp2d5,kU3R3YwBSd_mrKXNp2d5,2024-01-06 08:09:02.921000+00:00,004, ,, , 
net_lU3R3YwBSd_mrKXNp2d5,lU3R3YwBSd_mrKXNp2d5,2024-01-06 08:09:02.935000+00:00,004, ,, , 
net_mE3R3YwBSd_mrKXNp2d5,mE3R3YwBSd_mrKXNp2d5,2024-01-06 08:09:02.940000+00:00,004, ,, , 
net_m03R3YwBSd_mrKXNp2d5,m03R3YwBSd_mrKXNp2d5,2024-01-06 08:09:02.947000+00:00,004, ,, , 
net_nk3R3YwBSd_mrKXNp2d5,nk3R3YwBSd_mrKXNp2d5,2024-01-06 08:09:02.954000+00:00,004, ,, , 
net_pE3R3YwBSd_mrKXNp2d5,pE3R3YwBSd_mrKXNp2d5,2024-01-06 08:09:02.964000+00:00,004, ,, , 
net_pU3R3YwBSd_mrKXNp2d5,pU3R3YwBSd_mrKXNp2d5,2024-01-06 08:09:02.964000+00:00,004, ,, , 
net_qU063owBSd_mrKXNNWe6,qU063owBSd_mrKXNNWe6,2024-01-06 10:03:20.054000+00:00,000, ,, , 
net_rE063owBSd_mrKXNNWe6,rE063owBSd_mrKXNNWe6,2024-01-06 10:03:23.415000+00:00,004, ,, , 
net_s0063owBSd_mrKXNNWe6,s0063owBSd_mrKXNNWe6,2024-01-06 10:03:23.439000+00:00,004, ,, , 
net_vU063owBSd_mrKXNNWe6,vU063owBSd_mrKXNNWe6,2024-01-06 10:03:23.490000+00:00,004, ,, , 
net_wk063owBSd_mrKXNNWe6,wk063owBSd_mrKXNNWe6,2024-01-06 10:03:23.503000+00:00,004, ,, , 
net_xU063owBSd_mrKXNNWe6,xU063owBSd_mrKXNNWe6,2024-01-06 10:03:23.510000+00:00,004, ,, , 
net_yk063owBSd_mrKXNNWe6,yk063owBSd_mrKXNNWe6,2024-01-06 10:03:23.518000+00:00,004, ,, , 
net_zk063owBSd_mrKXNNWe6,zk063owBSd_mrKXNNWe6,2024-01-06 10:03:23.564000+00:00,004, ,, , 
net_W03B3YwBSd_mrKXNSmfz,W03B3YwBSd_mrKXNSmfz,2024-01-06 07:51:13.126000+00:00,004, ,, , 
net_XU3B3YwBSd_mrKXNSmfz,XU3B3YwBSd_mrKXNSmfz,2024-01-06 07:51:15.120000+00:00,004, ,, , 
net_Xk3B3YwBSd_mrKXNSmfz,Xk3B3YwBSd_mrKXNSmfz,2024-01-06 07:51:15.122000+00:00,004, ,, , 
net_X03B3YwBSd_mrKXNSmfz,X03B3YwBSd_mrKXNSmfz,2024-01-06 07:51:15.150000+00:00,004, ,, , 
net_Yk3B3YwBSd_mrKXNSmfz,Yk3B3YwBSd_mrKXNSmfz,2024-01-06 07:51:15.186000+00:00,004, ,, , 
net_Y03B3YwBSd_mrKXNSmfz,Y03B3YwBSd_mrKXNSmfz,2024-01-06 07:51:15.188000+00:00,004, ,, , 
net_ZE3B3YwBSd_mrKXNSmfz,ZE3B3YwBSd_mrKXNSmfz,2024-01-06 07:51:15.190000+00:00,004, ,, , 
net_T02-3YwBSd_mrKXNd2fh,T02-3YwBSd_mrKXNd2fh,2024-01-06 07:48:06.701000+00:00,004, ,, , 
net_UE2-3YwBSd_mrKXNd2fh,UE2-3YwBSd_mrKXNd2fh,2024-01-06 07:48:10.658000+00:00,004, ,,sohaib,root
net_U02_3YwBSd_mrKXNAGd1,U02_3YwBSd_mrKXNAGd1,2024-01-06 07:48:46.869000+00:00,004, ,,sohaib,root(uid=0)
net_VU2_3YwBSd_mrKXNAGd1,VU2_3YwBSd_mrKXNAGd1,2024-01-06 07:48:46.914000+00:00,004, ,, , 
net_R0273YwBSd_mrKXNy2fZ,R0273YwBSd_mrKXNy2fZ,2024-01-06 07:45:14.391000+00:00,004, ,, , 
net_SE273YwBSd_mrKXNy2fZ,SE273YwBSd_mrKXNy2fZ,2024-01-06 07:45:14.391000+00:00,004, ,, , 
net_TE273YwBSd_mrKXNy2fZ,TE273YwBSd_mrKXNy2fZ,2024-01-06 07:45:14.402000+00:00,004, ,, , 
net_Vk2_3YwBSd_mrKXN_meH,Vk2_3YwBSd_mrKXN_meH,2024-01-06 07:49:46.980000+00:00,004, ,, , 
